site,product_id,gender,category,brand,name,price,MRP,discount%,rating,rating_count,color,image_url,product_url
myntra,28542904,Men,T-Shirts,RARE RABBIT,RARE RABBIT Men Plain Spread Collar Half Sleeve Cotton Regular Fit Polo T-Shirt,1848,3699,50,4.4,1754,Navy Blue,https://assets.myntassets.com/assets/images/28542904/2024/3/27/4a67679e-ecbe-4450-b6ae-118dadd3575d1711552636590RARERABBITMenPoloCollarPocketsT-shirt1.jpg,https://www.myntra.com/tshirts/rare+rabbit/rare-rabbit-men-plain-spread-collar-half-sleeve-cotton-regular-fit-polo-t-shirt/28542904/buy
myntra,39010348,Men,T-Shirts,H&M,H&M 3-Pack Regular Fit T-Shirts,1499,1499,,4.3,2954,White,https://assets.myntassets.com/assets/images/2025/DECEMBER/28/BZeDzGLu_5454a384d1d44a82b27076bb46ea37c3.jpg,https://www.myntra.com/tshirts/h%26m/hm-3-pack-regular-fit-t-shirts/39010348/buy
myntra,32193183,Men,T-Shirts,CAHOOT,CAHOOT Men Solid Polo Collar Cotton T-shirt,679,1699,60,4.4,29962,Black,https://assets.myntassets.com/assets/images/32193183/2025/1/3/20101921-9818-4aa6-be47-d4ea96af4ec51735885407991CampusSutraMenStripedPoloCollarPocketsT-shirt1.jpg,https://www.myntra.com/tshirts/cahoot/cahoot-men-solid-polo-collar-cotton-t-shirt/32193183/buy
myntra,23083566,Men,T-Shirts,Louis Philippe Jeans,Men Slim Fit Collar Tipping & Arm Branding Half Sleeve Casual Tshirt,989,1499,34,4.5,35856,Burgundy,https://assets.myntassets.com/assets/images/2026/MARCH/4/5X8QlmDt_cae6ecc375bf4a8a996436ae7f6abcaf.jpg,https://www.myntra.com/tshirts/louis+philippe+jeans/men-slim-fit-collar-tipping--arm-branding-half-sleeve-casual-tshirt/23083566/buy
myntra,24515202,Men,T-Shirts,Louis Philippe Jeans,Men Slim Fit Collar Tipping & Arm Branding Half Sleeve Casual Tshirt,1004,1499,33,4.5,3834,White,https://assets.myntassets.com/assets/images/2026/FEBRUARY/4/g4MXY7Si_4914cef792b6426e9d35b50239a0cf3d.jpg,https://www.myntra.com/tshirts/louis+philippe+jeans/men-slim-fit-collar-tipping--arm-branding-half-sleeve-casual-tshirt/24515202/buy
myntra,24515206,Men,T-Shirts,Louis Philippe Jeans,Men Slim Fit Collar Tipping & Arm Branding Half Sleeve Casual Tshirt,929,1499,38,4.4,1808,Brown,https://assets.myntassets.com/assets/images/2026/MARCH/17/9kX9QjoQ_f779bdfa59694a9592b359c832307e6f.jpg,https://www.myntra.com/tshirts/louis+philippe+jeans/men-slim-fit-collar-tipping--arm-branding-half-sleeve-casual-tshirt/24515206/buy
myntra,34357526,Men,T-Shirts,Puma,Puma Men ESS ELEVATED Slim Fit Polo Collar T-shirt,1079,1499,28,4.4,3612,Black,https://assets.myntassets.com/assets/images/34357526/2025/6/19/81c2aae8-37e2-4353-8eea-18abb927d6801750331708549-PUMA-ESS-ELEVATED-Mens-Polo-5281750331708066-1.jpg,https://www.myntra.com/tshirts/puma/puma-men-ess-elevated-slim-fit-polo-collar-t-shirt/34357526/buy
myntra,23083570,Men,T-Shirts,Louis Philippe Jeans,Men Slim Fit Collar Tipping & Arm Branding Half Sleeve Casual Tshirt,944,1499,37,4.5,35856,Rust,https://assets.myntassets.com/assets/images/2026/FEBRUARY/4/HLXvQaCg_870d69830b944164b1c3f059aea6f0e5.jpg,https://www.myntra.com/tshirts/louis+philippe+jeans/men-slim-fit-collar-tipping--arm-branding-half-sleeve-casual-tshirt/23083570/buy
myntra,23083554,Men,T-Shirts,Louis Philippe Jeans,Men Slim Fit Shoulder Color Block Half Sleeve Casual Tshirt,1379,1999,31,4.5,6138,White,https://assets.myntassets.com/assets/images/2026/MARCH/17/6YxlC26C_195bb9a278d747c7ab667d575801b766.jpg,https://www.myntra.com/tshirts/louis+philippe+jeans/men-slim-fit-shoulder-color-block-half-sleeve-casual-tshirt/23083554/buy
myntra,23083552,Men,T-Shirts,Louis Philippe Jeans,Men Slim Fit Collar Tipping & Arm Branding Half Sleeve Tshirt,914,1499,39,4.5,35856,Green,https://assets.myntassets.com/assets/images/2026/MARCH/4/Y69Gm8wZ_6c4548a089904ae681aa611b2b220f47.jpg,https://www.myntra.com/tshirts/louis+philippe+jeans/men-slim-fit-collar-tipping--arm-branding-half-sleeve-tshirt/23083552/buy
myntra,23083544,Men,T-Shirts,Louis Philippe Jeans,Men Slim Fit Collar Tipping & Arm Branding Half Sleeve Casual Tshirt,1019,1499,32,4.5,35856,Black,https://assets.myntassets.com/assets/images/2026/MARCH/17/dbgjTt6X_895e6f815e9746a3a8522a0c21a49e07.jpg,https://www.myntra.com/tshirts/louis+philippe+jeans/men-slim-fit-collar-tipping--arm-branding-half-sleeve-casual-tshirt/23083544/buy
myntra,23669086,Men,T-Shirts,RARE RABBIT,RARE RABBIT Men Plain Spread Collar Half Sleeve Cotton Regular Fit Polo T-Shirt,1749,3499,50,4.2,7479,Green,https://assets.myntassets.com/assets/images/23669086/2023/6/17/97aa8314-0789-40f3-9fe6-a8a146bc638c1687016966366RARERABBITMenGreenPoloCollarPocketsSlimFitT-shirt1.jpg,https://www.myntra.com/tshirts/rare+rabbit/rare-rabbit-men-plain-spread-collar-half-sleeve-cotton-regular-fit-polo-t-shirt/23669086/buy
myntra,32193190,Men,T-Shirts,CAHOOT,CAHOOT Men Self Design Polo Collar Cotton T-shirt,679,1699,60,4.4,29962,Beige,https://assets.myntassets.com/assets/images/32193190/2025/1/3/bd706895-7318-492b-b806-d06cc5c54f3d1735885430122CampusSutraMenStripedPoloCollarT-shirt1.jpg,https://www.myntra.com/tshirts/cahoot/cahoot-men-self-design-polo-collar-cotton-t-shirt/32193190/buy
myntra,23083542,Men,T-Shirts,Louis Philippe Jeans,Men Slim Fit Collar Tipping & Arm Branding Half Sleeve Tshirt,959,1499,36,4.5,35856,Blue,https://assets.myntassets.com/assets/images/23083542/2023/5/26/f6e37b38-7c80-49fa-be93-a97ce32448e21685086203020-Louis-Philippe-Jeans-Men-Tshirts-6191685086202595-1.jpg,https://www.myntra.com/tshirts/louis+philippe+jeans/men-slim-fit-collar-tipping--arm-branding-half-sleeve-tshirt/23083542/buy
myntra,34373739,Men,T-Shirts,The Souled Store,The Souled Store Men Oversized Fit Printed Navy Blue T-Shirts,1499,1499,,4.6,2764,Navy Blue,https://assets.myntassets.com/assets/images/2025/MAY/22/s5fwfX5A_df567df53bbb4cadba97f219095f0b91d.jpg,https://www.myntra.com/tshirts/the+souled+store/the-souled-store-men-oversized-fit-printed-navy-blue-t-shirts/34373739/buy
myntra,23083562,Men,T-Shirts,Louis Philippe Jeans,Men Slim Fit Cut & Sew Color Block Shoulder Half Sleeve Casual Tshirt,1379,1999,31,4.5,6138,Pink,https://assets.myntassets.com/assets/images/2026/MARCH/17/zHP4753P_ccaf529da5224f418bcf4b1e306c490c.jpg,https://www.myntra.com/tshirts/louis+philippe+jeans/men-slim-fit-cut--sew-color-block-shoulder-half-sleeve-casual-tshirt/23083562/buy
myntra,30617654,Men,T-Shirts,ADIDAS,ADIDAS M Logo 3-Stripes Printed Training T-shirt,863,1199,28,4.5,1230,Navy Blue,https://assets.myntassets.com/assets/images/30617654/2024/11/6/2f463c66-9fec-4e33-a008-7109863fbaf71730877639693-ADIDAS-Men-Tshirts-3041730877639304-1.jpg,https://www.myntra.com/tshirts/adidas/adidas-m-logo-3-stripes-printed-training-t-shirt/30617654/buy
myntra,45135531,Men,T-Shirts,Nike,Nike Men Barcelona Striped Dri-FIT T-shirt,5095,5095,,4.7,58,Red,https://assets.myntassets.com/assets/images/2026/AUGUST/10/eZkE7PsD_1be6d39af4594ce59d814b183593cb82.jpg,https://www.myntra.com/tshirts/nike/nike-men-barcelona-striped-dri-fit-t-shirt/45135531/buy
myntra,24314800,Men,T-Shirts,DAMENSCH,DAMENSCH Solid Textured Polo T-Shirts,999,1499,33.4,4.2,9897,Maroon,https://assets.myntassets.com/assets/images/24314800/2025/4/3/570ad01d-748d-41b3-9547-7ce916cfd04e1743691354497-DAMENSCH-Solid-Textured-Polo-T-Shirts-8611743691353918-1.jpg,https://www.myntra.com/tshirts/damensch/damensch-solid-textured-polo-t-shirts/24314800/buy
myntra,32421223,Men,T-Shirts,Moda Rapido,Moda Rapido Men Polo Collar T-shirt,361,999,63.9,4.2,74550,Coffee Brown,https://assets.myntassets.com/assets/images/32421223/2025/1/28/cb679d46-9722-41a8-97fd-6d6c70663b861738048447959-Moda-Rapido-Mens-Polo-T-shirt-Regular-fit-Short-Sleeve-64517-1.jpg,https://www.myntra.com/tshirts/moda+rapido/moda-rapido-men-polo-collar-t-shirt/32421223/buy
myntra,38047340,Men,T-Shirts,FUGAZEE,FUGAZEE Men Henley Neck T-shirt,1099,2499,56,4.2,2066,Black,https://assets.myntassets.com/assets/images/2025/NOVEMBER/18/Vy3f6otN_8ba2964115b64eb5b42f83b67968dc91.jpg,https://www.myntra.com/tshirts/fugazee/fugazee-men-henley-neck-t-shirt/38047340/buy
myntra,32193132,Men,T-Shirts,CAHOOT,CAHOOT Men Self Design Polo Collar Cotton T-shirt,679,1699,60,4.4,29962,White,https://assets.myntassets.com/assets/images/32193132/2025/1/3/8243634c-0c19-4a5a-890e-aa808dbe19e51735884731052CampusSutraMenStripedPoloCollarRawEdgeT-shirt1.jpg,https://www.myntra.com/tshirts/cahoot/cahoot-men-self-design-polo-collar-cotton-t-shirt/32193132/buy
myntra,25758656,Men,T-Shirts,Levis,Levis Polo Collar Pure Cotton T-shirt,1308,1699,23,4.4,1252,Olive,https://assets.myntassets.com/assets/images/25758656/2024/2/27/69ed6d0b-da41-442b-8d20-05ee0884ae1f1709031504682-Levis-Men-Tshirts-6331709031504320-1.jpg,https://www.myntra.com/tshirts/levis/levis-polo-collar-pure-cotton-t-shirt/25758656/buy
myntra,36173849,Men,T-Shirts,H&M,H&M Pure Cotton Regular Fit Round-Neck T-shirt,499,499,,4.3,81272,Brown,https://assets.myntassets.com/assets/images/2026/JANUARY/9/fy5pSS0a_045469932d7d4316907fe3e0830beee0.jpg,https://www.myntra.com/tshirts/h%26m/hm-pure-cotton-regular-fit-round-neck-t-shirt/36173849/buy
myntra,34357496,Men,T-Shirts,Puma,Puma Men PERFORMANCE SS Drycell Training or Gym Sports T-shirt,719,999,28,4.5,4457,White,https://assets.myntassets.com/assets/images/34357496/2025/5/30/285918aa-3f08-44e6-bda7-0888aa02dde21748585945532-PUMA-PERFORMANCE-SS-Mens-Tee-4901748585945089-1.jpg,https://www.myntra.com/tshirts/puma/puma-men-performance-ss-drycell-training-or-gym-sports-t-shirt/34357496/buy
myntra,31048096,Men,T-Shirts,ADIDAS,ADIDAS 3-Striped Polo Monochrome T-shirt,1079,1499,28,4.4,920,Black,https://assets.myntassets.com/assets/images/31048096/2025/4/25/c86d2e5a-4b3e-4be2-91b5-f588fff758a71745584650577-ADIDAS-Men-Striped-Polo-Collar-Monochrome-T-shirt-4471745584-1.jpg,https://www.myntra.com/tshirts/adidas/adidas-3-striped-polo-monochrome-t-shirt/31048096/buy
myntra,25907038,Men,T-Shirts,Snitch,Snitch Blue Self Design Slim Fit Pure Cotton T-shirt,1127,2398,53,4.4,1905,Blue,https://assets.myntassets.com/assets/images/25907038/2023/11/16/74500f80-768a-4d17-bac1-ce6ce78909901700144349810SnitchMenBluePoloCollarSlimFitT-shirt1.jpg,https://www.myntra.com/tshirts/snitch/snitch-blue-self-design-slim-fit-pure-cotton-t-shirt/25907038/buy
myntra,42921151,Men,T-Shirts,Netclick,Netclick Men Henley Neck T-shirt,393,1999,80.3,4.0,1899,Black,https://assets.myntassets.com/assets/images/2026/JUNE/8/kC6dhQ5m_985e05f4b2a84c9da84e04595dc31290.jpg,https://www.myntra.com/tshirts/netclick/netclick-men-henley-neck-t-shirt/42921151/buy
myntra,31348232,Men,T-Shirts,Snitch,Snitch Men Self Design Polo Collar Cotton T-shirt,1287,2798,54,4.5,1086,Black,https://assets.myntassets.com/assets/images/2024/OCTOBER/18/yp5nLyC6_0b3df65e27c147158423e6534abdd86e.jpg,https://www.myntra.com/tshirts/snitch/snitch-men-self-design-polo-collar-cotton-t-shirt/31348232/buy
myntra,41341474,Men,T-Shirts,THE BEETEL HOUSE,THE BEETEL HOUSE Men Colourblocked Polo Collar T-shirt,311,1499,79.3,3.8,7899,Black,https://assets.myntassets.com/assets/images/2026/APRIL/13/FVc2ztB1_d369f36edea54b8ab5a533b597ba6478.jpg,https://www.myntra.com/tshirts/the+beetel+house/the-beetel-house-men-colourblocked-polo-collar-t-shirt/41341474/buy
myntra,30618976,Men,T-Shirts,ADIDAS,ADIDAS Aeroready 3-Striped Logo T-shirt,875,1199,27,4.4,1654,Black,https://assets.myntassets.com/assets/images/30618976/2024/11/14/98f9b573-e61a-4291-a07c-bc09d209e09a1731577686210-ADIDAS-Men-Tshirts-241731577685829-1.jpg,https://www.myntra.com/tshirts/adidas/adidas-aeroready-3-striped-logo-t-shirt/30618976/buy
myntra,21774268,Men,T-Shirts,HRX by Hrithik Roshan,HRX by Hrithik Roshan Typography Printed Raglan Sleeves Rapid-Dry Training T-shirt,329,899,63.4,4.4,1719,Maroon,https://assets.myntassets.com/assets/images/2026/JULY/17/CPM52OIX_35ce06a42b9b42d4994e046dd45e98b6.jpg,https://www.myntra.com/tshirts/hrx+by+hrithik+roshan/hrx-by-hrithik-roshan-typography-printed-raglan-sleeves-rapid-dry-training-t-shirt/21774268/buy
myntra,34357512,Men,T-Shirts,Puma,Puma Men PERFORMANCE SS Drycell Training or Gym Sports T-shirt,719,999,28,4.5,4457,Blue,https://assets.myntassets.com/assets/images/34357512/2025/5/30/305f36f6-96ff-47da-9982-b4150dc0ae501748584554018-PUMA-PERFORMANCE-SS-Mens-Tee-1771748584553560-1.jpg,https://www.myntra.com/tshirts/puma/puma-men-performance-ss-drycell-training-or-gym-sports-t-shirt/34357512/buy
myntra,26934082,Women,T-Shirts,U.S. Polo Assn. Women,U.S. Polo Assn. Women Polo Collar Short Sleeves T-shirt,869,1749,50.3,4.5,924,Blue,https://assets.myntassets.com/assets/images/26934082/2025/6/7/b221f234-faa8-4160-a285-5e97109dd6501749305064399-US-Polo-Assn-Women-Polo-Collar-Short-Sleeves-T-shirt-4301749-1.jpg,https://www.myntra.com/tshirts/u.s.+polo+assn.+women/us-polo-assn-women-polo-collar-short-sleeves-t-shirt/26934082/buy
myntra,34357434,Men,T-Shirts,Puma,Puma Men PERFORMANCE SS Drycell Training or Gym Sports T-shirt,749,999,25,4.5,4457,Maroon,https://assets.myntassets.com/assets/images/34357434/2025/5/30/6c4adf3f-0c46-42d2-aaf7-5757821e18cb1748584889082-PUMA-PERFORMANCE-SS-Mens-Tee-9521748584888592-1.jpg,https://www.myntra.com/tshirts/puma/puma-men-performance-ss-drycell-training-or-gym-sports-t-shirt/34357434/buy
myntra,44376279,Men,T-Shirts,HRX by Hrithik Roshan,HRX by Hrithik Roshan Men Printed Gym T-Shirt,499,1699,70.6,4.1,353,Grey,https://assets.myntassets.com/assets/images/2026/JULY/18/XZb4y1cw_216cce8ce9554d26ba4ccd97afee32f7.jpg,https://www.myntra.com/tshirts/hrx+by+hrithik+roshan/hrx-by-hrithik-roshan-men-printed-gym-t-shirt/44376279/buy
myntra,38172955,Women,T-Shirts,Crazymonk,Crazymonk Women Printed T-shirt,451,1499,69.9,4.5,567,Multi,https://assets.myntassets.com/assets/images/2025/DECEMBER/25/fcB5vfTY_47441522614a44ffacbb71389755f495.jpg,https://www.myntra.com/tshirts/crazymonk/crazymonk-women-printed-t-shirt/38172955/buy
myntra,24095858,Men,T-Shirts,French Connection,French Connection Polo Collar Pure Cotton T-shirt,665,1799,63,4.3,909,Black,https://assets.myntassets.com/assets/images/24095858/2023/12/27/2561a21b-5b76-4d96-a24b-2e15eb52e22e1703676967444-French-Connection-Men-Tshirts-8701703676967037-1.jpg,https://www.myntra.com/tshirts/french+connection/french-connection--polo-collar-pure-cotton-t-shirt/24095858/buy
myntra,40672199,Women,T-Shirts,DILLINGER,DILLINGER Women Short Sleeve Printed Oversized Fit Tshirt,503,1399,64,4.4,1287,Pink,https://assets.myntassets.com/assets/images/2026/MARCH/23/FbbLXcZc_18e5b678e654a257a9edad0be684f4ab.jpg,https://www.myntra.com/tshirts/dillinger/dillinger-women-short-sleeve-printed-oversized-fit-tshirt/40672199/buy
myntra,35840599,Men,T-Shirts,ADIDAS,ADIDAS 3-Stripes Pure Cotton T-shirt,1021,1399,27,4.6,805,Black,https://assets.myntassets.com/assets/images/35840599/2025/8/5/3c2a2901-981e-4d5b-a098-b565f8073c281754384762725-ADIDAS-Men-Tshirts-6021754384762283-1.jpg,https://www.myntra.com/tshirts/adidas/adidas-3-stripes-pure-cotton-t-shirt/35840599/buy
myntra,23083558,Men,T-Shirts,Louis Philippe Jeans,Men Slim Fit Collar Tipping & Arm Branding Half Sleeve Casual Tshirt,1019,1499,32,4.5,35856,Navy Blue,https://assets.myntassets.com/assets/images/2024/DECEMBER/31/hZ28VHTS_9920eaf3a0a9422d88447450ea42b5d5.jpg,https://www.myntra.com/tshirts/louis+philippe+jeans/men-slim-fit-collar-tipping--arm-branding-half-sleeve-casual-tshirt/23083558/buy
myntra,41553644,Women,T-Shirts,ADIDAS,ADIDAS Women Brand Logo T-shirt,2219,2999,26,,,Pink,https://assets.myntassets.com/assets/images/2026/SEPTEMBER/4/ae7bb11ac2894afb8f5ae2c9dbebcbb0.jpg,https://www.myntra.com/tshirts/adidas/adidas-women-brand-logo-t-shirt/41553644/buy
myntra,34357522,Men,T-Shirts,Puma,Puma Men ESS ELEVATED Polo Collar Slim Fit T-shirt,1079,1499,28,4.4,3612,White,https://assets.myntassets.com/assets/images/34357522/2025/6/3/47ccfdaf-8741-45fc-8e50-f7561973d1741748941386301-PUMA-ESS-ELEVATED-Mens-Polo-4931748941385873-1.jpg,https://www.myntra.com/tshirts/puma/puma-men-ess-elevated-polo-collar-slim-fit-t-shirt/34357522/buy
myntra,35840604,Men,T-Shirts,ADIDAS,ADIDAS 3-Stripes Pure Cotton T-shirt,1007,1399,28,4.3,570,White,https://assets.myntassets.com/assets/images/2025/AUGUST/8/haSR8vi2_e274b9bf9ce04f3d92e7c46dbb847c84.jpg,https://www.myntra.com/tshirts/adidas/adidas-3-stripes-pure-cotton-t-shirt/35840604/buy
myntra,35842462,Women,T-Shirts,U.S. Polo Assn. Women,U.S. Polo Assn. Women Polo Collar Cotton T-shirt,834,1499,44.4,4.5,273,Orange,https://assets.myntassets.com/assets/images/35842462/2025/7/30/e5357bb0-4a3a-983d-b09cf18caac21753876927388-US-Polo-Assn-Women-Polo-Collar-Cotton-T-shirt-90175387692701-1.jpg,https://www.myntra.com/tshirts/u.s.+polo+assn.+women/us-polo-assn-women-polo-collar-cotton-t-shirt/35842462/buy
myntra,44940792,Women,T-Shirts,H&M,H&M Women Typography Printed T-shirt,799,799,,4.5,4313,Red,https://assets.myntassets.com/assets/images/2026/AUGUST/4/kzjpKt22_d85ed3d925c443b0be9aaddcce13b4ea.jpg,https://www.myntra.com/tshirts/h%26m/hm-women-typography-printed-t-shirt/44940792/buy
myntra,36674100,Men,T-Shirts,Puma,Puma Men Essential Elevated Brand Logo Printed Pure Cotton T-shirt,1331,1799,26,4.3,646,Black,https://assets.myntassets.com/assets/images/2025/SEPTEMBER/5/18q7NBcM_2834f9d87cd64e81aa72bcd159937c3c.jpg,https://www.myntra.com/tshirts/puma/puma-men-essential-elevated-brand-logo-printed-pure-cotton-t-shirt/36674100/buy
myntra,33715226,Men,T-Shirts,Snitch,Snitch Graphic Blended Polo Collar Short Sleeves Slim Fit T-shirt,1323,3078,57,4.6,484,Off White,https://assets.myntassets.com/assets/images/2025/APRIL/21/YQqdOVUf_6c593c744a0448aca61252bee836a9fa.jpg,https://www.myntra.com/tshirts/snitch/snitch-graphic-blended-polo-collar-short-sleeves-slim-fit-t-shirt/33715226/buy
myntra,36675887,Men,T-Shirts,Aeropostale,Aeropostale Oversized Fit Textured Striped Colourblocked T-shirt,1013,2599,61,4.6,80,Blue,https://assets.myntassets.com/assets/images/2025/SEPTEMBER/29/67ImjjML_099365c25c0148d9847cc03712a7c3f2.jpg,https://www.myntra.com/tshirts/aeropostale/aeropostale-oversized-fit-textured-striped-colourblocked-t-shirt/36675887/buy
myntra,42281181,Men,T-Shirts,Imsa Moda,Imsa Moda Men Henley Neck T-shirt,351,1999,82.4,4.2,7759,Charcoal,https://assets.myntassets.com/assets/images/2026/MAY/18/Tz6Mtni8_cd1527ec13d6429dab9e2684bc7f6a98.jpg,https://www.myntra.com/tshirts/imsa+moda/imsa-moda-men-henley-neck-t-shirt/42281181/buy
myntra,12848654,Men,Shirts,Louis Philippe Jeans,Men Slim Fit Over Dyed Soft Handfeel Full Sleeve Casual Shirt,1379,1999,31,4.3,18864,White,https://assets.myntassets.com/assets/images/2026/JANUARY/8/ydEXlJbx_4f2b31af3a4540c9b0a107ca40e78b15.jpg,https://www.myntra.com/shirts/louis+philippe+jeans/men-slim-fit-over-dyed-soft-handfeel-full-sleeve-casual-shirt/12848654/buy
myntra,14195386,Men,Shirts,Louis Philippe Jeans,Men Slim Fit Over Dyed Soft Handfeel Full Sleeve Casual Shirt,1379,1999,31,4.3,18701,Black,https://assets.myntassets.com/assets/images/2026/JUNE/12/xy95fzLt_58fef049cbf84a589018198d7c078e79.jpg,https://www.myntra.com/shirts/louis+philippe+jeans/men-slim-fit-over-dyed-soft-handfeel-full-sleeve-casual-shirt/14195386/buy
myntra,24149588,Men,Shirts,RARE RABBIT,RARE RABBIT Men Melfi Brown Slim Fit Tartan Check Cotton Shirt,1999,3999,50,4.4,3252,Teal,https://assets.myntassets.com/assets/images/24149588/2023/7/23/3c7e24e6-2a40-4d08-9b7c-d58385e9b7d61690067494960Shirts1.jpg,https://www.myntra.com/shirts/rare+rabbit/rare-rabbit-men-melfi-brown-slim-fit-tartan-check-cotton-shirt/24149588/buy
myntra,23433406,Men,Shirts,RARE RABBIT,RARE RABBIT Men Veniziaa Textured Slim Fit Cotton Shirt,1999,3999,50,4.5,2199,Brown,https://assets.myntassets.com/assets/images/23433406/2024/3/28/8b4cd0fd-fe6c-46ce-960e-5e1e96912d9a1711623458987-RARE-RABBIT-Men-Veniziaa-Textured-Slim-Fit-Cotton-Shirt-6871-11.jpg,https://www.myntra.com/shirts/rare+rabbit/rare-rabbit-men-veniziaa-textured-slim-fit-cotton-shirt/23433406/buy
myntra,42005719,Men,Shirts,R.Code by The Roadster Life Co.,R.Code by The Roadster Life Co. Men Standard Striped Casual Shirt,551,2699,79.6,4.0,4341,Blue,https://assets.myntassets.com/assets/images/2026/MAY/9/6poc5D1c_f7b83268ab5745fea02a3946459a9ae59.jpg,https://www.myntra.com/shirts/r.code+by+the+roadster+life+co./rcode-by-the-roadster-life-co-men-standard-striped-casual-shirt/42005719/buy
myntra,31472271,Men,Shirts,CAHOOT,CAHOOT Men Comfort Opaque Checked Casual Shirt,1199,1999,40,3.9,5816,Multi,https://assets.myntassets.com/assets/images/31472271/2025/2/21/7cbe9410-a9b3-460c-adeb-f17b4546eedc1740148775321-Campus-Sutra-Men-Comfort-Opaque-Checked-Casual-Shirt-8181740-1.jpg,https://www.myntra.com/shirts/cahoot/cahoot-men-comfort-opaque-checked-casual-shirt/31472271/buy
myntra,37851504,Men,Shirts,Roadster,The Roadster Life Co. Printed Pure Cotton Relaxed Fit Shirt,966,2199,56.1,4.2,3642,Red,https://assets.myntassets.com/assets/images/2025/NOVEMBER/19/22UtRrDj_367808526f604fe98a52741c11ff1e69.jpg,https://www.myntra.com/shirts/roadster/the-roadster-life-co-printed-pure-cotton-relaxed-fit-shirt/37851504/buy
myntra,12848630,Men,Shirts,Louis Philippe Jeans,Men Slim Fit Over Dyed Soft Handfeel Full Sleeve Casual Shirt,1339,1999,33,4.3,18726,Yellow,https://assets.myntassets.com/assets/images/2026/MARCH/17/J4Cvb2s9_49352505dde5474897be3e01a6ccb2b3.jpg,https://www.myntra.com/shirts/louis+philippe+jeans/men-slim-fit-over-dyed-soft-handfeel-full-sleeve-casual-shirt/12848630/buy
myntra,25983620,Men,Shirts,THE BEAR HOUSE,THE BEAR HOUSE Men Windowpane Checked Slim Fit Cotton Linen Shirt,1403,2599,46,4.4,2620,Blue,https://assets.myntassets.com/assets/images/25983620/2023/11/22/da573291-05ba-4fda-b3d6-625a4eb0edf11700629384045THEBEARHOUSEMenBlueSlimFitWindowpaneChecksCheckedCasualShirt1.jpg,https://www.myntra.com/shirts/the+bear+house/the-bear-house-men-windowpane-checked-slim-fit-cotton-linen-shirt/25983620/buy
myntra,30498936,Men,Shirts,H&M,H&M Slim Fit Easy-Iron Shirt,1499,1499,,4.3,10618,Black,https://assets.myntassets.com/assets/images/2026/APRIL/30/X7oUX7hE_b13a5c8f15334ab48bc59f2f8666776e.jpg,https://www.myntra.com/shirts/h%26m/-hm-slim-fit-easy-iron-shirt/30498936/buy
myntra,35666116,Men,Shirts,Levis,Levis Slim Fit Striped Pure Cotton Casual Shirt,1823,2399,24,4.5,505,White,https://assets.myntassets.com/assets/images/35666116/2025/7/29/6796396f-0d9a-456b-a039-7acfa23680251753781549940-Levis-Men-Shirts-6091753781549505-1.jpg,https://www.myntra.com/shirts/levis/levis-slim-fit-striped-pure-cotton-casual-shirt/35666116/buy
myntra,31118543,Men,Shirts,Snitch,Snitch Men Smart Spread Collar Solid Casual Shirt,599,2198,72.7,4.2,466,Navy Blue,https://assets.myntassets.com/assets/images/2024/SEPTEMBER/25/Ew8TO31G_8af06d95838746c0a8851871735f2f37.jpg,https://www.myntra.com/shirts/snitch/snitch-men-smart-spread-collar-solid-casual-shirt/31118543/buy
myntra,24108006,Men,Shirts,Snitch,Snitch White Classic Slim Fit Vertical Striped Cotton Casual Shirt,999,1998,50,4.4,12644,White,https://assets.myntassets.com/assets/images/24108006/2023/11/30/7053b6de-4ab4-42bf-82dd-f9df3381f42e1701343016769SnitchMenWhiteClassicSlimFitOpaqueStripedCasualShirt1.jpg,https://www.myntra.com/shirts/snitch/snitch-white-classic-slim-fit-vertical-striped-cotton-casual-shirt/24108006/buy
myntra,40839255,Women,Shirts,Femibazaar,Femibazaar Women Relaxed Casual Shirt,485,1599,69.7,4.0,677,Yellow,https://assets.myntassets.com/assets/images/2026/MARCH/23/HmNAtyHb_0a43b703549249ec95d85b846c526b7f.jpg,https://www.myntra.com/shirts/femibazaar/femibazaar-women-relaxed-casual-shirt/40839255/buy
myntra,23433420,Men,Shirts,RARE RABBIT,RARE RABBIT Men Santhe Slim Fit Checked Cotton Shirt,2078,3999,48,4.4,5809,Maroon,https://assets.myntassets.com/assets/images/23433420/2023/5/26/0e98e41d-acb6-492c-a98d-9160465d1f691685120787215RARERABBITMenMaroonSlimFitOpaqueCheckedCasualShirt1.jpg,https://www.myntra.com/shirts/rare+rabbit/rare-rabbit-men-santhe-slim-fit-checked-cotton-shirt/23433420/buy
myntra,36865122,Men,Shirts,H&M,H&M Regular Fit Oxford Shirt,1799,1799,,4.5,14278,Blue,https://assets.myntassets.com/assets/images/2026/JULY/31/ACNg2Q6a_ab7451f0a45c4c33b2066fee75fd859c.jpg,https://www.myntra.com/shirts/h%26m/hm-regular-fit-oxford-shirt/36865122/buy
myntra,21281956,Men,Shirts,RARE RABBIT,RARE RABBIT Men Benedict Slim Fit Cotton Shirt,1749,3499,50,4.4,13844,Grey,https://assets.myntassets.com/assets/images/21281956/2024/3/28/cb141339-1219-41e2-a781-86a8ec8f84b41711618810904-RARE-RABBIT-Men-Benedict-Slim-Fit-Cotton-Shirt-8891711618810-6.jpg,https://www.myntra.com/shirts/rare+rabbit/rare-rabbit-men-benedict-slim-fit-cotton-shirt/21281956/buy
myntra,33439616,Men,Shirts,Roadster,The Roadster Lifestyle Co. Solid Regular Fit Shirt,1007,1899,47,4.4,14377,Maroon,https://assets.myntassets.com/assets/images/33439616/2025/5/6/403adf0c-6203-44e0-91a8-7a098af178961746531570755-The-Life-Co-Pure-Cotton-Wrap-Style-Casual-Shirt-159174653156-1.jpg,https://www.myntra.com/shirts/roadster/the-roadster-lifestyle-co-solid-regular-fit-shirt/33439616/buy
myntra,22076260,Men,Shirts,RARE RABBIT,RARE RABBIT Men Leeds Slim Fit Vertical Striped Cotton Shirt,1819,3499,48,4.4,1416,Blue,https://assets.myntassets.com/assets/images/22076260/2024/6/21/150af6cc-70df-412a-f58f-f824dfc5b8971718947556745-RARE-RABBIT-Men-Leeds-Slim-Fit-Vertical-Striped-Cotton-Shirt-1.jpg,https://www.myntra.com/shirts/rare+rabbit/rare-rabbit-men-leeds-slim-fit-vertical-striped-cotton-shirt/22076260/buy
myntra,35666108,Men,Shirts,Levis,Levis Slim Fit Pure Cotton Casual Shirt,1823,2399,24,4.5,557,Navy Blue,https://assets.myntassets.com/assets/images/35666108/2025/7/30/1352d392-14f1-4e80-8162-0624c363b1871753854370148-Levis-Men-Shirts-541753854369582-1.jpg,https://www.myntra.com/shirts/levis/levis-slim-fit-pure-cotton-casual-shirt/35666108/buy
myntra,15557590,Men,Shirts,Roadster,The Roadster Lifestyle Co Men Light Blue Solid Regular Fit Chambray Casual Shirt,653,1499,56.4,4.2,42577,Blue,https://assets.myntassets.com/assets/images/15557590/2022/2/18/a88d594a-0184-4042-baad-01c2d7874cec1645166286136-Roadster-Men-Shirts-4091645166285596-1.jpg,https://www.myntra.com/shirts/roadster/the-roadster-lifestyle-co-men-light-blue-solid-regular-fit-chambray-casual-shirt/15557590/buy
myntra,31225000,Men,Shirts,Louis Philippe,Men Slim Fit Easy to Iron Premium Cotton Full Sleeve Formal Shirt,1699,2499,32,4.5,4111,White,https://assets.myntassets.com/assets/images/2026/APRIL/28/2ahKMACa_610ff4aab81247e59d8d3e1eb4793f8.jpg,https://www.myntra.com/shirts/louis+philippe/men-slim-fit-easy-to-iron-premium-cotton-full-sleeve-formal-shirt/31225000/buy
myntra,38663337,Men,Shirts,Levis,Levis Slim Fit Pure Cotton Casual Shirt,2481,3399,27,4.5,254,Olive,https://assets.myntassets.com/assets/images/2026/FEBRUARY/4/PWvZzse5_f1e003ddc5b84c459a873a11f55f796b.jpg,https://www.myntra.com/shirts/levis/levis-slim-fit-pure-cotton-casual-shirt/38663337/buy
myntra,28420390,Men,Shirts,MISCHIEF MONKEY,MISCHIEF MONKEY Classic Tailored Fit Button-Down Collar Long Sleeves Cotton Casual Shirt,793,2088,62,4.2,14254,Navy Blue,https://assets.myntassets.com/assets/images/28420390/2024/3/21/cc136995-5e77-439c-a1fc-e8a704d569641711031890559MISCHIEFMONKEYMenClassicTailoredFitOpaqueCasualShirt1.jpg,https://www.myntra.com/shirts/mischief+monkey/mischief-monkey-classic-tailored-fit-button-down-collar-long-sleeves-cotton-casual-shirt/28420390/buy
myntra,36189600,Women,Shirts,HERE&NOW,HERE&NOW Women Oversized Fit Solid Spread Collar Cotton Casual Shirt,738,2299,67.9,4.3,4210,Blue,https://assets.myntassets.com/assets/images/2025/AUGUST/18/6zT0pBpM_3fc2daa8c6e042a390768ea6628735d4.jpg,https://www.myntra.com/shirts/here%26now/herenow-women-oversized-fit-solid-spread-collar-cotton-casual-shirt/36189600/buy
myntra,29460246,Men,Shirts,RARE RABBIT,RARE RABBIT Men White Regular Fit Plain Formal Shirt,1749,3499,50,4.4,4412,White,https://assets.myntassets.com/assets/images/29460246/2024/5/9/913dde87-661c-42b5-b128-d42222d578901715279164978RARERABBITMenComfortOpaqueCasualShirt1.jpg,https://www.myntra.com/shirts/rare+rabbit/rare-rabbit-men-white-regular-fit-plain-formal-shirt/29460246/buy
myntra,30142193,Men,Shirts,Louis Philippe,Men Slim Fit Easy to Iron Premium Cotton Full Sleeve Formal Shirt,1699,2499,32,4.5,4121,Charcoal,https://assets.myntassets.com/assets/images/2026/APRIL/28/TSl9TER3_d70a912cce1c4b478afdb9bdb7fa6c9d.jpg,https://www.myntra.com/shirts/louis+philippe/men-slim-fit-easy-to-iron-premium-cotton-full-sleeve-formal-shirt/30142193/buy
myntra,17091614,Men,Shirts,Roadster,Roadster Men White Classic Regular Fit Cotton Casual Shirt,573,1399,59,4.3,74492,White,https://assets.myntassets.com/assets/images/17091614/2022/2/18/779ac019-8b8c-48f7-9c5e-b3e2fe3004b01645166457327-Men-White-Casual-Shirt-5731645166456476-1.jpg,https://www.myntra.com/shirts/roadster/roadster-men-white-classic-regular-fit-cotton-casual-shirt/17091614/buy
myntra,8717975,Men,Shirts,Mast & Harbour,Mast & Harbour Men Pink & White Slim Fit Striped Casual Shirt,657,1999,67.1,4.4,85401,Pink,https://assets.myntassets.com/assets/images/2024/AUGUST/12/xvf5C9nX_27a2b15d1a854e7189c9055db229eeb5.jpg,https://www.myntra.com/shirts/mast+%26+harbour/mast--harbour-men-pink--white-slim-fit-striped-casual-shirt/8717975/buy
myntra,10398297,Men,Shirts,Roadster,The Roadster Lifestyle Co Men Navy Blue & Red Regular Fit Checked Casual Shirt,573,1399,59,4.2,2168,Navy Blue,https://assets.myntassets.com/assets/images/10398297/2019/11/5/fb20b297-2594-4503-a30e-1a9bf4cc3d471572938373693-Roadster-Men-Navy-Blue--Red-Regular-Fit-Checked-Casual-Shirt-1.jpg,https://www.myntra.com/shirts/roadster/the-roadster-lifestyle-co-men-navy-blue--red-regular-fit-checked-casual-shirt/10398297/buy
myntra,42065625,Men,Shirts,The Souled Store,The Souled Store Men Regular Fit Solid Yellow Cotton Linen Shirts,1599,1599,,4.5,128,Yellow,https://assets.myntassets.com/assets/images/2026/MAY/20/FwXVZ2cU_1392a3921bfc4dc296cbbcf4e5df098e.jpg,https://www.myntra.com/shirts/the+souled+store/the-souled-store-men-regular-fit-solid-yellow-cotton-linen-shirts/42065625/buy
myntra,28543822,Men,Shirts,RARE RABBIT,RARE RABBIT Men White Regular Fit Plain Formal Shirt,1899,3799,50,4.4,2066,White,https://assets.myntassets.com/assets/images/28543822/2024/3/27/74c67f1e-415d-4453-8c8d-34f843e83ba01711556335224RARERABBITMenComfortOpaqueCasualShirt1.jpg,https://www.myntra.com/shirts/rare+rabbit/rare-rabbit-men-white-regular-fit-plain-formal-shirt/28543822/buy
myntra,30144470,Men,Shirts,H&M,H&M Slim Fit Easy-Iron Shirt,1499,1499,,4.3,10618,White,https://assets.myntassets.com/assets/images/2026/APRIL/30/rIP4nw2j_53ab0ede62e04b929fa2de330a165e12.jpg,https://www.myntra.com/shirts/h%26m/hm-slim-fit-easy-iron-shirt/30144470/buy
myntra,33979662,Men,Shirts,The Souled Store,The Souled Store Men Regular Fit Cotton Linen Textured Green Cotton Linen Shirts,1799,2199,18.2,4.4,178,Green,https://assets.myntassets.com/assets/images/33979662/2025/5/16/b891ef6d-2bc1-49a9-a7a89-ceb28fd41c691747384575597-The-Souled-Store-Men-Striped-Casual-Shirt-1871747384575185-1.jpg,https://www.myntra.com/shirts/the+souled+store/the-souled-store-men-regular-fit-cotton-linen-textured-green-cotton-linen-shirts/33979662/buy
myntra,24108082,Men,Shirts,Snitch,Snitch Navy Blue Striped Classic Slim Fit Pure Cotton Casual Shirt,1998,1998,,4.4,12644,Navy Blue,https://assets.myntassets.com/assets/images/24108082/2023/7/20/a25f0b74-245d-4346-923f-de5826339a301689797513270SnitchMenNavyBlueClassicSlimFitBengalStripesOpaqueStripedCas1.jpg,https://www.myntra.com/shirts/snitch/snitch-navy-blue-striped-classic-slim-fit-pure-cotton-casual-shirt/24108082/buy
myntra,45540066,Women,Shirts,BUCCLY,BUCCLY Women Standard Casual Shirt,481,1999,75.9,4.5,103,Black,https://assets.myntassets.com/assets/images/2026/AUGUST/23/e5d0ccc35a5d47ceb95c9625c780bf7a.jpg,https://www.myntra.com/shirts/buccly/buccly-women-standard-casual-shirt/45540066/buy
myntra,16713130,Men,Shirts,RARE RABBIT,RARE RABBIT Men Black Regular Fit Embroidered Casual Shirt,1923,3499,45,4.5,4659,Black,https://assets.myntassets.com/assets/images/16713130/2023/12/18/94b5dc09-08a5-46f7-880d-15bf06fb1a471702902837550RARERABBITMenBlackCustomSlimFitCasualShirt1.jpg,https://www.myntra.com/shirts/rare+rabbit/rare-rabbit-men-black-regular-fit-embroidered-casual-shirt/16713130/buy
myntra,8717979,Men,Shirts,Mast & Harbour,Mast & Harbour Men Blue & White Slim Fit Striped Casual Shirt,655,2099,68.8,4.4,85401,Blue,https://assets.myntassets.com/assets/images/2024/AUGUST/12/iSJz5Njt_c1194cf91f2345f0aa27b4c49e12e0e3.jpg,https://www.myntra.com/shirts/mast+%26+harbour/mast--harbour-men-blue--white-slim-fit-striped-casual-shirt/8717979/buy
myntra,31732728,Men,Shirts,CAHOOT,CAHOOT Men Comfort Spread Collar Checked Relaxed Fit Casual Shirt,1199,1999,40,3.9,1098,Green,https://assets.myntassets.com/assets/images/2024/NOVEMBER/25/HpkHawUc_8b1db6f049c141b8b54948ac98a0cf4e.jpg,https://www.myntra.com/shirts/cahoot/cahoot-men-comfort-spread-collar-checked-relaxed-fit-casual-shirt/31732728/buy
myntra,31273946,Men,Shirts,The Souled Store,The Souled Store Men Regular Fit Solid White Cotton Linen Shirts,1599,1599,,4.3,2651,White,https://assets.myntassets.com/assets/images/2026/APRIL/10/LDo21V6P_6aaf50fff444d71bfbfb9511b8ac25f.jpg,https://www.myntra.com/shirts/the+souled+store/the-souled-store-men-regular-fit-solid-white-cotton-linen-shirts/31273946/buy
myntra,32127768,Men,Shirts,MISCHIEF MONKEY,MISCHIEF MONKEY Men Classic Fit Button-Down Collar Solid Cotton Casual Shirt,793,2088,62,4.2,14254,Brown,https://assets.myntassets.com/assets/images/2024/DECEMBER/28/3s2IeafI_68bc453173524f7da4df97320db0fdb7.jpg,https://www.myntra.com/shirts/mischief+monkey/mischief-monkey-men-classic-fit-button-down-collar-solid-cotton-casual-shirt/32127768/buy
myntra,32256277,Men,Shirts,Louis Philippe Sport,Men Slim Fit Oxford Natural Stretch Full Sleeve Casual Shirt,1474,2499,41,4.5,2449,Navy Blue,https://assets.myntassets.com/assets/images/2026/APRIL/28/igAkIkBP_5f3da3381e664a2f8e9edd9ce8abd963.jpg,https://www.myntra.com/shirts/louis+philippe+sport/men-slim-fit-oxford-natural-stretch-full-sleeve-casual-shirt/32256277/buy
myntra,12848658,Men,Shirts,Louis Philippe Jeans,Men Slim Fit Over Dyed Soft Handfeel Full Sleeve Casual Shirt,1379,1999,31,4.3,18706,Olive,https://assets.myntassets.com/assets/images/2026/FEBRUARY/6/zehi03lU_8ab270f8d9d2476c8b0f2dfa7becc105.jpg,https://www.myntra.com/shirts/louis+philippe+jeans/men-slim-fit-over-dyed-soft-handfeel-full-sleeve-casual-shirt/12848658/buy
myntra,29684214,Men,Shirts,HIGHLANDER,HIGHLANDER Men Slim Fit Shirt,495,1599,69,4.2,227225,Black,https://assets.myntassets.com/assets/images/2026/MARCH/31/DNEIrJBb_594e4f0bbedf4e2ba016f6d3da4596eb.jpg,https://www.myntra.com/shirts/highlander/highlander-men-slim-fit-shirt/29684214/buy
myntra,30397599,Men,Shirts,RARE RABBIT,RARE RABBIT Men Floral Printed Casual Regular Fit Shirt,1999,3999,50,4.4,2284,Black,https://assets.myntassets.com/assets/images/2024/JULY/27/PQPcvvuC_c80a0ea7252f402fa0ff35c25c7ab9ab.jpg,https://www.myntra.com/shirts/rare+rabbit/rare-rabbit-men-floral-printed-casual-regular-fit-shirt/30397599/buy
myntra,39044054,Men,Shirts,HERE&NOW,HERE&NOW Men Slim Fit Printed Casual Shirt,786,1999,60.7,4.4,16865,Off White,https://assets.myntassets.com/assets/images/2025/DECEMBER/30/n3zpjpEg_8987b2876e18459791ab3c1cb58e2a11.jpg,https://www.myntra.com/shirts/here%26now/herenow-men-slim-fit-printed-casual-shirt/39044054/buy
myntra,11904108,Men,Shirts,Roadster,Roadster Men Olive Green Cotton Casual Shirt,601,999,39.8,4.2,64876,Olive,https://assets.myntassets.com/assets/images/11904108/2020/7/14/869203dc-200a-4284-9d2d-a06fd5ea582d1594707585600-Roadster-Men-Shirts-1041594707583386-1.jpg,https://www.myntra.com/shirts/roadster/roadster-men-olive-green--cotton-casual-shirt/11904108/buy
myntra,41941364,Men,Shirts,RARE RABBIT,RARE RABBIT Men Striped Casual Shirt,3033,4099,26,4.3,19,Black,https://assets.myntassets.com/assets/images/2026/MAY/7/ghlb7Gvd_ca42f2594e4a4f048b3c9683812bb6c3.jpg,https://www.myntra.com/shirts/rare+rabbit/rare-rabbit-men-striped-casual-shirt/41941364/buy
myntra,35084548,Men,Shirts,Roadster,The Roadster Life Co. Pure Cotton Denim Casual Shirt,617,1799,65.7,4.4,6475,Blue,https://assets.myntassets.com/assets/images/2025/AUGUST/18/AgfkOHp0_9109a2d99aab4e03825523b74c3cd482.jpg,https://www.myntra.com/shirts/roadster/the-roadster-life-co-pure-cotton-denim-casual-shirt/35084548/buy
myntra,31754650,Men,Shirts,U.S. Polo Assn.,U.S. Polo Assn. Men Spread Collar Vertical Striped Cotton Tailored Fit Casual Shirt,1724,2499,31,4.5,456,Black,https://assets.myntassets.com/assets/images/2024/NOVEMBER/26/tdsw1yP5_08ad5ea878bd48dd94988378645ec19f.jpg,https://www.myntra.com/shirts/u.s.+polo+assn./us-polo-assn-men-spread-collar-vertical-striped-cotton-tailored-fit-casual-shirt/31754650/buy
myntra,26697906,Women,Jeans,Roadster,The Roadster Life Co. Women Wide Leg Light Fade Stretchable Jeans,699,1799,61.1,4.2,19896,Blue,https://assets.myntassets.com/assets/images/26697906/2024/3/15/7e927486-15c2-4db5-ac0e-133a831729071710504814556-Roadster-Women-Jeans-1121710504814075-1.jpg,https://www.myntra.com/jeans/roadster/the-roadster-life-co-women-wide-leg-light-fade-stretchable-jeans/26697906/buy
myntra,28749636,Men,Jeans,Roadster,The Lifestyle Co. Men Pure Cotton Baggy Fit Denim Jeans,1092,2499,56.3,4.0,21626,Beige,https://assets.myntassets.com/assets/images/28749636/2025/4/19/49f549c4-84de-4dfd-a1cd-b04613c71b151745001139077-The-Roadster-Lifestyle-Co-Men-Beige-Pure-Cotton-Rigid-Baggy--1.jpg,https://www.myntra.com/jeans/roadster/the-lifestyle-co-men-pure-cotton-baggy-fit-denim-jeans/28749636/buy
myntra,38810779,Men,Jeans,Levis,Levis Men 505 Regular Fit Mid-Rise Stretchable Jeans,2589,3499,26,4.4,220,Blue,https://assets.myntassets.com/assets/images/2026/MARCH/27/BlqU1UQ7_04c640af9651453d9a381cac3f3aa965.jpg,https://www.myntra.com/jeans/levis/levis-men-505-regular-fit-mid-rise-stretchable-jeans/38810779/buy
myntra,38663212,Men,Jeans,Levis,Levis Men 505 Straight Fit Mid-Rise Stretchable Jeans,2700,3699,27,4.5,286,Blue,https://assets.myntassets.com/assets/images/2026/MARCH/10/mTwNwSCD_573814a76426460c9e45b645f2857a11.jpg,https://www.myntra.com/jeans/levis/levis-men-505-straight-fit-mid-rise-stretchable-jeans/38663212/buy
myntra,38663077,Men,Jeans,Levis,Levis Men 555 Relaxed Fit Mid-Rise Light Fade Stretchable Jeans,2700,3699,27,4.5,289,Blue,https://assets.myntassets.com/assets/images/2026/MARCH/27/9JdCLILE_02ecde85c6bf449988105d9923bf662f.jpg,https://www.myntra.com/jeans/levis/levis-men-555-relaxed-fit-mid-rise-light-fade-stretchable-jeans/38663077/buy
myntra,38810786,Men,Jeans,Levis,Levis Men 511 Slim Fit Mid-Rise Light Fade Stretchable Jeans,2589,3499,26,4.2,165,Black,https://assets.myntassets.com/assets/images/2026/MARCH/10/6PtAMf0U_71135d3d88b54dc084c7d2897c1d545d.jpg,https://www.myntra.com/jeans/levis/levis-men-511-slim-fit-mid-rise-light-fade-stretchable-jeans/38810786/buy
myntra,44663832,Men,Jeans,H&M,H&M Straight High Jeans,1499,1499,,4.2,14358,Blue,https://assets.myntassets.com/assets/images/2026/JULY/27/B3Snkzqj_449e2b38d93042fca286eef8e4613bfd.jpg,https://www.myntra.com/jeans/h%26m/hm-straight-high-jeans/44663832/buy
myntra,31362844,Women,Jeans,glitchez,glitchez Women Wide Leg Slit Jeans,859,1999,57,4.3,5920,Black,https://assets.myntassets.com/assets/images/2025/MAY/2/FqUT5zVS_fce02acd036a44d7acd88d16d9ba0fb9.jpg,https://www.myntra.com/jeans/glitchez/glitchez-women-wide-leg-slit-jeans/31362844/buy
myntra,38810781,Men,Jeans,Levis,Levis Men 513 Straight Fit Stretchable Jeans,2700,3699,27,4.0,163,Black,https://assets.myntassets.com/assets/images/2026/JUNE/4/ikOc1EM8_124764be243b43a4a1aaebe119764dcf.jpg,https://www.myntra.com/jeans/levis/levis-men-513-straight-fit-stretchable-jeans/38810781/buy
myntra,32757492,Men,Jeans,Bene Kleed,Bene Kleed Men Ecru Wide Leg Mid Rise Jeans,987,2599,62,4.0,5432,Beige,https://assets.myntassets.com/assets/images/2026/JULY/16/xkCbeA1s_a66bb564175045d5a5a086efb61e7cee.jpg,https://www.myntra.com/jeans/bene+kleed/bene-kleed-men-ecru-wide-leg-mid-rise-jeans/32757492/buy
myntra,38663161,Men,Jeans,Levis,Levis Men 505 Regular Fit Light Fade Stretchable Jeans,2768,3899,29,4.5,209,Blue,https://assets.myntassets.com/assets/images/2026/MARCH/10/h8nSc8t1_e51ffe6e2ceb46e882f0c722ab730423.jpg,https://www.myntra.com/jeans/levis/levis-men-505-regular-fit-light-fade-stretchable-jeans/38663161/buy
myntra,31266819,Men,Jeans,Pepe Jeans,Pepe Jeans Men Straight Fit Black Stretchable Casual Jeans,1499,2299,34.8,4.4,5997,Black,https://assets.myntassets.com/assets/images/2026/APRIL/14/CTFk5BZa_57441a69f76342c989007bf9c1c0b448.jpg,https://www.myntra.com/jeans/pepe+jeans/pepe-jeans-men-straight-fit-black-stretchable-casual-jeans/31266819/buy
myntra,28553196,Men,Jeans,Snitch,Snitch Men Smart Relaxed Fit Pure Cotton Stretchable Jeans,1461,3398,57,4.2,4730,Blue,https://assets.myntassets.com/assets/images/28420390x/2024/3/28/6340db2e-24aa-44aa-b3a4-d5eb9635b4651711639523992Jeans1.jpg,https://www.myntra.com/jeans/snitch/snitch-men-smart-relaxed-fit-pure-cotton-stretchable-jeans/28553196/buy
myntra,38663058,Men,Jeans,Levis,Levis Men 513 Slim Straight Fit Stretchable Jeans,2554,3499,27,4.4,233,Blue,https://assets.myntassets.com/assets/images/2026/APRIL/23/Yiuocbq2_349206ade29849678b7d60d5341470a9.jpg,https://www.myntra.com/jeans/levis/levis-men-513-slim-straight-fit-stretchable-jeans/38663058/buy
myntra,38662786,Men,Jeans,Levis,Levis Men 505 Straight Fit Stretchable Jeans,2700,3699,27,4.3,78,Black,https://assets.myntassets.com/assets/images/2026/JANUARY/9/z8I6dlK8_3dfec2824e9f4b359dcc560617d324f1.jpg,https://www.myntra.com/jeans/levis/levis-men-505-straight-fit-stretchable-jeans/38662786/buy
myntra,40964827,Men,Jeans,glitchez,glitchez Men Relaxed Fit Mid-Rise Jeans,856,1999,57.2,4.1,1663,Green,https://assets.myntassets.com/assets/images/2026/MARCH/27/VBKgVJ6h_85b6d1662f204ccabd6e8e31e1cdd2b0.jpg,https://www.myntra.com/jeans/glitchez/glitchez-men-relaxed-fit-mid-rise-jeans/40964827/buy
myntra,35476703,Women,Jeans,Aadvi Fashion,Aadvi Fashion Women Comfort Baggy Fit High-Rise Stretchable Jeans,779,2999,74,4.2,11306,Blue,https://assets.myntassets.com/assets/images/2025/JULY/7/xsCXyEcZ_4ce3c09561364546b6e098fed84e2c00.jpg,https://www.myntra.com/jeans/aadvi+fashion/aadvi-fashion-women-comfort-baggy-fit-high-rise-stretchable-jeans/35476703/buy
myntra,38663051,Men,Jeans,Levis,Levis Men 513 Slim Straight Fit Light Fade Stretchable Jeans,2789,3099,10,4.4,97,Blue,https://assets.myntassets.com/assets/images/2026/JANUARY/12/TmZzI5pV_6c0d71af7af54ba8863e540ad8470c62.jpg,https://www.myntra.com/jeans/levis/levis-men-513-slim-straight-fit-light-fade-stretchable-jeans/38663051/buy
myntra,27545358,Men,Jeans,Snitch,Snitch Men Black Light Fade Pure Cotton Baggy Relaxed Fit Stretchable Jeans,1461,3398,57,4.3,2207,Black,https://assets.myntassets.com/assets/images/27545358/2024/2/12/bb5d81cf-8576-4756-91bc-3810d2c744901707736038016SnitchMenRelaxedFitStretchableJeans1.jpg,https://www.myntra.com/jeans/snitch/snitch-men-black-light-fade-pure-cotton-baggy-relaxed-fit-stretchable-jeans/27545358/buy
myntra,38371133,Men,Jeans,H&M,H&M Relaxed Jeans,1999,1999,,4.4,4850,Black,https://assets.myntassets.com/assets/images/2026/JULY/28/3xm1AT8i_1f1a8b4cc7b34720bdc4fa631f5cd527.jpg,https://www.myntra.com/jeans/h%26m/hm-relaxed--jeans/38371133/buy
myntra,43066733,Men,Jeans,Line out line,Line out line Men Wide Leg Mid-Rise Jeans,999,2299,56.5,4.2,665,Black,https://assets.myntassets.com/assets/images/2026/JUNE/13/lKiAQOsi_6a691382eaed496ca63db98128159f88.jpg,https://www.myntra.com/jeans/line+out+line/line-out-line-men-wide-leg-mid-rise-jeans/43066733/buy
myntra,38810782,Men,Jeans,Levis,Levis Men 511 Slim Fit Light Fade Jeans,2554,3499,27,4.2,154,Blue,https://assets.myntassets.com/assets/images/2026/JUNE/4/PSXJoUVV_13177346e0b04c5ea877acf9ec22fca9.jpg,https://www.myntra.com/jeans/levis/levis-men-511-slim-fit-light-fade-jeans/38810782/buy
myntra,40964825,Men,Jeans,glitchez,glitchez Men Relaxed Fit Mid-Rise Jeans,856,1999,57.2,4.2,1275,Black,https://assets.myntassets.com/assets/images/2026/MARCH/27/X5BongoA_d2f6f62926c0450196a036237f58d7dd.jpg,https://www.myntra.com/jeans/glitchez/glitchez-men-relaxed-fit-mid-rise-jeans/40964825/buy
myntra,37943174,Men,Jeans,StyleCast x Revolte,StyleCast x Revolte Men Wide Leg Mid-Rise Light Fade Jeans,1559,3999,61,3.6,2949,Blue,https://assets.myntassets.com/assets/images/2025/NOVEMBER/13/IH7CcvoO_7f5a0656a2784b05a4458b25c7952a20.jpg,https://www.myntra.com/jeans/stylecast+x+revolte/stylecast-x-revolte-men-wide-leg-mid-rise-light-fade-jeans/37943174/buy
myntra,38810795,Men,Jeans,Levis,Levis Men 517 Bootcut Mid-Rise Stretchable Jeans,2663,3699,28,4.1,232,Blue,https://assets.myntassets.com/assets/images/2026/MARCH/27/BYvksSuy_4053ebc25f3543bf8dfdc66663e49b5b.jpg,https://www.myntra.com/jeans/levis/levis-men-517-bootcut-mid-rise-stretchable-jeans/38810795/buy
myntra,31178233,Women,Jeans,glitchez,glitchez Women Heavy Fade Wide Leg Jeans,895,1599,44,4.3,3461,Blue,https://assets.myntassets.com/assets/images/2025/MAY/21/ukJV1Z9Y_bfa49a17709c4f1b95fce297d2110a7f.jpg,https://www.myntra.com/jeans/glitchez/glitchez-women--heavy-fade-wide-leg-jeans/31178233/buy
myntra,36465950,Women,Jeans,Nifty,Nifty Women High-Rise Light Fade Jeans,793,1999,60.3,4.3,15209,Blue,https://assets.myntassets.com/assets/images/2025/AUGUST/18/u8wVnS17_cf3b523f936d44809ce2b2c8852bfdc5.jpg,https://www.myntra.com/jeans/nifty/nifty-women-high-rise-light-fade-jeans/36465950/buy
myntra,38663213,Men,Jeans,Levis,Levis Men 505 Straight Fit Stretchable Jeans,2789,3099,10,4.4,398,Black,https://assets.myntassets.com/assets/images/2026/JANUARY/9/v25K0MmM_192aaf523a8a47fdb8728d07c8a4d11f.jpg,https://www.myntra.com/jeans/levis/levis-men-505-straight-fit-stretchable-jeans/38663213/buy
myntra,33865225,Men,Jeans,Bene Kleed,Bene Kleed Men Blue Light wash Baggy Fit Mid Rise Jeans,983,2399,59,4.1,2160,Blue,https://assets.myntassets.com/assets/images/2025/APRIL/30/EboR5zVW_a6e8b71329c246be89c42d745269ba2c.jpg,https://www.myntra.com/jeans/bene+kleed/bene-kleed-men-blue-light-wash-baggy-fit-mid-rise-jeans/33865225/buy
myntra,36524024,Men,Jeans,Snitch,Snitch Men Light Blue Mid-Rise Straight Fit Jeans,1297,3399,61.8,4.5,652,Blue,https://assets.myntassets.com/assets/images/2025/SEPTEMBER/10/howxrwXz_f532db08aab34281a6bbae72dabcce4e.jpg,https://www.myntra.com/jeans/snitch/snitch-men-light-blue-mid-rise-straight-fit-jeans/36524024/buy
myntra,31666514,Women,Jeans,glitchez,glitchez Women Wide Leg Light Fade Jeans,923,2199,58,4.2,1489,Blue,https://assets.myntassets.com/assets/images/2025/MAY/21/SrHXosVY_c5c07ca30107418e95b47925ba89e082.jpg,https://www.myntra.com/jeans/glitchez/glitchez-women-wide-leg-light-fade-jeans/31666514/buy
myntra,37866247,Women,Jeans,Off Duty India,Off Duty India Women High-Rise Mildly Distressed Light Fade Jeans,1847,2199,16,3.9,214,Blue,https://assets.myntassets.com/assets/images/2025/NOVEMBER/8/65xBdZV4_dac57e735b2c4f83bcc4be4c5d5cfe10.jpg,https://www.myntra.com/jeans/off+duty+india/off-duty-india-women-high-rise-mildly-distressed-light-fade-jeans/37866247/buy
myntra,38453027,Men,Jeans,StyleCast x Revolte,StyleCast x Revolte Men Wide Leg Mid-Rise Printed Jeans,2045,4649,56,4.4,849,Multi,https://assets.myntassets.com/assets/images/2025/DECEMBER/6/35inyCaZ_549c08d4b65f4f4696c3364d1a63604f.jpg,https://www.myntra.com/jeans/stylecast+x+revolte/stylecast-x-revolte-men-wide-leg-mid-rise-printed-jeans/38453027/buy
myntra,32467403,Men,Jeans,Mast & Harbour,Mast & Harbour Men Straight Fit Mid-Rise Stretchable Jeans,655,1599,59,4.2,14542,Cream,https://assets.myntassets.com/assets/images/32467403/2025/7/18/f6c343be-af42-4194-9f31-703a9dcfa5431752840463901-Mast--Harbour-Men-Jeans-1621752840463102-2.jpg,https://www.myntra.com/jeans/mast+%26+harbour/mast--harbour-men-straight-fit-mid-rise-stretchable-jeans/32467403/buy
myntra,38810780,Men,Jeans,Levis,Levis Men 505 Straight Fit Stretchable Jeans,2554,3499,27,4.6,61,Blue,https://assets.myntassets.com/assets/images/2026/MAY/4/IvtHZK4W_939f2df286c246e5a30a402d3e1e930f.jpg,https://www.myntra.com/jeans/levis/levis-men-505-straight-fit-stretchable-jeans/38810780/buy
myntra,38810793,Men,Jeans,Levis,Levi's Men 527 Slim Bootcut Stretchable Light Fade Jeans,2768,3899,29,4.3,119,Blue,https://assets.myntassets.com/assets/images/2026/APRIL/27/dKnmKepf_e65b15eaff7a4c2dbf4f1d0c6608ec12.jpg,https://www.myntra.com/jeans/levis/levis-men-527-slim-bootcut-stretchable-light-fade-jeans/38810793/buy
myntra,25228896,Women,Jeans,Roadster,The Roadster Life Co. Women Wide Leg High-Rise Stretchable Jeans,699,1999,65,4.1,6893,Black,https://assets.myntassets.com/assets/images/25228896/2023/11/29/7357faf0-c598-40f2-b4fc-fe0e0eb09dfa1701232689317-Roadster-Women-Jeans-451701232688876-4.jpg,https://www.myntra.com/jeans/roadster/the-roadster-life-co-women-wide-leg-high-rise-stretchable-jeans/25228896/buy
myntra,26697326,Men,Jeans,Mast & Harbour,Mast & Harbour Men Light Fade Regular Fit Pocket Detail Jeans,695,2899,76,4.2,4278,Navy Blue,https://assets.myntassets.com/assets/images/26697326/2024/4/4/197e0285-30a1-4ea9-a6fc-523b470969fd1712223401728-Mast--Harbour-Men-Jeans-7131712223401003-1.jpg,https://www.myntra.com/jeans/mast+%26+harbour/mast--harbour-men-light-fade-regular-fit-pocket-detail-jeans/26697326/buy
myntra,37129480,Women,Jeans,U.S. Polo Assn. Women,U.S. Polo Assn. Women Women Bootcut High-Rise Light Fade Stretchable Jeans,1394,2599,46.4,4.3,493,Blue,https://assets.myntassets.com/assets/images/2025/SEPTEMBER/23/1eI1XzD2_4a0b5d01755c437b82f1c821337dbf3c.jpg,https://www.myntra.com/jeans/u.s.+polo+assn.+women/us-polo-assn-women-women-bootcut-high-rise-light-fade-stretchable-jeans/37129480/buy
myntra,25002304,Men,Jeans,Roadster,Roadster Men Bootcut Stretchable Jeans,999,2499,60,4.1,11711,Navy Blue,https://assets.myntassets.com/assets/images/25002304/2023/10/25/2ba88a5b-c3d3-4b33-8c1e-b98580e830481698213232096-Roadster-Men-Jeans-7811698213231617-1.jpg,https://www.myntra.com/jeans/roadster/roadster-men-bootcut-stretchable-jeans/25002304/buy
myntra,38810710,Men,Jeans,Levis,Levis Men 578 Loose Fit Mid-Rise Pure Cotton Light Fade Jeans,2746,4099,33,4.3,174,Blue,https://assets.myntassets.com/assets/images/2026/MARCH/10/MuyADyuL_70bea5f36bcd472db173bffce9c2bfd7.jpg,https://www.myntra.com/jeans/levis/levis-men-578-loose-fit-mid-rise-pure-cotton-light-fade-jeans/38810710/buy
myntra,32309813,Men,Jeans,glitchez,glitchez Men Baggy Fit Light Fade Jeans,713,1699,58,4.2,1183,Grey,https://assets.myntassets.com/assets/images/2025/SEPTEMBER/9/iEDCD2ce_abefae102f66461884a9d80f7ee7213e.jpg,https://www.myntra.com/jeans/glitchez/glitchez-men-baggy-fit-light-fade-jeans/32309813/buy
myntra,12542750,Men,Jeans,Mast & Harbour,Mast & Harbour Men Blue Slim Fit Mid-Rise Clean Look Stretchable Jeans,776,2099,63,3.5,1590,Blue,https://assets.myntassets.com/assets/images/12542750/2020/11/25/3ef0270a-eeb8-4dfb-8367-68cb454b91381606301700906MastHarbourMenBlueSlimFitMid-RiseCleanLookStretchableJeans1.jpg,https://www.myntra.com/jeans/mast+%26+harbour/mast--harbour-men-blue-slim-fit-mid-rise-clean-look-stretchable-jeans/12542750/buy
myntra,31255351,Women,Jeans,Kotty,Kotty Women Jean Straight Fit High-Rise Stretchable Jeans,524,2499,79,4.2,16979,Blue,https://assets.myntassets.com/assets/images/2024/OCTOBER/9/BODGXToQ_d80eb7c251a141d3982bbf38a94f3a6d.jpg,https://www.myntra.com/jeans/kotty/kotty-women-jean-straight-fit-high-rise-stretchable-jeans/31255351/buy
myntra,39818228,Men,Jeans,Off Duty India,Off Duty India Men Bootcut Mid-Rise Low Distress Light Fade Jeans,2000,2299,13,4.0,97,Black,https://assets.myntassets.com/assets/images/2026/FEBRUARY/3/WcpCepsG_3b76cb2d30dd44b99e5622e178942ec5.jpg,https://www.myntra.com/jeans/off+duty+india/off-duty-india-men-bootcut-mid-rise-low-distress-light-fade-jeans/39818228/buy
myntra,38663229,Men,Jeans,Levis,Levis Men 527 Bootcut Stretchable Jeans,2441,3299,26,4.3,115,Blue,https://assets.myntassets.com/assets/images/2026/JANUARY/9/Zx1aYFiY_9d3fc01c1c684ef5a7fc10393df32eeb.jpg,https://www.myntra.com/jeans/levis/levis-men-527-bootcut-stretchable-jeans/38663229/buy
myntra,30981319,Men,Jeans,MONTREZ,MONTREZ Men Straight Fit Jeans,479,1499,68,4.2,38716,Black,https://assets.myntassets.com/assets/images/2024/SEPTEMBER/16/aOUqGGgj_c339aaf332954406906f07a2e0c2157e.jpg,https://www.myntra.com/jeans/montrez/montrez-men-straight-fit-jeans/30981319/buy
myntra,41560524,Women,Jeans,zayla,zayla Women Jean Flared High-Rise Heavy Fade Jeans,694,2999,76.9,4.2,3537,Blue,https://assets.myntassets.com/assets/images/2026/APRIL/23/uazqqgXx_1ace6416c1554782aa4280fa6b3db045.jpg,https://www.myntra.com/jeans/zayla/zayla-women-jean-flared-high-rise-heavy-fade-jeans/41560524/buy
myntra,38489914,Women,Jeans,Aadvi Fashion,Aadvi Fashion Women Smart Flared High-Rise Light Fade Jeans,740,3899,81,4.3,2207,Blue,https://assets.myntassets.com/assets/images/2025/DECEMBER/8/0puJNRaU_3867fee5388a4cd9ae1d2dd7db7bd0e3.jpg,https://www.myntra.com/jeans/aadvi+fashion/aadvi-fashion-women-smart-flared-high-rise-light-fade-jeans/38489914/buy
myntra,39359517,Men,Jeans,Levis,Levis Men 568 Loose Straight Pure Cotton Non-Stretchable Jeans,2478,3699,33,4.4,207,Blue,https://assets.myntassets.com/assets/images/2026/FEBRUARY/5/6gUvV8yW_9fdd66a4e5794430a6473458063c6eb6.jpg,https://www.myntra.com/jeans/levis/levis-men-568-loose-straight-pure-cotton-non-stretchable-jeans/39359517/buy
flipkart,TSHH95D8UGDYNH6A,Men,T-Shirts,BUFFARO,"BUFFARO Solid Men Polo Neck Brown, Grey, Green T-Shirt",699,,65,,,Green,https://rukminim2.flixcart.com/image/612/612/xif0q/t-shirt/e/v/o/l-1336-brown-d-grey-olive-buffaro-original-imahh5quazmhmmye.jpeg?q=70,https://www.flipkart.com/buffaro-solid-men-polo-neck-brown-grey-green-t-shirt/p/itm6e0fed253539b?pid=TSHH95D8UGDYNH6A
flipkart,TSHHYYZ6JG4XYYB2,Men,T-Shirts,Damensch,Damensch Self Design Men Round Neck Brown T-Shirt,1259,,30,,,Brown,https://rukminim2.flixcart.com/image/612/612/xif0q/t-shirt/q/h/l/-original-imahpvyme8ejhpen.jpeg?q=70,https://www.flipkart.com/damensch-self-design-men-round-neck-brown-t-shirt/p/itm2e0f0a52079d6?pid=TSHHYYZ6JG4XYYB2
flipkart,TSHH8CNZ8AYG22Z4,Men,T-Shirts,TRIPR,TRIPR Solid Men Round Neck Multicolor T-Shirt,522,,73,,,,https://rukminim2.flixcart.com/image/612/612/xif0q/t-shirt/i/v/l/s-tmr-bl-gy-chblrnplaind164-spoweary-resized-original-imahgcpqdfzxeksx.jpeg?q=70,https://www.flipkart.com/tripr-solid-men-round-neck-multicolor-t-shirt/p/itm515d9e7a2cb95?pid=TSHH8CNZ8AYG22Z4
flipkart,TSHHCQF7MRKF9MHB,Men,T-Shirts,TAZO,TAZO Printed Men Polo Neck Grey T-Shirt,295,,77,,,Grey,https://rukminim2.flixcart.com/image/612/612/xif0q/t-shirt/p/m/z/xl-ts-402-whitegrey-1-tazo-original-imahmbxyhmvxcqr2.jpeg?q=70,https://www.flipkart.com/tazo-printed-men-polo-neck-grey-t-shirt/p/itm16aec7bdec68f?pid=TSHHCQF7MRKF9MHB
flipkart,TSHHEFHYM7J3QMSG,Men,T-Shirts,KAJARU,"KAJARU Self Design Men Zip Neck Black, Pink T-Shirt",450,,65,,,Black,https://rukminim2.flixcart.com/image/612/612/xif0q/t-shirt/w/t/o/m-polo-8016-kajaru-resized-original-imahefhyrsazsbga.jpeg?q=70,https://www.flipkart.com/kajaru-self-design-men-zip-neck-black-pink-t-shirt/p/itm784e3ee5e1aad?pid=TSHHEFHYM7J3QMSG
flipkart,TSHHP9TSVFMHQVQ8,Men,T-Shirts,KAJARU,KAJARU Self Design Men Zip Neck Dark Green T-Shirt,272,,72,,,Green,https://rukminim2.flixcart.com/image/612/612/xif0q/t-shirt/b/o/h/l-polo-7059-kajaru-original-imahp9trkum5mwwf.jpeg?q=70,https://www.flipkart.com/kajaru-self-design-men-zip-neck-dark-green-t-shirt/p/itmecb7c7d4481a8?pid=TSHHP9TSVFMHQVQ8
flipkart,TSHHH6SZHNSF7YYZ,Men,T-Shirts,HADAR,HADAR Printed Men Round Neck Black T-Shirt,297,,85,,,Black,https://rukminim2.flixcart.com/image/612/612/xif0q/t-shirt/9/i/y/l-m44-hadar-original-imahh6szdmgxgrs9.jpeg?q=70,https://www.flipkart.com/hadar-printed-men-round-neck-black-t-shirt/p/itm80e6ce66e79a3?pid=TSHHH6SZHNSF7YYZ
flipkart,TSHHHXK9VGGDFZWY,Men,T-Shirts,AVRIE,AVRIE Solid Men Polo Neck Multicolor T-Shirt,717,,44,,,,https://rukminim2.flixcart.com/image/612/612/xif0q/t-shirt/j/l/w/6xl-1336-pack-3-avrie-original-imahhxk9kdnf7g3z.jpeg?q=70,https://www.flipkart.com/avrie-solid-men-polo-neck-multicolor-t-shirt/p/itm009e4609d2e43?pid=TSHHHXK9VGGDFZWY
flipkart,TSHH7USMHRWUFPGM,Men,T-Shirts,TRIPR,TRIPR Solid Men Round Neck Multicolor T-Shirt,498,,75,,,,https://rukminim2.flixcart.com/image/612/612/xif0q/t-shirt/t/a/7/4xl-tnv-gy-mr-blrnplaind164-tripr-resized-original-imahkyug6evhrnek.jpeg?q=70,https://www.flipkart.com/tripr-solid-men-round-neck-multicolor-t-shirt/p/itmbdcd52a2172b8?pid=TSHH7USMHRWUFPGM
flipkart,TSHGTBWV7U6PTQTD,Men,T-Shirts,Allen,Allen Solly Solid Men Polo Neck White T-Shirt,584,,51,,,White,https://rukminim2.flixcart.com/image/612/612/xif0q/t-shirt/t/d/u/-original-imahq5ngdzzpr3uy.jpeg?q=70,https://www.flipkart.com/allen-solly-solid-men-polo-neck-white-t-shirt/p/itm55ecc3f549834?pid=TSHGTBWV7U6PTQTD
flipkart,TSHHFBE2UM7EKZEU,Men,T-Shirts,Damensch,Damensch Printed Men Crew Neck Green T-Shirt,584,,26,,,Green,https://rukminim2.flixcart.com/image/612/612/xif0q/t-shirt/n/z/z/-original-imahq63bmqnudgpz.jpeg?q=70,https://www.flipkart.com/damensch-printed-men-crew-neck-green-t-shirt/p/itm939fbd4a35694?pid=TSHHFBE2UM7EKZEU
flipkart,TSHHEZNVUGHJQT7D,Men,T-Shirts,KAJARU,"KAJARU Self Design Men Zip Neck Black, Brown T-Shirt",470,,63,,,Black,https://rukminim2.flixcart.com/image/612/612/xif0q/t-shirt/d/t/q/xl-polo-8016-kajaru-original-imahg5ryfwcgjckf.jpeg?q=70,https://www.flipkart.com/kajaru-self-design-men-zip-neck-black-brown-t-shirt/p/itmabf3f2c53d63c?pid=TSHHEZNVUGHJQT7D
flipkart,TSHHQYFGZNYB6VGH,Men,T-Shirts,stylesmyth,stylesmyth Self Design Men Round Neck Black T-Shirt,125,,87,,,Black,https://rukminim2.flixcart.com/image/612/612/xif0q/shopsy-t-shirt/c/n/d/l-mario-sp5-black-teal-tex-solid-half-stylesmyth-original-imahqyeyfycb7zav.jpeg?q=70,https://www.flipkart.com/stylesmyth-self-design-men-round-neck-black-t-shirt/p/itm841d996d497c6?pid=TSHHQYFGZNYB6VGH
flipkart,TSHHZN8FFHMFFJGQ,Men,T-Shirts,HOOKAHPATI,HOOKAHPATI Printed Men Hooded Neck Black T-Shirt,162,,83,,,Black,https://rukminim2.flixcart.com/image/612/612/xif0q/t-shirt/r/f/v/xl-strong-sleeveless-xl-hookahpati-original-imahzn8fypnyrrng.jpeg?q=70,https://www.flipkart.com/hookahpati-printed-men-hooded-neck-black-t-shirt/p/itm77a4603799be5?pid=TSHHZN8FFHMFFJGQ
flipkart,TSHHFDKVQUPVFZ3U,Men,T-Shirts,Damensch,Damensch Solid Men V Neck Maroon T-Shirt,549,,15,,,Maroon,https://rukminim2.flixcart.com/image/612/612/xif0q/t-shirt/d/i/z/-original-imahpsp7nutxdcdg.jpeg?q=70,https://www.flipkart.com/damensch-solid-men-v-neck-maroon-t-shirt/p/itm00eabbda67772?pid=TSHHFDKVQUPVFZ3U
flipkart,TSHHMB4KFGG9AYJG,Men,T-Shirts,Force,"Force Printed Men Round Neck White, Dark Green T-Shirt",339,,83,,,White,https://rukminim2.flixcart.com/image/612/612/xif0q/t-shirt/y/r/h/xl-fmt560-tree-wt-force-original-imahmb4kbcbzha8t.jpeg?q=70,https://www.flipkart.com/force-printed-men-round-neck-white-dark-green-t-shirt/p/itmf1bb70265773a?pid=TSHHMB4KFGG9AYJG
flipkart,TSHH9MFYRVHMADHX,Men,T-Shirts,Damensch,Damensch Solid Men Round Neck Green T-Shirt,419,,40,,,Green,https://rukminim2.flixcart.com/image/612/612/xif0q/t-shirt/f/b/u/-original-imahpsp6y84vtzez.jpeg?q=70,https://www.flipkart.com/damensch-solid-men-round-neck-green-t-shirt/p/itm0056e33f44dfd?pid=TSHH9MFYRVHMADHX
flipkart,TSHGNX33HBFS9GBM,Men,T-Shirts,Damensch,Damensch Solid Men Round Neck Black T-Shirt,800,,10,,,Black,https://rukminim2.flixcart.com/image/612/612/xif0q/t-shirt/q/x/p/-original-imahpyegf6tdrk8d.jpeg?q=70,https://www.flipkart.com/damensch-solid-men-round-neck-black-t-shirt/p/itm4c11c0eefaf84?pid=TSHGNX33HBFS9GBM
flipkart,TSHHMD6B9WZDGB7G,Men,T-Shirts,VeBNoR,VeBNoR Solid Men Polo Neck Light Green T-Shirt,295,,70,,,Green,https://rukminim2.flixcart.com/image/612/612/xif0q/t-shirt/m/v/a/s-ts125-vebnor-original-imahmc2zskmncqxp.jpeg?q=70,https://www.flipkart.com/vebnor-solid-men-polo-neck-light-green-t-shirt/p/itm83671e2bbcec7?pid=TSHHMD6B9WZDGB7G
flipkart,TSHHQ5SVX3PD3MZG,Men,T-Shirts,stylesmyth,stylesmyth Self Design Men Round Neck Brown T-Shirt,128,,87,,,Brown,https://rukminim2.flixcart.com/image/612/612/xif0q/shopsy-t-shirt/z/g/b/l-mario-sp7-coffee-maroon-tex-solid-half-fashion-globe-original-imahq5qktr2dtwzx.jpeg?q=70,https://www.flipkart.com/stylesmyth-self-design-men-round-neck-brown-t-shirt/p/itm9b480d332139b?pid=TSHHQ5SVX3PD3MZG
flipkart,TSHH8CNZ3HWP498Z,Men,T-Shirts,TRIPR,TRIPR Solid Men Round Neck Multicolor T-Shirt,502,,74,,,,https://rukminim2.flixcart.com/image/612/612/xif0q/t-shirt/b/f/4/xxl-togr-chbl-gy-blrnplaind164-tripr-resized-original-imah8cnzgrdrfpnt.jpeg?q=70,https://www.flipkart.com/tripr-solid-men-round-neck-multicolor-t-shirt/p/itm29de9cf1f689f?pid=TSHH8CNZ3HWP498Z
flipkart,TSHHGK9QSTCYCHUU,Men,T-Shirts,Yazole,"Yazole Solid Men Round Neck Brown, Navy Blue T-Shirt",399,,80,,,Navy Blue,https://rukminim2.flixcart.com/image/612/612/xif0q/t-shirt/g/2/0/l-stylish-casual-wear-polo-neck-tshirt-yazole-original-imahgg38j6eq735k.jpeg?q=70,https://www.flipkart.com/yazole-solid-men-round-neck-brown-navy-blue-t-shirt/p/itm3467d723ff846?pid=TSHHGK9QSTCYCHUU
flipkart,TSHHHVDJDFWQBZ8F,Men,T-Shirts,StitchandPack,"StitchandPack Graphic Print, Self Design Men Round Neck White T-Shirt",394,,37,,,White,https://rukminim2.flixcart.com/image/612/612/xif0q/t-shirt/b/q/j/xxl-ac-milan-maldini-3-away-full-sleeve-embroidery-jersey-2006-original-imahhvdjv22tfcvj.jpeg?q=70,https://www.flipkart.com/stitchandpack-graphic-print-self-design-men-round-neck-white-t-shirt/p/itmc3863e7e6733f?pid=TSHHHVDJDFWQBZ8F
flipkart,TSHHQMAGGVHT8KX3,Men,T-Shirts,RMLKN,"RMLKN Printed Men Round Neck Black, Grey T-Shirt",97,,87,,,Black,https://rukminim2.flixcart.com/image/612/612/xif0q/t-shirt/h/l/m/l-vest-rmlkn-original-imahqnd9sswvhngs.jpeg?q=70,https://www.flipkart.com/rmlkn-printed-men-round-neck-black-grey-t-shirt/p/itm94d52bce166a3?pid=TSHHQMAGGVHT8KX3
flipkart,TSHHJD4EMHVDZGDH,Men,T-Shirts,TRIPR,TRIPR Solid Men Round Neck Multicolor T-Shirt,522,,73,,,,https://rukminim2.flixcart.com/image/612/612/xif0q/t-shirt/y/9/w/l-tgy-bl-bg-nvrn-dp-plaind164-tripr-resized-original-imahjd4ehbgpfgzg.jpeg?q=70,https://www.flipkart.com/tripr-solid-men-round-neck-multicolor-t-shirt/p/itm8b939f7b508f8?pid=TSHHJD4EMHVDZGDH
flipkart,TSHHZ93HKAF4C5ZE,Men,T-Shirts,Magneto,Magneto Graphic Print Men Round Neck Navy Blue T-Shirt,327,,74,,,Navy Blue,https://rukminim2.flixcart.com/image/612/612/xif0q/t-shirt/k/8/h/m-691-gadu-3-magneto-original-imahz9ysgvcma4s6.jpeg?q=70,https://www.flipkart.com/magneto-graphic-print-men-round-neck-navy-blue-t-shirt/p/itm924224a3ccec4?pid=TSHHZ93HKAF4C5ZE
flipkart,TSHHJZGXRFBJ7ZXC,Men,T-Shirts,KAJARU,"KAJARU Self Design Men Zip Neck Black, Brown T-Shirt",524,,59,,,Black,https://rukminim2.flixcart.com/image/612/612/xif0q/t-shirt/z/q/v/m-polo-8055-kajaru-original-imahjzgxafxh59xz.jpeg?q=70,https://www.flipkart.com/kajaru-self-design-men-zip-neck-black-brown-t-shirt/p/itma5739dd000b97?pid=TSHHJZGXRFBJ7ZXC
flipkart,TSHHGGZNHZMQHDBH,Men,T-Shirts,Yazole,"Yazole Solid Men Polo Neck Beige, Navy Blue T-Shirt",479,,76,,,Navy Blue,https://rukminim2.flixcart.com/image/612/612/xif0q/t-shirt/f/w/y/xxl-stylish-casual-wear-polo-neck-tshirt-yazole-original-imahgzu2btuznrxg.jpeg?q=70,https://www.flipkart.com/yazole-solid-men-polo-neck-beige-navy-blue-t-shirt/p/itmbf69d4d54a2d1?pid=TSHHGGZNHZMQHDBH
flipkart,TSHH7H3F7KVCGGTU,Men,T-Shirts,RMLKN,RMLKN Solid Men Round Neck Multicolor T-Shirt,420,,71,,,,https://rukminim2.flixcart.com/image/612/612/xif0q/t-shirt/w/m/k/m-100-r-rockin-tees-original-imahkhtjayuy9ggr.jpeg?q=70,https://www.flipkart.com/rmlkn-solid-men-round-neck-multicolor-t-shirt/p/itm3bb8c72767ab1?pid=TSHH7H3F7KVCGGTU
flipkart,TSHGXM6QGBFPEZKH,Men,T-Shirts,InkTees,InkTees Solid Men Round Neck Multicolor T-Shirt,416,,83,,,,https://rukminim2.flixcart.com/image/612/612/xif0q/t-shirt/r/7/b/xl-5rt3ogo-inktees-resized-original-imah33vdhr9gxcwc.jpeg?q=70,https://www.flipkart.com/inktees-solid-men-round-neck-multicolor-t-shirt/p/itm1e002039b1afe?pid=TSHGXM6QGBFPEZKH
flipkart,TSHGP945DRUW8VMY,Men,T-Shirts,Damensch,Damensch Solid Men Round Neck Black T-Shirt,746,,25,,,Black,https://rukminim2.flixcart.com/image/612/612/xif0q/t-shirt/m/z/d/-original-imahpvyanhkcpezf.jpeg?q=70,https://www.flipkart.com/damensch-solid-men-round-neck-black-t-shirt/p/itm246477a0a6908?pid=TSHGP945DRUW8VMY
flipkart,TSHHMF2PYRHQRHGS,Men,T-Shirts,COMBRAIDED,"COMBRAIDED Self Design Men Polo Neck White, Brown T-Shirt",475,,68,,,White,https://rukminim2.flixcart.com/image/612/612/xif0q/t-shirt/5/t/l/s-2mariio6-mozero-original-imahnfycz5jncfaz.jpeg?q=70,https://www.flipkart.com/combraided-self-design-men-polo-neck-white-brown-t-shirt/p/itm5ba606220b96d?pid=TSHHMF2PYRHQRHGS
flipkart,TSHHNG4BQBGG5BEW,Men,T-Shirts,VeBNoR,VeBNoR Self Design Men Polo Neck Dark Green T-Shirt,315,,68,,,Green,https://rukminim2.flixcart.com/image/612/612/xif0q/t-shirt/3/n/i/xl-ts135-vebnor-original-imahng3qbfrbnkay.jpeg?q=70,https://www.flipkart.com/vebnor-self-design-men-polo-neck-dark-green-t-shirt/p/itm76d4eee4fb508?pid=TSHHNG4BQBGG5BEW
flipkart,TSHHKJGUKPDWJXQX,Men,T-Shirts,FASHIONTRENDYY,FASHIONTRENDYY Typography Men Round Neck Black T-Shirt,180,,63,,,Black,https://rukminim2.flixcart.com/image/612/612/xif0q/t-shirt/l/8/6/m-fkt-mns-hl-im-ok-blk-m-fashiontrendyy-original-imahkjd4j9haczap.jpeg?q=70,https://www.flipkart.com/fashiontrendyy-typography-men-round-neck-black-t-shirt/p/itmef89a7fc1d515?pid=TSHHKJGUKPDWJXQX
flipkart,TSHHN4FSVGCZXBNG,Men,T-Shirts,Creation,"Creation By London Hills Solid Men Round Neck Black, White T-Shirt",368,,85,,,Black,https://rukminim2.flixcart.com/image/612/612/xif0q/t-shirt/y/z/g/s-creation-t-r-hf-451-458-creation-by-london-hills-original-imahn4y2gggksfje.jpeg?q=70,https://www.flipkart.com/creation-london-hills-solid-men-round-neck-black-white-t-shirt/p/itm1f080b92526d2?pid=TSHHN4FSVGCZXBNG
flipkart,TSHH9MFY4F64DHDH,Men,T-Shirts,Damensch,Damensch Solid Men Round Neck Maroon T-Shirt,649,,7,,,Maroon,https://rukminim2.flixcart.com/image/612/612/xif0q/t-shirt/c/t/y/xl-ts1097-drkwne-damensch-original-imahcgcgsagqxy7r.jpeg?q=70,https://www.flipkart.com/damensch-solid-men-round-neck-maroon-t-shirt/p/itmee4b99c78c351?pid=TSHH9MFY4F64DHDH
flipkart,TSHGGC3XTBYCQMG4,Men,T-Shirts,Damensch,Damensch Solid Men Round Neck Green T-Shirt,674,,24,,,Green,https://rukminim2.flixcart.com/image/612/612/xif0q/t-shirt/6/i/j/-original-imahq635dahwgh9m.jpeg?q=70,https://www.flipkart.com/damensch-solid-men-round-neck-green-t-shirt/p/itm928d4e0d7f0cc?pid=TSHGGC3XTBYCQMG4
flipkart,TSHHQQMY5YE5MHMX,Men,T-Shirts,SAHAL,SAHAL Graphic Print Men Round Neck Black T-Shirt,328,,34,,,Black,https://rukminim2.flixcart.com/image/612/612/xif0q/t-shirt/s/b/x/xl-esdbytgrgld490-sahal-original-imahqqmygqpyzpuz.jpeg?q=70,https://www.flipkart.com/sahal-graphic-print-men-round-neck-black-t-shirt/p/itm5fdfbe6950508?pid=TSHHQQMY5YE5MHMX
flipkart,TSHH6UECXF4UWG6Z,Men,T-Shirts,SEIZN,"SEIZN Graphic Print Men Round Neck Green, White T-Shirt",162,1259,83,,,White,https://rukminim2.flixcart.com/image/612/612/xif0q/t-shirt/e/k/u/s-printed-t-shirt-seizn-resized-2-original-imah6uecvdzjgspk.jpeg?q=70,https://www.flipkart.com/seizn-graphic-print-men-round-neck-green-white-t-shirt/p/itm930d9fb54c57c?pid=TSHH6UECXF4UWG6Z
amazon,B07MZG27XK,Men,Men's Clothing,Symbol,Amazon Brand - Symbol Men's Cotton Rich Solid Polo Tshirt | Collar Tshirts | Half Sleeves | Plain-Regular Fit,399,,,3.9,40049,,"https://images-eu.ssl-images-amazon.com/images/I/713n+TxyfCL._AC_UL600_SR600,400_.jpg",https://www.amazon.in/Amazon-Brand-Symbol-Polo_SS19PLS2_Fog-Teal_Large/dp/B07MZG27XK
amazon,B06Y2FG6R7,Men,Men's Clothing,Allen Solly,"Allen Solly Men's Polo T-Shirt | Comfortable Rich Cotton Blend, Band Collar, Regular Fit | Stylish & Premium All Day Wear",739,,,4.1,82690,,"https://images-eu.ssl-images-amazon.com/images/I/61yAbOVbQ6L._AC_UL600_SR600,400_.jpg",https://www.amazon.in/Allen-Solly-Regular-AMKP317G04249_Jet-Black_Large/dp/B06Y2FG6R7
amazon,B073WCC5YL,Men,Men's Clothing,Van Heusen,Van Heusen Men's Cotton Boxer Briefs Pack of 2 | Long Trunk | No ride-up | Super Combed Cotton for softness | Open Front Fly,478,,,4.1,17639,,"https://images-eu.ssl-images-amazon.com/images/I/61W8YLsLmSL._AC_UL600_SR600,400_.jpg",https://www.amazon.in/Van-Heusen-Cotton-Trunks-8907670962527_10032_Large_Anthra/dp/B073WCC5YL
amazon,B0CJFQWSYZ,Men,Men's Clothing,Jockey,Jockey 8009 Men Super Combed Cotton Solid Long Trunk Boxer Brief (Pack of 3),869,,,4.2,4313,,"https://images-eu.ssl-images-amazon.com/images/I/71bJHNOysZL._AC_UL600_SR600,400_.jpg",https://www.amazon.in/Jockey-Combed-Ultrasoft-Waistband-Colour_L/dp/B0CJFQWSYZ
amazon,B0DWK2B887,Men,Men's Clothing,KOTTY,KOTTY Mens Regular Fit Classic Design with Stylish Look Day Comfort Mid Rise Stretchable Jeans,460,,,3.6,2845,,"https://images-eu.ssl-images-amazon.com/images/I/61dFcpPdJkL._AC_UL600_SR600,400_.jpg",https://www.amazon.in/KOTTY-Regular-Distressed-Fashionable-Trendy/dp/B0DWK2B887
amazon,B012SX4XIQ,Men,Men's Clothing,Jockey,Jockey IC28 Men Tactel Microfiber Elastane Stretch Solid Trunk with Moisture Move Properties,599,,,4.4,14143,,"https://images-eu.ssl-images-amazon.com/images/I/71GEoTuryYL._AC_UL600_SR600,400_.jpg",https://www.amazon.in/Jockey-Mens-Tactal-Trunks-8901326106877_IC28_M_Black/dp/B012SX4XIQ
amazon,B014213DS8,Men,Men's Clothing,Jockey,Jockey 8037 Men Super Combed Cotton Solid Brief with Ultrasoft Waistband (Pack of 2),398,,,4.2,15000,,"https://images-eu.ssl-images-amazon.com/images/I/71XTN8f9rQL._AC_UL600_SR600,400_.jpg",https://www.amazon.in/Jockey-Ultrasoft-Durable-waistband-8037_Black_L/dp/B014213DS8
amazon,B071KKRY5N,Men,Men's Clothing,Lux Cozi,Lux Cozi Men's White Round Neck Sleeveless Cotton Vest (Pack of 3),349,,,4.2,14571,,"https://images-eu.ssl-images-amazon.com/images/I/71tcI8NJb9L._AC_UL600_SR600,400_.jpg",https://www.amazon.in/Lux-Cozi-Mens-Cotton-8904209871077_COZI_WH_RN_90_White/dp/B071KKRY5N
amazon,B0DGX12XXV,Men,Men's Clothing,SWAGR,"SWAGR 12 Pairs Sports Cotton Ankle Length Socks for Men, Pack of 12, Assorted",198,,,4.1,7918,,"https://images-eu.ssl-images-amazon.com/images/I/81ftVn2v5gL._AC_UL600_SR600,400_.jpg",https://www.amazon.in/SWAGR-Sports-Cotton-Length-Assorted/dp/B0DGX12XXV
amazon,B07C666KVN,Men,Men's Clothing,Jockey,Jockey 8820 Men's Super Combed Cotton Round Neck Sleeveless Vest with Extended Length for Easy Tuck (Pack of 3),635,,,4.3,13069,,"https://images-eu.ssl-images-amazon.com/images/I/71NUIQKUbcL._AC_UL600_SR600,400_.jpg",https://www.amazon.in/Jockey-Mens-Cotton-Assorted-Medium/dp/B07C666KVN
amazon,B076CMJXML,Men,Men's Clothing,Van Heusen,Van Heusen Men's Cotton Solid Regular Fit Collar Polo T-Shirt,739,,,4.0,45325,,"https://images-eu.ssl-images-amazon.com/images/I/51xOEh5DKYL._AC_UL600_SR600,400_.jpg",https://www.amazon.in/Van-Heusen-Solid-Regular-VSKP517S011419_Nautical_Large/dp/B076CMJXML
amazon,B0HBQVNZYW,Men,Men's Clothing,DEEMOON,DEEMOON Men's Premium Cotton Blend Printed Checkered Shirt | Full Sleeve Plaid Casual Button-Down Shirt | Soft & Comfortable,499,,,3.4,112,,"https://images-eu.ssl-images-amazon.com/images/I/81ochE-BbUL._AC_UL600_SR600,400_.jpg",https://www.amazon.in/DEEMOON-Premium-Flannel-Checkered-Button-Down/dp/B0HBQVNZYW
amazon,B0DHXJT8HR,Men,Men's Clothing,ROYALSCOUT,"ROYALSCOUT Men's Cotton Polyester Blend Solid Regular Fit Full Sleeve Short Kurta | Ethnic, Lightweight Summer Kurta for Daily & Occasion Use",495,,,4.0,3264,,"https://images-eu.ssl-images-amazon.com/images/I/616wcCoQNWL._AC_UL600_SR600,400_.jpg",https://www.amazon.in/ROYALSCOUT-Cotton-Polyester-Regular-Sleeve/dp/B0DHXJT8HR
amazon,B0FBWMFNLC,Men,Men's Clothing,DAMENSCH,"DAMENSCH Form Shapewear for Men, Comfortable and Stretchy Body Shaper for Man, Posture Correcting Tummy Tucker",979,,,3.5,723,,"https://images-eu.ssl-images-amazon.com/images/I/71Nyp3dk99L._AC_UL600_SR600,400_.jpg",https://www.amazon.in/DAMENSCH-Shapewear-Comfortable-Correcting-Compression/dp/B0FBWMFNLC
amazon,B0FWRYP7RN,Men,Men's Clothing,SMOWKLY,"Cargo for Men | Cotton Cargo Pant | Elastic Drawstring Waist Straight Fit Bottoms | Comfortable Breathable Cargos for Casual, Office Wear",745,,,4.1,1103,,"https://images-eu.ssl-images-amazon.com/images/I/41PpOUQbsCL._AC_UL600_SR600,400_.jpg",https://www.amazon.in/SMOWKLY-Comfortable-Drawstring-Waistband-1685_Gry_32/dp/B0FWRYP7RN
amazon,B0CVXQ9SKB,Men,Men's Clothing,Lux Cozi,Lux Cozi Men's Half Sleeve Solid Casual Regular Fit T-Shirt with Chest Pocket | Polo Tshirt for Men,364,,,3.9,3986,,"https://images-eu.ssl-images-amazon.com/images/I/61Qrj5J9F-L._AC_UL600_SR600,400_.jpg",https://www.amazon.in/Lux-Cozi-Sleeve-T-Shirt-Pocket_COZI_2122_MTGRN_L_1PC/dp/B0CVXQ9SKB
amazon,B08R8X6QB2,Men,Men's Clothing,Peter England,Peter England Men Cotton Ankle Length Socks,247,,,4.0,4816,,"https://images-eu.ssl-images-amazon.com/images/I/51P0U7RknsL._AC_UL600_SR600,400_.jpg",https://www.amazon.in/Peter-England-Cotton-Ankle-length/dp/B08R8X6QB2
amazon,B07XK9H5KF,Men,Men's Clothing,Levi's,"Levi's 025 Men's Premium Soft Cotton Solid T-Shirt - Round Neck, Short Sleeves with Side Branding (Pack of 1) Regular Fit",396,,,4.0,5878,,"https://images-eu.ssl-images-amazon.com/images/I/61CVgc6sFZL._AC_UL600_SR600,400_.jpg",https://www.amazon.in/Levis-Plain-Regular-T-Shirt-PR679313_Black/dp/B07XK9H5KF
amazon,B0C3HRWRBF,Men,Men's Clothing,ZORO,"ZORO Men's Genuine Leather Belt for Men | Black, Brown, Tan",269,,,4.0,2893,,"https://images-eu.ssl-images-amazon.com/images/I/71+aebqY0DL._AC_UL600_SR600,400_.jpg",https://www.amazon.in/ZORO-Genuine-Leather-Casual-Formal/dp/B0C3HRWRBF
amazon,B0DB5FHWGV,Men,Men's Clothing,Mehrang,Mehrang Men's Stretchable Formal Pant Trousers | Stylish Slim Fit Men's Wear Trousers for Office or Party | Polycotton Knitted Fabric,299,,,3.6,2871,,"https://images-eu.ssl-images-amazon.com/images/I/5152ghnzPJL._AC_UL600_SR600,400_.jpg",https://www.amazon.in/Mehrang-Trousers-Pockets-Numeric-Regular/dp/B0DB5FHWGV
amazon,B0DRFN3SBV,Men,Men's Clothing,Lymio,Lymio Men Shorts | Cotton Short for Men | with Pocket Style (Shorts-09-12),499,,,3.8,2116,,"https://images-eu.ssl-images-amazon.com/images/I/71vbruRnONL._AC_UL600_SR600,400_.jpg",https://www.amazon.in/Men-shorts-cotton-casual-Short-11-Lightgrey-L/dp/B0DRFN3SBV
amazon,B07X63HHPH,Men,Men's Clothing,Levi's,Levi's 010 Classic Boxer Briefs for Men | 100% Pure Cotton | Breathable | Branded Inner Elastic | Anti-Roll Waistband | Pack of 2,447,,,4.1,12624,,"https://images-eu.ssl-images-amazon.com/images/I/71haziYjpvL._AC_UL600_SR600,400_.jpg",https://www.amazon.in/Levis-010-BOXER-Brief-DK-GMEL-BLK-P2_Dark/dp/B07X63HHPH
amazon,B0B5GYS4YC,Men,Men's Clothing,XYXX,XYXX Men's Aero Super Combed Cotton Regular Fit Solid Antimicrobial Trunks with No Marks Waistband (Pack of 2),439,,,4.0,6069,,"https://images-eu.ssl-images-amazon.com/images/I/71AV4vLbVIL._AC_UL600_SR600,400_.jpg",https://www.amazon.in/XYXX-Cotton-Trunks-XYTRNK2PCKN404M_Black-Iris_M/dp/B0B5GYS4YC
amazon,B0G6F619BK,Men,Men's Clothing,Lymio,Lymio Track Pant for Men | Stylish Look Design Track Pant | Loose Fit Track Pant (Packs Also Available) (TP-79-82),378,,,3.8,503,,"https://images-eu.ssl-images-amazon.com/images/I/51V+TdBgX-L._AC_UL600_SR600,400_.jpg",https://www.amazon.in/Lymio-Track-Regular-Jogger-TP-80-Black-L/dp/B0G6F619BK
amazon,B0GWQSFZ98,Men,Men's Clothing,SWAGR,SWAGR 5 Pack Men's Super Combed Cotton Underwear Trunks | Classic TruComfort Fit | Powered by ZincShield Anti-Bacterial Tech,594.1,,,4.1,869,,"https://images-eu.ssl-images-amazon.com/images/I/71ehBlokZDL._AC_UL600_SR600,400_.jpg",https://www.amazon.in/SWAGR-TruComfort-Anti-Bacterial-Breathability-FlexStretch/dp/B0GWQSFZ98
amazon,B0D543JN4V,Men,Men's Clothing,Boldfit,"Boldfit Arm Sleeves for Men & Women UV Protection Hand Sleeve with Thumb Sun Protection Cover for Running, Bike Riding, Cricket - Nylon - Black - 2 Pair",249,,,3.9,3595,,"https://images-eu.ssl-images-amazon.com/images/I/61DD9AVIFEL._AC_UL600_SR600,400_.jpg",https://www.amazon.in/Boldfit-Sleeves-Protection-Running-Riding/dp/B0D543JN4V
amazon,B012STPJMY,Men,Men's Clothing,Jockey,Jockey 2714 Men Super Combed Cotton Rich Round Neck Half Sleeve Regular Fit T-Shirt,536,,,4.2,21467,,"https://images-eu.ssl-images-amazon.com/images/I/61u6Qz-GLKL._AC_UL600_SR600,400_.jpg",https://www.amazon.in/Jockey-2714-0105-WHITE-White-T-Shirt-2714-0105-WHITE_White_L/dp/B012STPJMY
amazon,B0FB91P8FG,Men,Men's Clothing,JUARI,JUARI BE A GENTLEMAN Men's Sleeveless Tank Top Premium Cotton Blend Gym Vest | Casual Summer Shirt | Breathable & Lightweight,291,,,4.0,422,,"https://images-eu.ssl-images-amazon.com/images/I/61xWsb300LL._AC_UL600_SR600,400_.jpg",https://www.amazon.in/JUARI-BE-GENTLEMAN-Mens-Sleeveless/dp/B0FB91P8FG
amazon,B0C96Y6V7Q,Men,Men's Clothing,Lux Cozi,Lux Cozi Men's Cotton Solid Polo Tshirt | Collar Tshirts | Half Sleeves | Stylish & Premium All Day Wear | Pack of 1 Regular Fit,364,,,3.8,8329,,"https://images-eu.ssl-images-amazon.com/images/I/61GBMyC4+NL._AC_UL600_SR600,400_.jpg",https://www.amazon.in/Lux-Cozi-Oxford-Regular-T-Shirt/dp/B0C96Y6V7Q
amazon,B0CK2B9ZZD,Men,Men's Clothing,Van Heusen,Van Heusen Men's Crew Neck T-Shirt - Soft & Breathable Cotton | Regular Fit | Comfortable Everyday Casual Wear | Short Sleeves | Solid Colors,486,,,4.0,1624,,"https://images-eu.ssl-images-amazon.com/images/I/61eAU7MvRSL._AC_UL600_SR600,400_.jpg",https://www.amazon.in/Van-Heusen-Regular-T-Shirt-IHTS1LWHE60052_White/dp/B0CK2B9ZZD
amazon,B010FMJKFS,Women,Women's Clothing,Jockey,"Jockey 1406 Women Cotton Hipster (Pack of 3, Colors & Prints May Vary)",449,,,4.2,45637,,"https://images-eu.ssl-images-amazon.com/images/I/71h1sBN9L2L._AC_UL600_SR600,400_.jpg",https://www.amazon.in/Jockey-Womens-Hipster-1406_Dark-Assorted_L/dp/B010FMJKFS
amazon,B0FDW6BD6C,Women,Women's Clothing,KLOSIA,KLOSIA Women's Rayon Printed Anarkali Kurta and Pant with Dupatta Set,799,,,4.1,9720,,"https://images-eu.ssl-images-amazon.com/images/I/71I53evweVL._AC_UL600_SR600,400_.jpg",https://www.amazon.in/KLOSIA-Women-Printed-Anarkali-Dupatta/dp/B0FDW6BD6C
amazon,B0H3PX2MH9,Women,Women's Clothing,GoSriKi,GoSriKi Kurta Set Women Viscose Printed | Kurti Set Woman | Kurta Pant Dupatta 3 Piece Outfit | V-Neck Elbow Length Sleeve Straight Fit Ethnic Wear,699,,,4.0,459,,"https://images-eu.ssl-images-amazon.com/images/I/61Rag7PIeiL._AC_UL600_SR600,400_.jpg",https://www.amazon.in/GoSriKi-Viscose-Straight-Printed-BROWN-GS-FBA_L_Brown_Large/dp/B0H3PX2MH9
amazon,B0DZCBQ225,Women,Women's Clothing,TRYLO,"TRYLO Riza T-FIT Women's Non-Padded, Non-Wired, Full Coverage, Seamless 100% Cotton Feel Fabric Bra Available in Multicolor",349,,,4.3,3706,,"https://images-eu.ssl-images-amazon.com/images/I/71Vak3ddC7L._AC_UL600_SR600,400_.jpg",https://www.amazon.in/TRYLO-T-FIT-36-MINK-D-CUP-T-FIT-BRA-36-MINK-D-CUP/dp/B0DZCBQ225
amazon,B07JVPXV2Q,Women,Women's Clothing,Van Heusen,Van Heusen Women's 100% Cotton Hipster Panty - Pack of 3 | Everyday Panty | Anti-Bacterial Tech | Keeps you dry and Fresh,399,,,4.0,17949,,"https://images-eu.ssl-images-amazon.com/images/I/61ePnJJv+-L._AC_UL600_SR600,400_.jpg",https://www.amazon.in/Van-Heusen-Hipster-11101_Dark-Assorted_L/dp/B07JVPXV2Q
amazon,B09HM2SRTH,Women,Women's Clothing,Mehrang,"Mehrang Stretchable Saree Shapewear Petticoat for Women, Cotton Blended, Petticoat, Skirts for Women, Shape Wear Dress for Saree",249,,,4.1,13256,,"https://images-eu.ssl-images-amazon.com/images/I/61kEVKPdeJL._AC_UL600_SR600,400_.jpg",https://www.amazon.in/Mehrang-Shapewear-Petticoat-Cotton-Blended/dp/B09HM2SRTH
amazon,B0GPQC7NXZ,Women,Women's Clothing,KLOSIA,KLOSIA Women's Printed Straight Kurta and Pant with Dupatta Set,699,,,4.1,1830,,"https://images-eu.ssl-images-amazon.com/images/I/616i8sDpl8L._AC_UL600_SR600,400_.jpg",https://www.amazon.in/KLOSIA-Womens-Printed-Straight-Dupatta/dp/B0GPQC7NXZ
amazon,B07KJLZWQV,Women,Women's Clothing,Jockey,Jockey 1722 Women Wirefree Non Padded Super Combed Cotton Everyday Bra,579,,,4.2,16552,,"https://images-eu.ssl-images-amazon.com/images/I/71UqCg6-mRL._AC_UL600_SR600,400_.jpg",https://www.amazon.in/Jockey-Wirefree-Concealed-Adjustable-Straps_Beet/dp/B07KJLZWQV
amazon,B0F38C7391,Women,Women's Clothing,KOTTY,KOTTY Women's Wide-Leg Trouser | Palazzo Pants | High Waist Flowy Trousers with Drawstring | Lightweight Casual & Travel Wear,420,,,4.4,492,,"https://images-eu.ssl-images-amazon.com/images/I/51wcaaSUKoL._AC_UL600_SR600,400_.jpg",https://www.amazon.in/KOTTY-Womens-Lightweight-Greige-KTTWOMENSPANT677XXL/dp/B0F38C7391
amazon,B0FLK4B4FL,Women,Women's Clothing,Shasmi,Shasmi Girl's & Women's Solid Color V-Neck A-Line Maxi Dress for Women | New Year Party Outfit | Waist Cinched Puff Sleeve Western | Elegant Casual Wear (Dress 246),599,,,4.4,2246,,"https://images-eu.ssl-images-amazon.com/images/I/61OzjLUVZZL._AC_UL600_SR600,400_.jpg",https://www.amazon.in/Shasmi-Cinched-Western-Elegant-246/dp/B0FLK4B4FL
amazon,B0H6M6TRN5,Women,Women's Clothing,SWAGR,SWAGR 5 Pack Women's High Coverage Super Combed Cotton Hipster Panty Set | Powered by ZincShield Anti-Bacterial Tech | BreatheSoft Fabric | MarkFree Waistband,398,,,4.2,339,,"https://images-eu.ssl-images-amazon.com/images/I/71M79-vFaqL._AC_UL600_SR600,400_.jpg",https://www.amazon.in/SWAGR-ZincShield-Anti-Bacterial-BreatheSoft-Multicolor/dp/B0H6M6TRN5
myntra,36036023,Men,T-Shirts,TQH,Men Typography Printed Slim Fit T-shirt,347,999,65,3.6,7,White,"https://assets.myntassets.com/h_200,w_200,c_fill,g_auto/h_1440,q_75,w_1080/v1/assets/images/2025/JULY/27/HcrTpvqn_98ab549c64ae4e1981bf9521851497d6.jpg",https://www.myntra.com/tshirts/tqh/tqh-men-typography-printed-slim-fit-t-shirt/36036023/buy
myntra,33096847,Men,T-Shirts,FABSTIEVE,Men Graphic Printed Round Neck Cotton T-shirt,241,1099,78.1,,,"Purple, White & Navy blue","https://assets.myntassets.com/h_200,w_200,c_fill,g_auto/h_1440,q_75,w_1080/v1/assets/images/2025/MARCH/12/xsqe85eq_44febd74020e45af83ea6ccabc915a3f.jpg",https://www.myntra.com/tshirts/fabstieve/fabstieve-men-graphic-printed-round-neck-cotton-t-shirt/33096847/buy
myntra,30281037,Men,T-Shirts,Allen Solly,Mandarin Collar Casual T-shirt,866,1699,49,4.6,87,Rust,"https://assets.myntassets.com/h_200,w_200,c_fill,g_auto/h_1440,q_75,w_1080/v1/assets/images/30281037/2024/8/1/36e55aaa-f0c0-4902-ab22-83591bfc3b251722491754679-Allen-Solly-Men-Tshirts-5781722491754273-1.jpg",https://www.myntra.com/tshirts/allensolly/allen-solly-mandarin-collar-casual-t-shirt/30281037/buy
myntra,33388260,Men,Shirts,Levis,Pure Cotton Striped Drop-Shoulder Sleeves Relaxed Fit Casual Shirt,1559,2999,48,4.3,7,Beige,"https://assets.myntassets.com/h_200,w_200,c_fill,g_auto/h_1440,q_75,w_1080/v1/assets/images/33388260/2025/5/16/f2d96e7f-56ef-4fc3-bd12-6e52cf1c1ef41747373670829-Mens-Striped-Relaxed-Fit-Camp-Shirt-241747373670455-1.jpg",https://www.myntra.com/shirts/levis/levis-pure-cotton-striped-drop-shoulder-sleeves-relaxed-fit-casual-shirt/33388260/buy
myntra,30012093,Men,T-Shirts,SLOWLORIS,Men Typography Printed Pockets T-shirt,571,1996,71,4.2,,Red,"https://assets.myntassets.com/h_200,w_200,c_fill,g_auto/h_1440,q_75,w_1080/v1/assets/images/30012093/2024/6/21/9afeff42-1e91-47d0-924e-1ca7722e98a81718968806491SlowlorisMenRedOver-SizedTshirtBio-WashCombedCottonFabric1.jpg",https://www.myntra.com/tshirts/slowloris/slowloris-men-typography-printed-pockets-t-shirt/30012093/buy
myntra,33736833,Men,T-Shirts,Wod Armour,Men Graphic Printed Round Neck Cotton T-shirt,759,1999,62,3.6,,White & Black,"https://assets.myntassets.com/h_200,w_200,c_fill,g_auto/h_1440,q_75,w_1080/v1/assets/images/2025/OCTOBER/6/NJfpQVJB_448547ff801b4dbb8cdc615b6104eb5b.jpg",https://www.myntra.com/tshirts/wodarmour/wod-armour-men-graphic-printed-round-neck-cotton-t-shirt/33736833/buy
myntra,33749718,Men,T-Shirts,TIMBER HITCH,Men Printed Polo Collar T-shirt,324,1299,75,,,White,"https://assets.myntassets.com/h_200,w_200,c_fill,g_auto/h_1440,q_75,w_1080/v1/assets/images/2025/APRIL/23/5RKcfWe2_02ba7f71b4c24af4835730e2795647aa.jpg",https://www.myntra.com/tshirts/timberhitch/timber-hitch-men-printed-polo-collar-t-shirt/33749718/buy
myntra,31859211,Men,T-Shirts,MENTOOS,Men Round Neck Textured Cotton T-shirt,371,1199,69,,,Green,"https://assets.myntassets.com/h_200,w_200,c_fill,g_auto/h_1440,q_75,w_1080/v1/assets/images/2024/DECEMBER/5/qoLFx8J6_c2ac82aff850412d8d85450677f439d8.jpg",https://www.myntra.com/tshirts/mentoos/mentoos-men-round-neck-textured-cotton-t-shirt/31859211/buy
myntra,33096113,Men,T-Shirts,FABSTIEVE,Men New Orleans Pelicans Neymar Printed T-shirt,241,1099,78.1,,,Red,"https://assets.myntassets.com/h_200,w_200,c_fill,g_auto/h_1440,q_75,w_1080/v1/assets/images/2025/MARCH/8/IeoCQOqI_b57c4b822ed84228b9715d8a30a7b18b.jpg",https://www.myntra.com/tshirts/fabstieve/fabstieve-men-new-orleans-pelicans-neymar-printed-t-shirt/33096113/buy
myntra,17780932,Men,Jeans,Roadster,Men Green Skinny Fit Light Fade Stretchable Jeans,587,1399,58,,,Green,"https://assets.myntassets.com/h_200,w_200,c_fill,g_auto/h_1440,q_75,w_1080/v1/assets/images/17780932/2022/8/30/ab4ab315-2034-483f-80c2-291f07a676401661841662956-Roadster-Men-Green-Skinny-Fit-Light-Fade-Stretchable-Jeans-1-1.jpg",https://www.myntra.com/jeans/roadster/roadster-men-green-skinny-fit-light-fade-stretchable-jeans/17780932/buy
myntra,33556913,Men,Jeans,ZAYSH,Men Regular Fit Mid-Rise Slash Knee Jeans,499,1249,60,,,Navy blue,"https://assets.myntassets.com/h_200,w_200,c_fill,g_auto/h_1440,q_75,w_1080/v1/assets/images/2025/APRIL/9/WZvYnN7a_70696fef70cd4288b05d65f146b76927.jpg",https://www.myntra.com/jeans/zaysh/zaysh-men-regular-fit-mid-rise-slash-knee-jeans/33556913/buy
myntra,32558319,Men,Jeans,H&M,Baggy Jeans,1889,2699,30,,,,"https://assets.myntassets.com/h_200,w_200,c_fill,g_auto/h_1440,q_75,w_1080/v1/assets/images/2025/SEPTEMBER/9/XHqMXcRN_14370f44ad60466bacffc751f438169c.jpg",https://www.myntra.com/jeans/h%26m/hm-baggy-jeans/32558319/buy
myntra,32530790,Men,Jeans,The Roadster Life Co.,Men Vintage Wash Mid-Rise Pure Cotton Light Fade Relaxed Fit Jeans,743,2399,69,,,Navy blue,"https://assets.myntassets.com/h_200,w_200,c_fill,g_auto/h_1440,q_75,w_1080/v1/assets/images/32530790/2025/4/15/3201a034-69ec-439d-8ed5-d6401ab41b7e1744700644300-Roadster-Men-Jeans-9721744700643661-1.jpg",https://www.myntra.com/jeans/roadster/the-roadster-life-co-men-vintage-wash-mid-rise-pure-cotton-light-fade-relaxed-fit-jeans/32530790/buy
myntra,34771696,Men,Jeans,THE BEETEL HOUSE,Men Loose Relaxed Fit Mid-Rise Jeans,896,2899,69,,,Blue,"https://assets.myntassets.com/h_200,w_200,c_fill,g_auto/h_1440,q_75,w_1080/v1/assets/images/2025/JUNE/5/vZe13V5r_fdfd3163b5d04df087118efbb71a2526.jpg",https://www.myntra.com/jeans/the+beetel+house/the-beetel-house-men-loose-relaxed-fit-mid-rise-jeans/34771696/buy
myntra,22911742,Men,Jeans,Roadster,Men Cargo Jogger Stretchable Jeans,2499,2599,4,,,,"https://assets.myntassets.com/h_200,w_200,c_fill,g_auto/h_1440,q_75,w_1080/v1/assets/images/22911742/2023/5/11/69c1efe9-e287-4792-8fa5-e99706c52e001683808831656-Roadster-Men-Jeans-3381683808831150-1.jpg",https://www.myntra.com/jeans/roadster/roadster-men-cargo-jogger-stretchable-jeans/22911742/buy
myntra,32477219,Women,Kurtis,Varanga,Ethnic Motifs Printed Notch Neck Cotton A-Line Kurti,639,1999,68,,,"Navy blue, white and blue","https://assets.myntassets.com/h_200,w_200,c_fill,g_auto/h_1440,q_75,w_1080/v1/assets/images/32477219/2025/1/27/73c50978-707a-49ad-b82a-897ccb389ea41737984319496-Varanga-Women-Printed-Indigo-Kurta-4411737984318926-5.jpg",https://www.myntra.com/kurtis/varanga/varanga-ethnic-motifs-printed-notch-neck-cotton-a-line-kurti/32477219/buy
myntra,22760980,Women,Kurtis,One Femme,Checked Pure Cotton Kurti,574,1700,66,,,Green,"https://assets.myntassets.com/h_200,w_200,c_fill,g_auto/h_1440,q_75,w_1080/v1/assets/images/22760980/2023/4/18/c459f75c-f113-48ed-8d64-e2d24c7487bb1681817575628-One-Femme-Women-Check-Printed-Short-Kurti-1011681817574987-1.jpg",https://www.myntra.com/kurtis/onefemme/one-femme-checked-pure-cotton-kurti/22760980/buy
myntra,32224912,Women,Kurtis,SUFIZA LIFESTYLE,Women Pure Cotton Kurti,818,3164,74,,,,"https://assets.myntassets.com/h_200,w_200,c_fill,g_auto/h_1440,q_75,w_1080/v1/assets/images/2025/JANUARY/6/GXyZVgbA_9162513d538b49cf8336480e33cba25e.jpg",https://www.myntra.com/kurtis/sufiza+lifestyle/sufiza-lifestyle-women-pure-cotton-kurti/32224912/buy
myntra,25183850,Women,Kurtis,HERE&NOW,Embroidered Chikankari Georgette Short Kurti,1250,3524,65,,,Yellow,"https://assets.myntassets.com/h_200,w_200,c_fill,g_auto/h_1440,q_75,w_1080/v1/assets/images/25183850/2023/9/25/7b7d35d7-dced-4c97-a1ef-032e1c586a271695633347372HERENOWMustardYellowEmbroideredChikankariChikankariKurti1.jpg",https://www.myntra.com/kurtis/here26now/herenow-embroidered-chikankari-georgette-kurti/25183850/buy
myntra,20667742,Women,Kurtas,Sangria,Women V-Neck Thread Work Kurta,614,2499,75,,,Blue,"https://assets.myntassets.com/h_200,w_200,c_fill,g_auto/h_1440,q_75,w_1080/v1/assets/images/20667742/2023/1/4/eead12d9-46a7-4996-8b33-b3808bf722641672812711169-Sangria-Women-Kurtas-1951672812710703-1.jpg",https://www.myntra.com/kurtas/sangria/sangria-women-v-neck-thread-work-kurta/20667742/buy
myntra,20399762,Men,Jackets,Status Quo,Men Brown Puffer Jacket,2727,4399,38,,,Brown,"https://assets.myntassets.com/h_200,w_200,c_fill,g_auto/h_1440,q_75,w_1080/v1/assets/images/20399762/2022/10/14/964752ab-d9d0-46ec-9b37-9bea5576af521665741895084Jackets1.jpg",https://www.myntra.com/jackets/status+quo/status-quo-men-brown-puffer-jacket/20399762/buy
myntra,31588216,Men,Jackets,Campus Sutra,Men Fleece-Lined Bomber Jacket,1599,3999,60,,,,"https://assets.myntassets.com/h_200,w_200,c_fill,g_auto/h_1440,q_75,w_1080/v1/assets/images/2024/NOVEMBER/9/nC06byjI_452e679db18a4eafb1af0703de3a7ee0.jpg",https://www.myntra.com/jackets/campussutra/campus-sutra-men-fleece-lined-bomber-jacket/31588216/buy
myntra,30745448,Men,Jackets,HIGHLANDER,Men Denim Jacket,1304,4499,71,,,,"https://assets.myntassets.com/h_200,w_200,c_fill,g_auto/h_1440,q_75,w_1080/v1/assets/images/2026/JANUARY/13/HDkpkGCL_c4e66bd030404d5fa9a430bf14b42b40.jpg",https://www.myntra.com/jackets/highlander/highlander-men-denim-jacket/30745448/buy
myntra,39428698,Men,Jackets,Metronaut,Men Denim Jacket,478,1299,63,,,,"https://assets.myntassets.com/h_200,w_200,c_fill,g_auto/h_1440,q_75,w_1080/v1/assets/images/2026/JANUARY/17/3r5Hxbpu_4a190ea96b0f4ab8ad4f8ae9d4842a03.jpg",https://www.myntra.com/jackets/metronaut/metronaut-men-denim-jacket/39428698/buy
myntra,25608700,Men,Sweatshirts,Bewakoof Heavy Duty 1.0,Men Snoopy Graphic Printed Oversized Hoodies,1379,3399,59,,,White and black,"https://assets.myntassets.com/h_200,w_200,c_fill,g_auto/h_1440,q_75,w_1080/v1/assets/images/2025/NOVEMBER/13/Tjl9kvd2_7ea0e2f5fc27465da0884a14742167b2.jpg",https://www.myntra.com/sweatshirts/bewakoofheavyduty/bewakoof-heavy-duty-10-men-snoopy-graphic-printed-oversized-hoodies/25608700/buy
myntra,28144454,Men,Track Pants,ADIDAS,Men Train Essential Seasonal Woven Training Track Pants,2049,4999,59,,,,"https://assets.myntassets.com/h_200,w_200,c_fill,g_auto/h_1440,q_75,w_1080/v1/assets/images/28144454/2024/3/27/4309a73b-a8c4-4967-9d8d-8b6da41b846d1711533177615-Tr-Es--Woven-Pt-4261711533177025-1.jpg",https://www.myntra.com/track-pants/adidas/adidas-men-train-essential-seasonal-woven-training-track-pants/28144454/buy
myntra,26896014,Men,Track Pants,Dollar,Men Solid Track Pant with Both Side Zipper Pocket,493,759,35,,,Grey melange,"https://assets.myntassets.com/h_200,w_200,c_fill,g_auto/h_1440,q_75,w_1080/v1/assets/images/26896014/2024/1/12/05069cc1-b6c7-4c5d-b676-d6273b0a00a71705063105998DollarMenCottonTrackPant1.jpg",https://www.myntra.com/track-pants/dollar/dollar-men-mid-rise-cotton-track-pant/26896014/buy
myntra,29931728,Men,Track Pants,Styli,Men Graphic Printed Oversized Cargo Joggers,748,1699,56,,,Grey,"https://assets.myntassets.com/h_200,w_200,c_fill,g_auto/h_1440,q_75,w_1080/v1/assets/images/29931728/2024/9/16/0530480a-e079-4794-81fc-0e15a0b60b471726479238721-Styli-Men-Graphic-Printed-Oversized-Cargo-Joggers-8591726479-1.jpg",https://www.myntra.com/track-pants/styli/styli-men-graphic-printed-oversized-cargo-joggers/29931728/buy
myntra,2038647,Men,Track Pants,Van Heusen Innerwear,Athleisure Men Smart Tech Easy Stain Release Joggers,1611,1719,6,,,,"https://assets.myntassets.com/h_200,w_200,c_fill,g_auto/h_1440,q_75,w_1080/v1/assets/images/2038647/2023/9/11/b0a3cdb0-30d7-4f0b-95c8-3921969fa6481694426459273VanHeusenAthleisureMenSmartTechEasyStainReleaseJoggers1.jpg",https://www.myntra.com/track-pants/vanheuseninnerwear/van-heusen-innerwear-athleisure-men-smart-tech-easy-stain-release-joggers/2038647/buy
myntra,23384646,Men,Track Pants,Muvazo,Men Straight Fit Convertible Track Pants,2095,3175,34,,,Olive,"https://assets.myntassets.com/h_200,w_200,c_fill,g_auto/h_1440,q_75,w_1080/v1/assets/images/23384646/2023/5/25/ac235955-b5a5-4e51-9aa0-615cf505c7fa1685012295389OliveConvertiblePants1.jpg",https://www.myntra.com/track-pants/muvazo/muvazo-men-straight-fit-convertible-track-pants/23384646/buy
myntra,32921787,Men,Track Pants,DOMYOS by Decathlon,Mens Fitness Jogging Bottoms 500 Essentials,1449,2099,31,,,,"https://assets.myntassets.com/h_200,w_200,c_fill,g_auto/h_1440,q_75,w_1080/v1/assets/images/2025/FEBRUARY/25/PX1b6Zfj_e65cd4e4e37c4b759d240eb93d1834e8.jpg",https://www.myntra.com/trousers/domyos+by+decathlon/domyos-by-decathlon-mens-fitness-jogging-bottoms-500-essentials/32921787/buy
myntra,22928826,Men,Kurtas,Turtle,Chest Pocket Band Collar Straight Cotton Kurta,699,1799,61,,,Blue,"https://assets.myntassets.com/h_200,w_200,c_fill,g_auto/h_1440,q_75,w_1080/v1/assets/images/22928826/2023/4/27/1f24385b-515a-4698-8771-be78ecf4cc491682614360629TurtleMenBlueThreadWorkKurta1.jpg",https://www.myntra.com/kurtas/turtle/turtle-chest-pocket-band-collar-straight-cotton-kurta/22928826/buy
myntra,18957308,Men,Kurtas,ROYAL KURTA,Men Black Pathani Kurta,1358,2499,46,,,Black,"https://assets.myntassets.com/h_200,w_200,c_fill,g_auto/h_1440,q_75,w_1080/v1/assets/images/18957308/2022/7/4/87c27d40-62f1-4488-b226-1147fb4c2f061656932642602ROYALKURTAMenBlackThreadWorkSummerSheersPathaniKurta1.jpg",https://www.myntra.com/kurtas/royalkurta/royal-kurta-men-black-pathani-kurta/18957308/buy
myntra,13495710,Men,Kurta Sets,Jompers,Men White Embroidered Republic Day Kurta with Pyjamas,899,2999,70,,,White,"https://assets.myntassets.com/h_200,w_200,c_fill,g_auto/h_1440,q_75,w_1080/v1/assets/images/13495710/2023/1/20/4bb39ad0-045f-4f31-be05-ccee0aaa9e951674194600944-Jompers-Men-White-Embroidered-Kurta-with-Pyjamas-42516741946-1.jpg",https://www.myntra.com/kurta-sets/jompers/jompers-men-white-embroidered-kurta-with-pyjamas/13495710/buy
myntra,33887228,Men,Kurta Sets,WELL TEX,Men Floral Printed Kurta with Pyjama Nehru Jacket,1299,2999,57,,,"Pink, Cream, White","https://assets.myntassets.com/h_200,w_200,c_fill,g_auto/h_1440,q_75,w_1080/v1/assets/images/2025/APRIL/30/xwMmfemX_8d04a8e7dae7447aaa09624e1e51fc13.jpg",https://www.myntra.com/kurta-sets/well+tex/well-tex-men-floral-printed-kurta-with-pyjama-nehru-jacket/33887228/buy
myntra,6787998,Men,Kurta Sets,SOJANYA,Men Maroon Solid Kurta with Pyjama,1233,2499,51,,,Maroon,"https://assets.myntassets.com/h_200,w_200,c_fill,g_auto/h_1440,q_75,w_1080/v1/assets/images/6787998/2023/8/1/0ab44f0a-4971-48a5-84a0-2553cdcb38571690885220056-SOJANYA-Men-Maroon-Solid-Kurta-with-Pyjama-4291690885219465-1.jpg",https://www.myntra.com/kurta-sets/sojanya/sojanya-men-maroon-solid-kurta-with-pyjama/6787998/buy
myntra,34670606,Women,Dresses,CODE By Lifestyle,Women Floral Print Fit & Flare Short Sleeves Mini Dress,1249,2499,50,,,Beige,"https://assets.myntassets.com/h_200,w_200,c_fill,g_auto/h_1440,q_75,w_1080/v1/assets/images/2025/JUNE/2/lBwp28xe_fcd29f5e5196432f87636e7bfb5311ae.jpg",https://www.myntra.com/dresses/codebylifestyle/code-by-lifestyle-women-floral-print-fit--flare-short-sleeves-mini-dress/34670606/buy
myntra,33865677,Women,Dresses,Taavi,Women Flortal Printed Shirt Style Dress,791,3299,76,,,,"https://assets.myntassets.com/h_200,w_200,c_fill,g_auto/h_1440,q_75,w_1080/v1/assets/images/2026/JANUARY/8/gmZs0BGt_221a3064b13c49c18f967c305eda3500.jpg",https://www.myntra.com/dresses/taavi/taavi-women-flortal-printed-shirt-style-dress/33865677/buy
myntra,30722829,Women,Dresses,Stylum,Floral Print Fit & Flare Maxi Dress,749,2899,74.2,,,Orange,"https://assets.myntassets.com/h_200,w_200,c_fill,g_auto/h_1440,q_75,w_1080/v1/assets/images/2024/AUGUST/26/s993a96G_f8bee3c0e73344f69eb406e748e2c91a.jpg",https://www.myntra.com/dresses/stylum/stylum-floral-print-fit--flare-maxi-dress/30722829/buy
myntra,30554486,Women,Dresses,HERE&NOW,Polka Dot Print Maxi Midi Dress,1154,3499,67,,,Maroon,"https://assets.myntassets.com/h_200,w_200,c_fill,g_auto/h_1440,q_75,w_1080/v1/assets/images/2024/AUGUST/12/VotgE4ov_edb45a491d5c4033aaddc487921260ae.jpg",https://www.myntra.com/dresses/here26now/herenow-polka-dot-print-maxi-midi-dress/30554486/buy
myntra,29233674,Women,Dresses,SASSAFRAS,Blue Strapless Denim Bodycon Midi Dress,1031,2399,57,,,Blue,"https://assets.myntassets.com/h_200,w_200,c_fill,g_auto/h_1440,q_75,w_1080/v1/assets/images/29233674/2024/4/29/3aed127e-0b58-40a2-95da-d8030a91645d1714359827825SASSAFRASDenimBodyconMidiDress1.jpg",https://www.myntra.com/dresses/sassafras/sassafras-blue-strapless-denim-bodycon-midi-dress/29233674/buy
myntra,22455778,Women,Dresses,SASSAFRAS,Striped Side Slit Cut-Out Detail Sheath Midi Dress,799,1999,60,,,"Blue, white & mustard yellow","https://assets.myntassets.com/h_200,w_200,c_fill,g_auto/h_1440,q_75,w_1080/v1/assets/images/22455778/2023/3/21/b192ed3c-25b0-4a8b-9de2-8a78a03be3051679415604333Dresses1.jpg",https://www.myntra.com/dresses/sassafras/sassafras-striped-side-slit-cut-out-detail-sheath-midi-dress/22455778/buy
myntra,25069392,Women,Dresses,STREET 9,Off Shoulder Net Fit & Flare Above Knee Dress,623,2599,76,,,Pink,"https://assets.myntassets.com/h_200,w_200,c_fill,g_auto/h_1440,q_75,w_1080/v1/assets/images/25069392/2023/9/20/8c36d5f5-dfbf-42c1-913d-6bc6deb0d5291695158534498STREET9PinkNetFitFlareDress1.jpg",https://www.myntra.com/dresses/street9/street-9-off-shoulder-net-fit--flare-above-knee-dress/25069392/buy
myntra,33445024,Women,Dresses,R&B,Women Nautical Print Midi A-Line Dress,639,799,20,,,,"https://assets.myntassets.com/h_200,w_200,c_fill,g_auto/h_1440,q_75,w_1080/v1/assets/images/2025/APRIL/2/odpNLxbv_28defb106fb64f94b3ae89a5987ec3a9.jpg",https://www.myntra.com/dresses/r26b/rb-women-nautical-print-midi-a-line-dress/33445024/buy
myntra,34689850,Men,Shorts,WILD ELEPHANT,Men Mid Rise Striped Relexed Fit Sports Shorts,448,1599,72,,,Black,"https://assets.myntassets.com/h_200,w_200,c_fill,g_auto/h_1440,q_75,w_1080/v1/assets/images/2025/JUNE/4/PqrLXRUo_95bc929eb4894261abeb4c9f4e74722f.jpg",https://www.myntra.com/shorts/wild+elephant/wild-elephant-men-mid-rise-striped-relexed-fit-sports-shorts/34689850/buy
myntra,20484348,Women,Co-ords,Berrylush,Pink 3-Piece Printed Top with Shorts and Shrug,1088,3200,66,,,Pink,"https://assets.myntassets.com/h_200,w_200,c_fill,g_auto/h_1440,q_75,w_1080/v1/assets/images/20484348/2022/11/10/920bc78a-5d2e-4765-893b-17aa622b8e931668060075149-Berrylush-Women-Pink-Floral-Printed-Cami-Top--Tie-Front-Shor-1.jpg",https://www.myntra.com/co-ords/berrylush/berrylush-women--pink-printed-top-with--shorts/20484348/buy
myntra,31944067,Women,Co-ords,Miss Mosa By Akanksha,Off White Jules 3 Piece Coord Set - Resortwear Set,2598,3149,17,,,Off white,"https://assets.myntassets.com/h_200,w_200,c_fill,g_auto/h_1440,q_75,w_1080/v1/assets/images/2025/SEPTEMBER/11/wMNr47hs_e6d61ede32054e449e8020d0557d0d3d.jpg",https://www.myntra.com/co-ords/miss+mosa+by+akanksha/miss-mosa-by-akanksha--off-white-jules-3-piece-coord-set---resortwear-set/31944067/buy
myntra,20311842,Women,Co-ords,Berrylush,Women Solid Winter Co-Ord Set,1835,5099,64,,,Pink,"https://assets.myntassets.com/h_200,w_200,c_fill,g_auto/h_1440,q_75,w_1080/v1/assets/images/20311842/2023/1/17/19e67685-ffaa-48a9-ae81-74baa8de36a21673952644052-Berrylush-Women-Solid-Winter-Co-Ord-Set-991673952643453-1.jpg",https://www.myntra.com/co-ords/berrylush/berrylush-women-solid-winter-co-ord-set/20311842/buy
myntra,31471744,Women,Tops,SASSAFRAS,Women Off-Shoulder Belted Layered Peplum Top,395,2199,82,,,Beige,"https://assets.myntassets.com/h_200,w_200,c_fill,g_auto/h_1440,q_75,w_1080/v1/assets/images/2024/NOVEMBER/2/zYH3zJKp_723feeb6e82249328ff0d4f23a3c3362.jpg",https://www.myntra.com/tops/sassafras/sassafras-women-off-shoulder-belted-layered-peplum-top/31471744/buy
myntra,15475818,Women,Palazzos,Miaz Lifestyle,Miaz Lifestyle Women Set of 2 White & Blue Floral Embroidered Ethnic Palazzos,974,2499,61,0.0,0.0,White,https://assets.myntassets.com/assets/images/15475818/2021/9/17/cf61bd13-b82e-4307-81c7-d535b6c4c37b1631823435168MiazLifestyleWomenMulti1.jpg,https://www.myntra.com/palazzos/miaz-lifestyle/miaz-lifestyle-women-set-of-2-white--blue-floral-embroidered-ethnic-palazzos/15475818/buy
myntra,12739096,Women,Palazzos,N-Gal,N-Gal Women Peach-Coloured Solid Flared Palazzos,489,1399,65,0.0,0.0,Peach,https://assets.myntassets.com/assets/images/productimage/2020/10/15/0cb7af87-6fe9-4ede-b76d-0a78fc01cff71602715870116-1.jpg,https://www.myntra.com/palazzos/n-gal/n-gal-women-peach-coloured-solid-flared-palazzos/12739096/buy
myntra,11515678,Women,Tops,Soie,Soie Women Blue & White Striped Peplum Top,1240,1240,70,4.4,16.0,White,https://assets.myntassets.com/assets/images/productimage/2020/2/14/00144d44-bd8a-4659-8c3c-9e1d9efe65351581630752357-1.jpg,https://www.myntra.com/tops/soie/soie-women-blue--white-striped-peplum-top/11515678/buy
myntra,10182313,Women,Tops,Style Quotient,Style Quotient Women Navy Blue & Peach-Coloured Printed Regualr Top,379,999,62,1.5,2.0,Navy Blue,https://assets.myntassets.com/assets/images/10182313/2019/7/25/36ebba55-a427-4103-9f48-9f972d8629521564040269446-Style-Quotient-Women-Brown-Striped-A-Line-Top-31015640402674-1.jpg,https://www.myntra.com/tops/style-quotient/style-quotient-women-navy-blue--peach-coloured-printed-regualr-top/10182313/buy
myntra,21199848,Women,Tshirts,Calvin Klein Jeans,Calvin Klein Jeans Women Turtle Neck Slim Fit T-shirt with Logo Print,2099,3499,40,4.7,13.0,,https://assets.myntassets.com/assets/images/21199848/2022/12/29/0080402c-78fe-4fe8-85e6-da3c1b03e7321672293458073-Calvin-Klein-Jeans-Women-Tshirts-2931672293457505-1.jpg,https://www.myntra.com/tshirts/calvin-klein-jeans/calvin-klein-jeans-women-turtle-neck-slim-fit-t-shirt-with-logo-print/21199848/buy
myntra,17732148,Women,Tshirts,LastInch,LastInch Women Beige V-Neck Casual Cotton T-shirt,999,999,,4.3,6.0,Beige,https://assets.myntassets.com/assets/images/17732148/2022/4/1/32fa45c3-7450-40bc-b71f-952699a5ef901648825696764LastInchWomenBeigeV-NeckOutdoorT-shirt1.jpg,https://www.myntra.com/tshirts/lastinch/lastinch-women-beige-v-neck-casual-cotton-t-shirt/17732148/buy
myntra,17664076,Women,Shirts,CHIMPAAANZEE,CHIMPAAANZEE Women White & Black Boxy Checked Casual Shirt,649,999,35,4.3,91.0,Black,https://assets.myntassets.com/assets/images/17664076/2022/3/28/f7d19b2e-60a8-4b78-b231-fdb3be4166c51648490736163CHIMPAAANZEEWomenWhiteBoxyTartanChecksCheckedCasualShirt1.jpg,https://www.myntra.com/shirts/chimpaaanzee/chimpaaanzee-women-white--black-boxy-checked-casual-shirt/17664076/buy
myntra,16906358,Women,Tops,Taavi,Taavi Women Maroon & Black Bagru Hand Block Printed Top with Button Detail,551,2299,76,3.7,37.0,Maroon,https://assets.myntassets.com/assets/images/16906358/2022/2/9/5db2d08f-4168-4f93-a0e0-b216d7aa7ad31644407337428-Taavi-Women-Tops-6381644407337042-1.jpg,https://www.myntra.com/tops/taavi/taavi-women-maroon--black-bagru-hand-block-printed-top-with-button-detail/16906358/buy
myntra,21199730,Women,Tshirts,Calvin Klein Jeans,Calvin Klein Jeans Women Typography Printed T-shirt,1799,2999,40,4.1,10.0,,https://assets.myntassets.com/assets/images/21199730/2022/12/29/f130ea9c-bf59-4442-a241-4c55dd8dc71b1672290227675-Calvin-Klein-Jeans-Women-Tshirts-4591672290227110-1.jpg,https://www.myntra.com/tshirts/calvin-klein-jeans/calvin-klein-jeans-women-typography-printed-t-shirt/21199730/buy
myntra,12806356,Women,Saree Blouse,VASTRANAND,VASTRANAND Women Maroon Cotton Solid Stretchable Saree Blouse,1195,1195,47,4.4,80.0,Maroon,https://assets.myntassets.com/assets/images/12806356/2020/12/17/64d0fa47-8309-4a12-badb-bbbfe54e73e11608198484981-Women-Maroon-Coloured-Solid-Stretchable-Saree-Blouse-1961608-1.jpg,https://www.myntra.com/saree-blouse/vastranand/vastranand-women-maroon-cotton-solid-stretchable-saree-blouse/12806356/buy
myntra,18069166,Women,Jeans,Levis,Levis Women Blue 710 Super Skinny Fit Light Fade Mid- Rise Stretchable Jeans,2159,2699,20,4.3,341.0,Blue,https://assets.myntassets.com/assets/images/18069166/2022/9/13/bfde6794-a635-4e2d-93e4-546c48fabb8d1663048008333-Levis-Women-Blue-710-Super-Skinny-Fit-Light-Fade-Mid--Rise-S-1.jpg,https://www.myntra.com/jeans/levis/levis-women-blue-710-super-skinny-fit-light-fade-mid--rise-stretchable-jeans/18069166/buy
myntra,13842592,Women,Saree Blouse,VASTRANAND,VASTRANAND Women's Red and Orange Printed Stretchable Blouse,1195,1195,51,4.0,67.0,Orange,https://assets.myntassets.com/assets/images/13842592/2021/3/26/b2fdebc3-fe82-4619-9c0a-ea78cfc764141616760875887-Women-Red-Coloured-Solid-Stretchable-Self-Work-Blouse-821161-1.jpg,https://www.myntra.com/saree-blouse/vastranand/vastranand-womens-red-and-orange-printed-stretchable-blouse/13842592/buy
myntra,20720200,Women,Track Pants,SASSAFRAS,SASSAFRAS Women Green Solid Fleece Joggers,699,1999,65,3.9,25.0,Green,https://assets.myntassets.com/assets/images/20720200/2023/3/2/67c5102e-1de6-4390-86eb-0e123f16f3071677734697593-SASSAFRAS-Women-Green-Solid-Fleece-Joggers-6361677734691084-1.jpg,https://www.myntra.com/track-pants/sassafras/sassafras-women-green-solid-fleece-joggers-/20720200/buy
myntra,17734690,Women,Shapewear,VAIRAGEE,VAIRAGEE Women Magenta Solid Saree Shapewear,799,1999,60,2.9,8.0,Magenta,https://assets.myntassets.com/assets/images/17734690/2022/4/4/5ea8cf4f-e6b7-4c71-a1ef-05ecf20c7f5a1649072421088VAIRAGEEWomenMagentaSolidSareeShapewear1.jpg,https://www.myntra.com/shapewear/vairagee/vairagee-women-magenta-solid-saree-shapewear/17734690/buy
myntra,17582646,Women,Shirts,20Dresses,20Dresses Women Blue Printed Casual Shirt,1595,1595,,4.0,10.0,Blue,https://assets.myntassets.com/assets/images/17582646/2022/3/19/c725adb5-65a7-419c-8521-743026c38fdb164766945599120DressesWomenBlueCheckedSemiformalShirt1.jpg,https://www.myntra.com/shirts/20dresses/20dresses-women-blue-printed-casual-shirt/17582646/buy
myntra,18069214,Women,Tshirts,Levis,Levis Women Pink Solid Slim Fit Pure Cotton Slim Fit T-shirt,719,1499,52,4.1,136.0,Pink,https://assets.myntassets.com/assets/images/18069214/2023/7/27/a42ad4f5-e505-4df9-af45-c1f1afa093ca1690455323863LevisWomenPinkSolidSlimFitPureCottonSlimFitT-shirt1.jpg,https://www.myntra.com/tshirts/levis/levis-women-pink-solid-slim-fit-pure-cotton-slim-fit-t-shirt/18069214/buy
myntra,18069302,Women,Jeans,Levis,Levis Women Black 710 Super Skinny Fit High-Rise Light Fade Stretchable Jeans,2319,2899,44,3.9,811.0,Black,https://assets.myntassets.com/assets/images/18069302/2022/9/17/09ce748c-3441-4894-8370-c0012087474a1663417655374-Levis-Women-Black-710-Super-Skinny-Fit-High-Rise-Light-Fade--1.jpg,https://www.myntra.com/jeans/levis/levis-women-black-710-super-skinny-fit-high-rise-light-fade-stretchable-jeans/18069302/buy
myntra,22367928,Women,Track Pants,Blissclub,Blissclub The Groove In Women High Rise Flared Track Pants - Tall,1699,2199,22,4.2,15.0,,https://assets.myntassets.com/assets/images/22367928/2023/5/27/c027cb06-11bc-4d0e-90e9-b34256fdfd951685173531357-Blissclub-Women-High-Waist-Boot-Cut-Sports-Track-Pants-60316-11.jpg,https://www.myntra.com/track-pants/blissclub/-blissclub-women-bootcut-track-pants-/22367928/buy
myntra,19744520,Women,Sarees,Vardha,Vardha Women Maroon & Gold-Toned Floral Zari Silk Blend Kanjeevaram Saree,1839,4599,60,0.0,0.0,Maroon,https://assets.myntassets.com/assets/images/19744520/2022/9/1/7d077027-9f3f-4ad8-8bc5-5deec78b5bd11662037082798VardhaMaroonGold-TonedFloralZariSilkBlendKanjeevaramSaree1.jpg,https://www.myntra.com/sarees/vardha/vardha-women-maroon--gold-toned-floral-zari-silk-blend-kanjeevaram-saree/19744520/buy
myntra,16566240,Women,Shirts,ANI,ANI Women Black Slim Fit Gingham Checks Checked Casual Shirt,424,2499,83,4.3,32.0,Black,https://assets.myntassets.com/assets/images/16566240/2021/12/21/7a08a5af-b950-41f7-8a2b-db90767c59f71640060816578ANIWomenBlackSlimFitGinghamChecksCheckedCasualShirt1.jpg,https://www.myntra.com/shirts/ani/ani-women-black-slim-fit-gingham-checks-checked-casual-shirt/16566240/buy
myntra,18771408,Women,Tshirts,DILLINGER,DILLINGER Women Sea Green & Navy Blue Typography Pure Cotton Oversized T-shirt,449,1499,70,4.4,47.0,Navy Blue,https://assets.myntassets.com/assets/images/18771408/2022/7/21/09243231-0bb0-4677-acab-1dd8900e61601658395263224-DILLINGER-Women-Tshirts-9071658395262539-1.jpg,https://www.myntra.com/tshirts/dillinger/dillinger-women-sea-green--navy-blue-typography-pure-cotton-loose-oversized-t-shirt/18771408/buy
myntra,20316466,Women,Track Pants,GRIFFEL,GRIFFEL Women White Solid joggers,899,2999,70,5.0,5.0,White,https://assets.myntassets.com/assets/images/20316466/2022/10/7/8719e015-d906-40cc-857c-b13f980f1d0e1665145264463TrackPants1.jpg,https://www.myntra.com/track-pants/griffel/griffel-women-white-solid-joggers/20316466/buy
myntra,18770518,Women,Tops,Trendyol,Trendyol Women Grey Melange Solid Fitted Ribbed Top with Lettuce Edge Sleeves,719,899,20,3.8,17.0,Grey,https://assets.myntassets.com/assets/images/18770518/2022/6/29/dd659a28-0ee8-4615-b3b6-56719e9b8de11656507020994TopsTrendyolWomenTopsTrendyolWomenTopsTrendyolWomenTopsTrend1.jpg,https://www.myntra.com/tops/trendyol/trendyol-women-grey-melange-solid-fitted-ribbed-top-with-lettuce-edge-sleeves/18770518/buy
myntra,8901839,Women,Tops,UNDER ARMOUR,UNDER ARMOUR Women Black HeatGear Armour Tank Top,1599,1999,20,4.3,51.0,Black,https://assets.myntassets.com/assets/images/8901839/2019/5/3/81bb7eeb-9883-4bf7-bd9e-74fd683d06f31556872664519-UNDER-ARMOUR-Women-Black-HeatGear-Armour-Tank-Top-1415568726-1.jpg,https://www.myntra.com/tops/under-armour/under-armour-women-black-heatgear-armour-tank-top/8901839/buy
myntra,19095452,Women,Lingerie Set,StyFun,StyFun Women Black Self Design Lingerie Set S_Stone_Set_Black_B,477,2599,81,0.0,0.0,Black,https://assets.myntassets.com/assets/images/19095452/2022/7/14/f9113b2c-5219-4984-8b9a-8dcb0e87c4d61657802610585StyFunWomenBlackSelfDesignLingerieSet1.jpg,https://www.myntra.com/lingerie-set/styfun/styfun-women-black-self-design-lingerie-set-sstonesetblackb/19095452/buy
myntra,17644538,Women,Palazzos,Libas,Libas Women Peach-Coloured Ethnic Motifs Printed Palazzos,517,1399,63,4.2,78.0,Peach,https://assets.myntassets.com/assets/images/17644538/2022/4/6/85f482d5-d5ff-4c16-b1b4-a118cf240f431649247779141-Libas-Women-Palazzos-251649247778454-1.jpg,https://www.myntra.com/palazzos/libas/libas-women-peach-coloured-ethnic-motifs-printed-palazzos/17644538/buy
myntra,17663982,Women,Shirts,CHIMPAAANZEE,CHIMPAAANZEE Women Black Classic Boxy Striped Casual Shirt,449,899,50,4.4,5.0,Black,https://assets.myntassets.com/assets/images/17663982/2022/3/29/f74c1dbd-7a97-4774-9c6d-daeba244282c1648495109749CHIMPAAANZEEWomenBlackClassicStripedCasualShirt1.jpg,https://www.myntra.com/shirts/chimpaaanzee/chimpaaanzee-women-black-classic-boxy-striped-casual-shirt/17663982/buy
myntra,15523124,Women,Palazzos,GRACIT,GRACIT Women Pack of 2 Printed Knitted Ethnic Palazzos,831,2189,62,0.0,0.0,,https://assets.myntassets.com/assets/images/15523124/2021/9/18/a4a6ff9f-afb8-4811-b527-3a909b8e1fb91631948117828WomenPeachSkinRayonLeavesPrintedPlainPalazzo1.jpg,https://www.myntra.com/palazzos/gracit/gracit-women-pack-of-2-printed-knitted-ethnic-palazzos/15523124/buy
myntra,15462196,Women,Palazzos,GRACIT,GRACIT Women Pack Of 2 Green & Black Printed Flared Knitted Ethnic Palazzos,835,2198,62,0.0,0.0,Black,https://assets.myntassets.com/assets/images/15462196/2021/9/14/67d18696-5c0d-4719-aa22-ba449e361a3c1631619458382WomenMahendiBlackBlockPrintedPlainPalazzo1.jpg,https://www.myntra.com/palazzos/gracit/gracit-women-pack-of-2-green--black-printed-flared-knitted-ethnic-palazzos/15462196/buy
myntra,17442820,Women,Tops,Tokyo Talkies,Tokyo Talkies Women Black & Gold Printed Top,1849,1849,78,3.8,135.0,Black,https://assets.myntassets.com/assets/images/17442820/2022/3/9/48a4c7dc-fadc-427e-aadb-64177d03169e1646809168855TokyoTalkiesBlackStripedTop1.jpg,https://www.myntra.com/tops/tokyo-talkies/tokyo-talkies-women-black--gold-printed-top/17442820/buy
myntra,15462214,Women,Palazzos,GRACIT,GRACIT Women Set of 2 Pink & Green Printed Flared Knitted Ethnic Palazzos,835,2198,62,0.0,0.0,Green,https://assets.myntassets.com/assets/images/15462214/2021/9/14/eb71ec45-29d8-43ac-b6e8-e3f076e4fcfd1631617481489WomenPinkGreenBlockPrintedPlainPalazzo1.jpg,https://www.myntra.com/palazzos/gracit/gracit-women-set-of-2-pink--green-printed-flared-knitted-ethnic-palazzos/15462214/buy
myntra,17721886,Women,Tops,Athena,Athena Women Stunning Blue Abstract Baby Tee,299,1499,80,4.1,25.0,Blue,https://assets.myntassets.com/assets/images/17721886/2023/4/11/d72e75f3-c665-4972-9688-22f761c2d7251681195009509-Athena-Women-Stunning-Blue-Abstract-Baby-Tee-148168119500942-11.jpg,https://www.myntra.com/tops/athena/athena-women-stunning-blue-abstract-baby-tee/17721886/buy
myntra,17822168,Women,Tops,Tokyo Talkies,Tokyo Talkies Women Pink Cutout Crop Top,549,549,27,4.2,554.0,Pink,https://assets.myntassets.com/assets/images/17822168/2022/4/8/d9ec2330-26ba-43b0-b7c2-8cba2ef08d7d1649419712595TokyoTalkiesPinkTop1.jpg,https://www.myntra.com/tops/tokyo-talkies/tokyo-talkies-women-pink-cutout-crop-top/17822168/buy
myntra,13842606,Women,Saree Blouse,VASTRANAND,VASTRANAND Women Black & Gold-Coloured Foil Printed Stretchable Blouse,1195,1195,51,3.8,29.0,Black,https://assets.myntassets.com/assets/images/13842606/2021/3/26/db96652b-4b92-4ba8-95dd-4dbb2a59e7321616760898354-Women-Black-Coloured-Solid-Stretchable-Self-Work-Blouse-3241-1.jpg,https://www.myntra.com/saree-blouse/vastranand/vastranand-women-black--gold-coloured-foil-printed-stretchable-blouse/13842606/buy
myntra,15002356,Women,Thermal Bottoms,Jockey,Jockey Women Cream Thermal Leggings,639,639,,4.5,115.0,Cream,https://assets.myntassets.com/assets/images/15002356/2024/1/2/7968efe4-2cb6-4818-a11e-55a549ec2a241704194947234JockeyWomenCreamThermalLeggings1.jpg,https://www.myntra.com/thermal-bottoms/jockey/jockey-women-cream-thermal-leggings/15002356/buy
myntra,15523070,Women,Palazzos,GRACIT,GRACIT Women Set of 2 Green & Mustard Printed Rayon Palazzos,831,2189,62,0.0,0.0,Mustard,https://assets.myntassets.com/assets/images/15523070/2021/9/18/13a29fd5-47cd-4a23-8b0d-a0e0bce601a81631947263028WomenMahendiSkinRayonLeavesPrintedPlainPalazzo1.jpg,https://www.myntra.com/palazzos/gracit/gracit-women-set-of-2-green--mustard-printed-rayon-palazzos/15523070/buy
myntra,17709398,Women,Shirts,Berrylush,Berrylush Women Pretty White Conversational Zoom Friendly Collar Shirt,799,1599,44,3.5,31.0,White,https://assets.myntassets.com/assets/images/17709398/2022/4/18/cfd96d6b-f952-438f-9486-2ab393b8dbe11650279390859-Berrylush-Women-White-Hearts-Conversational-Print-Shirt-1391-1.jpg,https://www.myntra.com/shirts/berrylush/berrylush-women-pretty-white-conversational-zoom-friendly-collar-shirt/17709398/buy
myntra,17661090,Women,Kurtas,itse,itse Women Off White Geometric Printed Kurta,1399,1399,,4.0,5.0,Off White,https://assets.myntassets.com/assets/images/17661090/2022/3/29/cd0ccc76-e6e2-4479-a84d-090bc3fc0f0f1648533712647itseWomenOffWhiteGeometricPrintedKurta1.jpg,https://www.myntra.com/kurtas/itse/itse-women-off-white-geometric-printed-kurta/17661090/buy
myntra,17625394,Women,Palazzos,Pink Fort,Pink Fort Women White Cropped Wide Leg Linen Palazzos,1364,1895,28,4.6,7.0,White,https://assets.myntassets.com/assets/images/17625394/2022/3/24/72b52eb0-bd60-492a-a374-b4d6c63176411648107233317MarigoldbyFableStreetWomenWhitePalazzos1.jpg,https://www.myntra.com/palazzos/pink-fort/pink-fort-women-white-cropped-wide-leg-linen-palazzos/17625394/buy
myntra,17664018,Women,Shirts,CHIMPAAANZEE,CHIMPAAANZEE Women Blue Tartan Checks Boxy Fit Crop Shirt,701,899,22,4.2,58.0,Blue,https://assets.myntassets.com/assets/images/17664018/2022/3/28/45117ed4-ec94-4eec-8425-a5183655e33d1648490773869Shirts1.jpg,https://www.myntra.com/shirts/chimpaaanzee/chimpaaanzee-women-blue-tartan-checks-boxy-fit-crop-shirt/17664018/buy
myntra,17981336,Women,Trousers,Tokyo Talkies,Tokyo Talkies Women Bright Orange Trousers,436,1149,62,4.0,27.0,Orange,https://assets.myntassets.com/assets/images/17981336/2022/4/22/e3aad4ae-7ce5-4a8a-9c6a-b75d224762981650600038501TokyoTalkiesWomenOrangeFlaredCulottesTrousers1.jpg,https://www.myntra.com/trousers/tokyo-talkies/tokyo-talkies-women-bright-orange-trousers/17981336/buy
myntra,21237196,Women,Shawl,WEAVERS VILLA,WEAVERS VILLA Women Woven Design Shawl,1349,2999,55,0.0,0.0,,https://assets.myntassets.com/assets/images/21237196/2022/12/19/b6009ddb-3858-4734-97cb-f55632fea49f1671426962432Shawl1.jpg,https://www.myntra.com/shawl/weavers-villa/weavers-villa-women-woven-design-shawl/21237196/buy
myntra,21400458,Women,Tshirts,Levis,Levis Women Pure Cotton Brand Logo Printed T-shirt,701,1299,20,4.5,189.0,,https://assets.myntassets.com/assets/images/21400458/2023/8/4/8651dcdd-e6c9-4f51-89cb-3be0aed2c1fe1691151812200LevisWomenPureCottonBrandLogoPrintedT-shirt1.jpg,https://www.myntra.com/tshirts/levis/levis-women-pure-cotton-brand-logo-printed-t-shirt/21400458/buy
myntra,21470532,Women,Track Pants,H&M,H&M Women High-Waisted Joggers,1299,1299,,4.4,161.0,,https://assets.myntassets.com/assets/images/21470532/2023/1/9/92c3848b-ab18-4e99-a01f-55bbb7086f001673255957572High-waistedjoggers1.jpg,https://www.myntra.com/track-pants/hm/hm-women-high-waisted-joggers/21470532/buy
myntra,17537906,Women,Tops,Tokyo Talkies,Tokyo Talkies Women Stunning Blue Graphic New Neckline Top,342,699,51,4.1,327.0,Blue,https://assets.myntassets.com/assets/images/17537906/2023/9/12/c738d89a-d651-4d63-9894-c59b70a6ecbf1694512477803TokyoTalkiesWomenStunningBlueGraphicNewNecklineTop1.jpg,https://www.myntra.com/tops/tokyo-talkies/tokyo-talkies-women-stunning-blue-graphic-new-neckline-top/17537906/buy
myntra,9280925,Women,Tops,Tokyo Talkies,Tokyo Talkies Women Peach-Coloured Checked A-Line Top,310,1149,56,3.9,538.0,Peach,https://assets.myntassets.com/assets/images/9280925/2023/9/7/de00f41c-9ee9-403e-bb94-ab5857d5656c1694080009195-Tokyo-Talkies-Women-Peach-Coloured-Checked-A-Line-Top-977169-1.jpg,https://www.myntra.com/tops/tokyo-talkies/tokyo-talkies-women-peach-coloured-checked-a-line-top/9280925/buy
myntra,20385940,Women,Tops,Sztori,Sztori Women Plus Size Floral Printed Longline A-Line Top,557,1799,69,4.1,31.0,,https://assets.myntassets.com/assets/images/20385940/2022/12/15/7c741356-6527-4783-af6e-3ec15864ed641671084952335-Sztori-Women-Tops-7951671084951493-1.jpg,https://www.myntra.com/tops/sztori/sztori-women-plus-size-floral-printed-longline-a-line-top/20385940/buy
myntra,12834010,Women,Tshirts,Bewakoof,Bewakoof Women Red Solid Round Neck Pure Cotton Boyfriend T-Shirt,399,999,60,4.2,545.0,Red,https://assets.myntassets.com/assets/images/12834010/2024/2/2/59cc96ed-0f56-46ea-9fc9-6d3fdd8af0a61706871938813-Bewakoof-Women-Red-Solid-Round-Neck-Pure-Cotton-Boyfriend-T--1.jpg,https://www.myntra.com/tshirts/bewakoof/bewakoof-women-red-solid-round-neck-pure-cotton-boyfriend-t-shirt/12834010/buy
myntra,17599068,Women,Palazzos,Sztori,Sztori Women Plus Size Printed Ethnic Palazzos,543,1599,66,4.2,46.0,,https://assets.myntassets.com/assets/images/17599068/2022/12/9/0437a768-8322-4170-8ff9-2f29dcdbeb681670576097163-Sztori-Women-Plus-Size-Printed-Ethnic-Palazzos-9541670576096-1.jpg,https://www.myntra.com/palazzos/sztori/sztori-women-plus-size-printed-ethnic-palazzos/17599068/buy
myntra,17734698,Women,Shapewear,VAIRAGEE,VAIRAGEE Women Pink Solid Shapewear,799,1999,60,3.7,3.0,Pink,https://assets.myntassets.com/assets/images/17734698/2022/4/4/281f7553-544b-468a-beab-3b1bdd1762471649072042871VAIRAGEEWomenPinkSolidShapewear1.jpg,https://www.myntra.com/shapewear/vairagee/vairagee-women-pink-solid-shapewear/17734698/buy
myntra,15517704,Women,Palazzos,GRACIT,GRACIT Women Pink & Navy Blue 2 Floral Printed Flared Knitted Ethnic Palazzos,902,2579,65,0.0,0.0,Navy Blue,https://assets.myntassets.com/assets/images/15517704/2021/9/17/f2ad0a45-221d-42ed-8e50-6d936d4b2bdd1631890139094WomenGajriNavyRayonLeavesPrintedPalazzo1.jpg,https://www.myntra.com/palazzos/gracit/gracit-women-pink--navy-blue-2-floral-printed-flared-knitted-ethnic-palazzos/15517704/buy
myntra,15497136,Women,Shirts,JC Collection,JC Collection Women Multicoloured Opaque Printed Casual Shirt,2469,3799,35,5.0,2.0,,https://assets.myntassets.com/assets/images/15497136/2021/9/16/14d5a9fd-3e37-41fd-ac21-236edd1cee161631788993925JCCollectionWomenMulticolouredOpaquePrintedCasualShirt1.jpg,https://www.myntra.com/shirts/jc-collection/jc-collection-women-multicoloured-opaque-printed-casual-shirt/15497136/buy
myntra,16107250,Women,Tops,URBANIC,URBANIC Women White Solid Top,1192,1490,20,3.0,3.0,White,https://assets.myntassets.com/assets/images/16107250/2022/3/28/e52efcfa-a224-46f2-9d05-9038f5a726c11648453239171-URBANIC-Women-Tops-5611648453238790-1.jpg,https://www.myntra.com/tops/urbanic/urbanic-women-white-solid-top/16107250/buy
myntra,15517710,Women,Palazzos,GRACIT,GRACIT Women Pack of 2 Floral Printed Flared Knitted Palazzos,902,2579,65,0.0,0.0,,https://assets.myntassets.com/assets/images/15517710/2021/9/17/48f56e03-92c0-461f-b068-7eb2b26a803b1631887943101WomenWhiteGajriRayonLeavesPrintedPalazzo1.jpg,https://www.myntra.com/palazzos/gracit/gracit-women-pack-of-2-floral-printed-flared-knitted-palazzos/15517710/buy
myntra,15517782,Women,Palazzos,GRACIT,GRACIT Women Pack of 2 Black & Red Printed Flared Palazzos,902,2579,65,0.0,0.0,Black,https://assets.myntassets.com/assets/images/15517782/2021/9/17/decea49b-c1d8-4eee-bfe3-c2e7713d0b061631889004526WomenBlackRedRayonLeavesPrintedPalazzo1.jpg,https://www.myntra.com/palazzos/gracit/gracit-women-pack-of-2-black--red-printed-flared-palazzos/15517782/buy
myntra,15517754,Women,Palazzos,GRACIT,GRACIT Women Red & Beige Printed Palazzos Pack of 2,902,2579,65,0.0,0.0,Beige,https://assets.myntassets.com/assets/images/15517754/2021/9/17/66d46d1a-aeac-4237-88d7-81f53605503c1631890308392WomenRedBeigeRayonLeavesPrintedPalazzo1.jpg,https://www.myntra.com/palazzos/gracit/gracit-women-red--beige-printed-palazzos-pack-of-2/15517754/buy
myntra,21620562,Women,Tshirts,Kryptic,Kryptic Women Typography Printed Oversize Fit Pure Cotton T-shirt,499,1249,60,4.3,8.0,,https://assets.myntassets.com/assets/images/21620562/2023/1/19/d3b2611c-759c-404c-a467-300b954f4d2f1674143158815Tshirts1.jpg,https://www.myntra.com/tshirts/kryptic/kryptic-women-typography-printed-loose-fit-pure-cotton-t-shirt/21620562/buy
myntra,13861888,Women,Tshirts,appulse,appulse Women Multicoloured Solid Henley Neck T-shirt,1099,2198,50,4.8,6.0,,https://assets.myntassets.com/assets/images/productimage/2021/3/12/a59d84f3-fb1f-44ea-b7c5-b7379a33b8a01615568105051-1.jpg,https://www.myntra.com/tshirts/appulse/appulse-women-multicoloured-solid-henley-neck-t-shirt/13861888/buy
myntra,13940608,Women,Tops,Veni Vidi Vici,Veni Vidi Vici Women Gorgeous Green Sleek Top,1440,1440,60,4.6,30.0,Green,https://assets.myntassets.com/assets/images/13940608/2021/9/20/9dcdfd17-5f14-461d-9e5d-4bf4d418d24c1632120868497-VENI-VIDI-VICI-Dark-Green-Asymmetric-Hem-Long-Top-8751632120-1.jpg,https://www.myntra.com/tops/veni-vidi-vici/veni-vidi-vici-women-gorgeous-green-sleek-top/13940608/buy
myntra,19645398,Women,Tights,De Moza,De Moza Women Beige Colored Solid Gym Tights,426,449,5,4.6,33.0,Beige,https://assets.myntassets.com/assets/images/19645398/2022/8/25/fa70cf2d-f333-4433-8d28-c1c18b9956231661412379945DeMozaWomensSolidViscoseLycraThightsBeige1.jpg,https://www.myntra.com/tights/de-moza/de-moza-women-beige-colored-solid-gym-tights/19645398/buy
myntra,21621354,Women,Tshirts,Kryptic,Kryptic Women Hooded Pure Cotton Slim Fit T-shirt,1499,1499,69,3.9,12.0,,https://assets.myntassets.com/assets/images/21621354/2023/1/19/29f5a831-aa37-4c13-bbd0-35c29e51a08d1674142938850KrypticWomenBlackExtendedSleevesSlimFitT-shirt1.jpg,https://www.myntra.com/tshirts/kryptic/kryptic-women-hooded-pure-cotton-slim-fit-t-shirt/21621354/buy
myntra,18068948,Women,Tshirts,Levis,Levis Women Orange & White Brand Logo Printed Pure Cotton Slim Fit T-shirt,879,1099,46,4.4,73.0,Orange,https://assets.myntassets.com/assets/images/18068948/2022/9/13/349040f7-16bb-4244-907b-460e64be1ccd1663062409337-Levis-Women-Orange--White-Brand-Logo-Printed-Pure-Cotton-Sli-1.jpg,https://www.myntra.com/tshirts/levis/levis-women-orange--white-brand-logo-printed-pure-cotton-slim-fit-t-shirt/18068948/buy
myntra,12805640,Women,Track Pants,Cayman,Cayman Women Charcoal Grey Solid Track Pants,698,1995,65,4.6,12.0,Charcoal,https://assets.myntassets.com/assets/images/12805640/2020/11/2/50987c94-7227-43df-a2bc-e3d5ac1db7081604311746353BOMBAYSELECTIONSOliveGreenRedCottonBlendUnstitchedDressMater1.jpg,https://www.myntra.com/track-pants/cayman/cayman-women-charcoal-grey-solid-track-pants/12805640/buy
myntra,15523404,Women,Palazzos,GRACIT,GRACIT Women Pack of 2 Red & Mustard Yellow 2 Floral Printed Flared Palazzos,831,2189,62,0.0,0.0,Mustard,https://assets.myntassets.com/assets/images/15523404/2021/9/18/6d73a981-e7b8-4925-b312-cf2fe09e67001631953253473WomenRedSkinRayonLeavesPrintedPlainPalazzo1.jpg,https://www.myntra.com/palazzos/gracit/gracit-women-pack-of-2-red--mustard-yellow-2-floral-printed-flared-palazzos/15523404/buy
myntra,21199774,Women,Tshirts,Calvin Klein Jeans,Calvin Klein Jeans Women Colourblocked Extended Sleeves Compression T-shirt,2399,3999,15,4.1,17.0,,https://assets.myntassets.com/assets/images/21199774/2022/12/29/9c331c6f-63d6-4ec1-b534-ef1b9ddddc731672304509209-Calvin-Klein-Jeans-Women-Tshirts-3511672304508738-1.jpg,https://www.myntra.com/tshirts/calvin-klein-jeans/calvin-klein-jeans-women-colourblocked-extended-sleeves-compression-t-shirt/21199774/buy
myntra,17664040,Women,Shirts,CHIMPAAANZEE,CHIMPAAANZEE Women Pink & Navy Blue Boxy Tartan Checked Casual Shirt,701,899,22,3.2,10.0,Navy Blue,https://assets.myntassets.com/assets/images/17664040/2022/3/29/f2990ea8-0159-4503-9c95-3c827ada3c5b1648495068526CHIMPAAANZEEWomenPinkBoxyTartanChecksCheckedCasualShirt1.jpg,https://www.myntra.com/shirts/chimpaaanzee/chimpaaanzee-women-pink--navy-blue-boxy-tartan-checked-casual-shirt/17664040/buy
myntra,17683554,Women,Palazzos,Miaz Lifestyle,Miaz Lifestyle Women Turquoise Blue Knitted Palazzos,489,999,51,1.0,3.0,Turquoise,https://assets.myntassets.com/assets/images/17683554/2022/3/30/34a5ba51-c60d-4093-bdce-5064add48fd61648621185173MiazLifestyleWomenTurquoiseBluePalazzos1.jpg,https://www.myntra.com/palazzos/miaz-lifestyle/miaz-lifestyle-women-turquoise-blue-knitted-palazzos/17683554/buy
myntra,13807494,Women,Tops,THREAD MUSTER,THREAD MUSTER Women Maroon Solid Regular Top,1799,1799,80,4.2,5.0,Maroon,https://assets.myntassets.com/assets/images/productimage/2021/3/4/b2d5fd91-ec93-4056-9e08-f1f738656ba81614858042242-1.jpg,https://www.myntra.com/tops/thread-muster/thread-muster-women-maroon-solid-regular-top/13807494/buy
myntra,11518758,Women,Tops,Wabii,Wabii Women Navy Blue & Off-White Printed A-Line Top,1299,1299,75,4.4,16.0,Navy Blue,https://assets.myntassets.com/assets/images/11518758/2020/3/5/84e47fdf-26ad-480f-89a5-126039f9c92d1583403835876-Wabii-Women-Navy-Blue--Off-White-Printed-A-Line-Top-73915834-1.jpg,https://www.myntra.com/tops/wabii/wabii-women-navy-blue--off-white-printed-a-line-top/11518758/buy
myntra,13945652,Women,Tops,VividArtsy,VividArtsy Women Black Ribbed Fitted Crop Top,845,845,40,4.4,318.0,Black,https://assets.myntassets.com/assets/images/13945652/2021/4/10/ac7f021d-fc3e-4561-949d-e782cb36e83f1618049143374-VividArtsy-Women-Sqaure-Neck-Ribbed-Top-3091618049142881-1.jpg,https://www.myntra.com/tops/vividartsy/vividartsy-women-black-ribbed-fitted-crop-top/13945652/buy
myntra,13945662,Women,Tops,VividArtsy,VividArtsy Women Black Ribbed Fitted Crop Top,845,845,40,4.3,330.0,Black,https://assets.myntassets.com/assets/images/13945662/2021/4/10/ddc7f16c-7d82-4869-b1ed-fa8c38e3800f1618049150376-VividArtsy-Women-V-Neck-Sleeveless-Ribbed-Top-22116180491498-1.jpg,https://www.myntra.com/tops/vividartsy/vividartsy-women-black-ribbed-fitted-crop-top/13945662/buy
myntra,19592206,Women,Jackets,SASSAFRAS,SASSAFRAS Women Black Solid Kidult Kitsch Jacket,804,2299,62,4.5,108.0,Black,https://assets.myntassets.com/assets/images/19592206/2022/12/12/24fe82f0-c7b0-40ed-8b5a-e8715624d9b11670821873966-SASSAFRAS-Women-Black-Solid-Kidult-Kitsch-Jacket-71516708218-1.jpg,https://www.myntra.com/jackets/sassafras/sassafras-women-black-solid-kidult-kitsch-jacket/19592206/buy
myntra,11724472,Women,Palazzos,TAG 7,TAG 7 Women Pack of 3 Solid Wide Leg Palazzos,1155,3399,66,4.0,114.0,,https://assets.myntassets.com/assets/images/11724472/2020/3/19/7d20509d-f9a4-4b5c-9c59-b216a816e78c1584601657992-TAG-7-Women--Pallazzo-Set-of-3-7321584601656111-1.jpg,https://www.myntra.com/palazzos/tag-7/tag-7-women-pack-of-3-solid-wide-leg-palazzos/11724472/buy
myntra,16636570,Women,Tops,The Dry State,The Dry State Women Rust Orange Ruffles Peplum Top,509,1499,66,0.0,0.0,Orange,https://assets.myntassets.com/assets/images/16636570/2022/2/8/a39074eb-6488-4849-9056-27059c7ded041644320052455-The-Dry-State-Women-Tops-9221644320051907-3.jpg,https://www.myntra.com/tops/the-dry-state/the-dry-state-women-rust-orange-ruffles-peplum-top/16636570/buy
myntra,16653750,Women,Jeans,Levis,Levis Women Blue 711 Skinny Fit Mid Rise Light Fade Stretchable Jeans,1886,3699,49,4.3,105.0,Blue,https://assets.myntassets.com/assets/images/16653750/2022/1/13/0c015ca0-7b15-4a4f-bda3-158f85a5cf211642077394476-Levis-Women-Jeans-561642077393789-1.jpg,https://www.myntra.com/jeans/levis/levis-women-blue-711-skinny-fit-mid-rise-light-fade-stretchable-jeans/16653750/buy
myntra,14653984,Women,Saree Blouse,SALWAR STUDIO,SALWAR STUDIO Women Gold-Coloured Solid Mulbury Silk Readymade Saree Blouse,1610,3355,52,4.0,7.0,Gold,https://assets.myntassets.com/assets/images/productimage/2021/6/26/fc15a58b-c411-41f8-991d-e30983731e701624679626546-1.jpg,https://www.myntra.com/saree-blouse/salwar-studio/salwar-studio-women-gold-coloured-solid-mulbury-silk-readymade-saree-blouse/14653984/buy
myntra,16676182,Women,Saree Blouse,SALWAR STUDIO,SALWAR STUDIO Women White Art Silk Embroidered Saree Blouse,2395,11975,80,3.9,14.0,White,https://assets.myntassets.com/assets/images/16676182/2022/1/4/dea103cb-bfc4-40f0-a313-9c0ce0dadb8a1641287216490SalwarStudioWomensWhiteArtSilkEmbrioderedReadymadeSareeBlous1.jpg,https://www.myntra.com/saree-blouse/salwar-studio/salwar-studio-women-white-art-silk-embroidered-saree-blouse/16676182/buy
myntra,8628831,Women,Tops,Style Quotient,Style Quotient Women Pink Solid Top,524,1499,65,3.7,102.0,Pink,https://assets.myntassets.com/assets/images/8628831/2019/2/14/7e20505e-2c42-41a9-a33d-021b13b235731550137310904-Style-Quotient-Women-Tops-2771550137310144-1.jpg,https://www.myntra.com/tops/style-quotient/style-quotient-women-pink-solid-top/8628831/buy
myntra,17663966,Women,Shirts,CHIMPAAANZEE,CHIMPAAANZEE Women Blue Boxy Tartan Checks Checked Casual Shirt,699,999,30,4.2,107.0,Blue,https://assets.myntassets.com/assets/images/17663966/2022/3/29/610588e1-c49c-49f8-a2c3-4d30471915961648492872174CHIMPAAANZEEWomenBlueBoxyTartanChecksCheckedCasualShirt1.jpg,https://www.myntra.com/shirts/chimpaaanzee/chimpaaanzee-women-blue-boxy-tartan-checks-checked-casual-shirt/17663966/buy
myntra,17654280,Women,Kurtas,Janasya,Janasya Women Blue Cotton Striped Straight Kurta,1579,1579,,4.0,64.0,Blue,https://assets.myntassets.com/assets/images/17654280/2022/3/28/4c7b097a-6c3a-4339-99fb-896f05d1f0491648468772197Kurtis1.jpg,https://www.myntra.com/kurtis/janasya/janasya-women-blue-cotton-striped-straight-kurta/17654280/buy
myntra,17651090,Women,Shirts,Campus Sutra,Campus Sutra Women Grey & Navy Blue Classic Checked Cotton Casual Shirt,559,1399,60,4.4,31.0,Navy Blue,https://assets.myntassets.com/assets/images/17651090/2022/3/28/3a58416c-2076-4b8d-96f9-f23ea8066a621648460010799CampusSutraWomenGreyClassicTartanChecksCheckedCasualShirt1.jpg,https://www.myntra.com/shirts/campus-sutra/campus-sutra-women-grey--navy-blue-classic-checked-cotton-casual-shirt/17651090/buy
myntra,12746722,Women,Palazzos,TAG 7,TAG 7 Women Pack Of 2 Solid Straight Palazzos,841,2550,67,4.1,21.0,,https://assets.myntassets.com/assets/images/productimage/2020/10/15/fc83641f-a9fe-4a9d-ab3d-7d604e6e2a681602712181261-1.jpg,https://www.myntra.com/palazzos/tag-7/tag-7-women-pack-of-2-solid-straight-palazzos/12746722/buy
myntra,15523230,Women,Palazzos,GRACIT,GRACIT Women Set of 2 Brown & Orange Printed Rayon Palazzos,831,2189,62,0.0,0.0,Orange,https://assets.myntassets.com/assets/images/15523230/2021/9/18/ab324e7d-e633-4e77-8a78-05f377c2eb6f1631949140816WomenDarkBrownOrangeRayonLeavesPrintedPlainPalazzo1.jpg,https://www.myntra.com/palazzos/gracit/gracit-women-set-of-2-brown--orange-printed-rayon-palazzos/15523230/buy
myntra,15523174,Women,Palazzos,GRACIT,GRACIT Women Pack Of 2 Pink & Orange Printed Flared Knitted Ethnic Palazzos,831,2189,62,0.0,0.0,Orange,https://assets.myntassets.com/assets/images/15523174/2021/9/18/8f5120f9-1fe5-48ed-a71d-ba32bb127f5e1631947171721WomenLightPinkOrangeRayonLeavesPrintedPlainPalazzo1.jpg,https://www.myntra.com/palazzos/gracit/gracit-women-pack-of-2-pink--orange-printed-flared-knitted-ethnic-palazzos/15523174/buy
myntra,15523136,Women,Palazzos,GRACIT,GRACIT Women Pack of 2 Yellow & Pink Floral Printed Flared Palazzos,831,2189,62,0.0,0.0,Yellow,https://assets.myntassets.com/assets/images/15523136/2021/9/18/b98b1a83-400b-49d3-8617-38868bc989e41631947181191WomenMagentaPinkRayonLeavesPrintedPlainPalazzo1.jpg,https://www.myntra.com/palazzos/gracit/gracit-women-pack-of-2-yellow--pink-floral-printed-flared-palazzos/15523136/buy
myntra,15462152,Women,Palazzos,GRACIT,GRACIT Women Pack Of 2 Pink & Red Printed Knitted Ethnic Palazzos,835,2198,62,0.0,0.0,Pink,https://assets.myntassets.com/assets/images/15462152/2021/9/14/b2192100-cdef-423d-b786-bf1042e9f1bf1631619446113WomenPinkRedBlockPrintedPlainPalazzo1.jpg,https://www.myntra.com/palazzos/gracit/gracit-women-pack-of-2-pink--red-printed-knitted-ethnic-palazzos/15462152/buy
myntra,12741234,Women,Shirts,KASSUALLY,KASSUALLY Women Black & White Regular Fit Striped Casual Shirt,614,1499,59,3.3,6.0,Black,https://assets.myntassets.com/assets/images/productimage/2020/10/15/1cb6bd9c-7fdd-49d6-b592-6f86e076e8ba1602714309524-1.jpg,https://www.myntra.com/shirts/kassually/kassually-women-black--white-regular-fit-striped-casual-shirt/12741234/buy
myntra,15523384,Women,Palazzos,GRACIT,GRACIT Women Pack of 2 Green & Mustard Yellow Floral Printed Flared Palazzos,831,2189,62,0.0,0.0,Mustard,https://assets.myntassets.com/assets/images/15523384/2021/9/18/86f4cc91-4f26-40af-96cb-de08705f811b1631953247910WomenGreenSkinRayonLeavesPrintedPlainPalazzo1.jpg,https://www.myntra.com/palazzos/gracit/gracit-women-pack-of-2-green--mustard-yellow-floral-printed-flared-palazzos/15523384/buy
myntra,22012362,Women,Jeggings,TAG 7,TAG 7 Women Mid-Rise Skinny Fit Ankle Length Jeggings,719,1999,64,0.0,0.0,,https://assets.myntassets.com/assets/images/22012362/2023/2/16/91bf7d77-0530-4c2f-b4fc-a1a8dbccb5af1676564787517Jeggings1.jpg,https://www.myntra.com/jeggings/tag-7/tag-7-women-mid-rise-skinny-fit-ankle-length-jeggings/22012362/buy
myntra,17969642,Women,Tops,MANGO,MANGO Women Black & Green Ethnic Print Top,1615,3590,55,4.2,5.0,Black,https://assets.myntassets.com/assets/images/17969642/2022/5/5/fd3477d6-f2b4-4a88-82d1-b960a12d798d1651748653628TshirtsMANGOWomenTshirtsMANGOWomenTshirtsMANGOWomenTshirtsMA1.jpg,https://www.myntra.com/tops/mango/mango-women-black--green-ethnic-print-top/17969642/buy
myntra,18942604,Women,Lingerie Set,StyFun,StyFun Women Maroon Self-Design Lingerie Set,477,2599,81,0.0,0.0,Maroon,https://assets.myntassets.com/assets/images/18942604/2022/7/2/73e9ad44-9859-40b8-bbf9-a2e35b4ab7691656750731776WomenCottonLycraNetBraPantySetLingerieSetPackof1Maroon1.jpg,https://www.myntra.com/lingerie-set/styfun/styfun-women-maroon-self-design-lingerie-set/18942604/buy
myntra,20231068,Women,Track Pants,Ajile by Pantaloons,Ajile by Pantaloons Women Solid Cotton Regular Fit Jogger Pants,736,1099,33,3.6,20.0,,https://assets.myntassets.com/assets/images/20231068/2022/9/30/c17b8a06-efa2-4271-b75c-b3dda24ebb941664527178381TrackPants1.jpg,https://www.myntra.com/track-pants/ajile-by-pantaloons/ajile-by-pantaloons-women-solid-cotton-regular-fit-jogger-pants/20231068/buy
myntra,17644748,Women,Palazzos,Miaz Lifestyle,Miaz Lifestyle Women Black & Gold-Toned Ethnic Motifs Printed Palazzos,499,999,50,2.8,4.0,Black,https://assets.myntassets.com/assets/images/17644748/2022/3/25/57948d23-a02d-46c2-a6cd-51a08614fe341648215321421MiazLifestyleWomenBlackPalazzos1.jpg,https://www.myntra.com/palazzos/miaz-lifestyle/miaz-lifestyle-women-black--gold-toned-ethnic-motifs-printed-palazzos/17644748/buy
myntra,17659078,Women,Shapewear,VAIRAGEE,VAIRAGEE Women Green Solid Saree Shapewear,699,1999,65,3.0,10.0,Green,https://assets.myntassets.com/assets/images/17659078/2022/3/29/cacc4600-34c3-4c44-a9a5-dffaf3997be01648530427145VAIRAGEEWomenGreenSolidSareeShapewear1.jpg,https://www.myntra.com/shapewear/vairagee/vairagee-women-green-solid-saree-shapewear/17659078/buy
myntra,17734704,Women,Shapewear,VAIRAGEE,VAIRAGEE Women Grey Solid Saree Shapewear,799,1999,60,3.3,13.0,Grey,https://assets.myntassets.com/assets/images/17734704/2022/4/5/d644b30f-bd41-4790-9789-961c744e9beb1649148008829VAIRAGEEWomenGreySolidSareesShapewear1.jpg,https://www.myntra.com/shapewear/vairagee/vairagee-women-grey-solid-saree-shapewear/17734704/buy
myntra,17728502,Women,Tshirts,M&H Easy,M&H Easy Women Teal Blue Typography Printed Pure Cotton T-shirt,279,799,68,4.2,208.0,Blue,https://assets.myntassets.com/assets/images/17728502/2023/7/31/d45fcdbd-08d9-4887-9111-876e2b6cda2d1690795973600-MH-Easy-Women-Teal-Blue-Typography-Printed-Pure-Cotton-T-shi-1.jpg,https://www.myntra.com/tshirts/mh-easy/mh-easy-women-teal-blue-typography-printed-pure-cotton-t-shirt/17728502/buy
myntra,17644492,Women,Palazzos,Libas,Libas Women Orange Ethnic Motifs Printed Wide Leg Palazzos,554,1499,63,4.2,68.0,Orange,https://assets.myntassets.com/assets/images/17644492/2022/4/6/9c6d9127-016c-4be5-87a4-2e9e4090cadf1649245247835-Libas-Women-Palazzos-7491649245247211-1.jpg,https://www.myntra.com/palazzos/libas/libas-women-orange-ethnic-motifs-printed-wide-leg-palazzos/17644492/buy
myntra,17048836,Women,Lounge Pants,Jockey,Jockey Women Burgundy Solid Antimicrobial Joggers,1499,1499,,3.8,11.0,Burgundy,https://assets.myntassets.com/assets/images/17048836/2024/1/29/414ce95c-c456-40b6-8f47-b4e58bd38d9a1706528095011JockeyWomenBurgundySolidAntimicrobialJoggers1.jpg,https://www.myntra.com/lounge-pants/jockey/jockey-women-burgundy-solid-antimicrobial-joggers/17048836/buy
myntra,18068952,Women,Tshirts,Levis,Levis Women White Printed T-shirt,740,1299,20,4.5,215.0,White,https://assets.myntassets.com/assets/images/18068952/2023/8/3/40231ba7-ae9b-4839-9300-cf0091967ac31691062933054LevisWomenWhitePrintedT-shirt1.jpg,https://www.myntra.com/tshirts/levis/levis-women-white-printed-t-shirt/18068952/buy
myntra,16645788,Women,Tshirts,Enviously Young,Enviously Young Women Rust Typography Printed T-shirt,399,999,60,4.0,9.0,Rust,https://assets.myntassets.com/assets/images/16645788/2021/12/30/ec77b329-b2c4-4e43-8c2d-58b866e549da1640854914300EnviouslyYoungWomenRustTypographyPrintedAppliqueT-shirt1.jpg,https://www.myntra.com/tshirts/enviously-young/enviously-young-women-rust-typography-printed-t-shirt/16645788/buy
myntra,16653678,Women,Jeans,Levis,Levis Women Blue 711 Skinny Fit Heavy Fade Stretchable Jeans,2719,3399,20,4.3,125.0,Blue,https://assets.myntassets.com/assets/images/16653678/2022/1/13/697fe1e1-62f3-41f2-b983-b9ec2bc075991642074698906-Levis-Women-Jeans-3411642074698291-1.jpg,https://www.myntra.com/jeans/levis/levis-women-blue-711-skinny-fit-heavy-fade-stretchable-jeans/16653678/buy
myntra,16559504,Women,Shirts,Fbella,Fbella Women Multicoloured Standard Animal Printed Formal Shirt,599,1199,50,4.2,46.0,,https://assets.myntassets.com/assets/images/16559504/2021/12/20/1ed0c274-8599-4239-90d0-8b8297af1dc41640003160966FbellaWomenMulticolouredStandardAnimalPrintedFormalShirt1.jpg,https://www.myntra.com/shirts/fbella/fbella-women-multicoloured-standard-animal-printed-formal-shirt/16559504/buy
myntra,21093162,Women,Tshirts,Kryptic,Kryptic Women Printed CottonT-shirt,349,1249,72,0.0,0.0,,https://assets.myntassets.com/assets/images/21093162/2022/12/7/dc5e7e17-eeb3-4548-bb9d-9b7594bc99211670388230053KrypticWomenBlackPrintedHenleyNeckSlimFitT-shirt1.jpg,https://www.myntra.com/tshirts/kryptic/kryptic-women-printed-cottont-shirt/21093162/buy
myntra,21461710,Women,Shirts,CHARMGAL,CHARMGAL Women Olive Green Classic Slim Fit Casual Shirt,899,1729,48,3.7,25.0,Green,https://assets.myntassets.com/assets/images/21461710/2023/1/7/dde7b51f-d3ac-4f4e-8ace-648d24223f691673110861711CHARMGALWomenOliveGreenClassicSlimFitCasualShirt1.jpg,https://www.myntra.com/shirts/charmgal/charmgal-women-olive-green-classic-slim-fit-casual-shirt/21461710/buy
myntra,16391406,Women,Tops,ZALORA OCCASION,ZALORA OCCASION Women White Satin Wrap Crop Top,2279,2399,5,3.4,5.0,White,https://assets.myntassets.com/assets/images/16391406/2021/12/7/a40f37f7-e06d-4cb5-9785-45c59a3ea9861638853306121ZaloraWhiteWrapCropTop1.jpg,https://www.myntra.com/tops/zalora-occasion/zalora-occasion-women-white-satin-wrap-crop-top/16391406/buy
myntra,1582977,Women,Tops,W,W Women Lime Green Printed High Slit Maxi Top,700,1999,64,3.8,48.0,Green,https://assets.myntassets.com/assets/images/1582977/2019/11/22/59be4ae7-f424-4d75-ae33-7b64304b41f21574403841402-W-Women-Lime-Green-Printed-High-Slit-Maxi-Top-14415744038396-1.jpg,https://www.myntra.com/tops/w/w-women-lime-green-printed-high-slit-maxi-top/1582977/buy
myntra,15523096,Women,Palazzos,GRACIT,GRACIT Women Green & Black Printed & Plain Pack of 2 Palazzos,831,2189,62,0.0,0.0,Black,https://assets.myntassets.com/assets/images/15523096/2021/9/18/e60307d8-1933-4c1a-8516-8c8db631b67f1631945474399WomenGreenBlackRayonLeavesPrintedPlainPalazzo1.jpg,https://www.myntra.com/palazzos/gracit/gracit-women-green--black-printed--plain-pack-of-2-palazzos-/15523096/buy
myntra,15462154,Women,Palazzos,GRACIT,GRACIT Women Pack Of 2 Pink & Black Printed Knitted Ethnic Palazzos,835,2198,62,0.0,0.0,Black,https://assets.myntassets.com/assets/images/15462154/2021/9/14/1c9d2472-3f4e-411a-9bff-93290a02e6ab1631619424265WomenLightPinkBlackBlockPrintedPlainPalazzo1.jpg,https://www.myntra.com/palazzos/gracit/gracit-women-pack-of-2-pink--black-printed-knitted-ethnic-palazzos/15462154/buy
myntra,15517764,Women,Palazzos,GRACIT,GRACIT Women Pack of 2 White & Navy Blue Printed Flared Palazzos,902,2579,65,2.4,7.0,Navy Blue,https://assets.myntassets.com/assets/images/15517764/2021/9/17/8cb8dc51-aed5-4070-855a-a4e7ae1411d51631890303000WomenWhiteNavyRayonLeavesPrintedPalazzo1.jpg,https://www.myntra.com/palazzos/gracit/gracit-women-pack-of-2-white--navy-blue-printed-flared-palazzos/15517764/buy
myntra,13868882,Women,Leggings,GRACIT,GRACIT Women Pack Of 2 Solid Ankle-Length Leggings,734,2098,65,0.0,0.0,,https://assets.myntassets.com/assets/images/productimage/2021/3/15/331cfa70-da3f-4c7a-b56d-c67a0d0a31501615787342747-1.jpg,https://www.myntra.com/leggings/gracit/gracit-women-pack-of-2-solid-ankle-length-leggings-/13868882/buy
myntra,14067158,Women,Tops,Vero Moda,Vero Moda Women Grey Melange Regular Top,699,699,55,4.0,57.0,Grey,https://assets.myntassets.com/assets/images/14067158/2021/6/9/1c1a0123-d99e-4149-89a7-12af8a3c71a81623234042102VeroModaWomenGreyMelangeRegularTop1.jpg,https://www.myntra.com/tops/vero-moda/vero-moda-women-grey-melange-regular-top/14067158/buy
myntra,11841018,Women,Tops,Sugr,Sugr Women Mustard Yellow & Black Printed Styled Back Pure Cotton Top,599,599,50,3.0,5.0,Mustard,https://assets.myntassets.com/assets/images/11841018/2022/5/18/64e89aff-7604-4d82-a958-c4433f46e3c21652880436218SugrWomenMustardYellowBlackPrintedStyledBackPureCottonTop1.jpg,https://www.myntra.com/tops/sugr/sugr-women-mustard-yellow--black-printed-styled-back-pure-cotton-top/11841018/buy
myntra,13945694,Women,Tops,VividArtsy,VividArtsy Women Pink Ribbed Fitted Top,845,845,40,4.6,121.0,Pink,https://assets.myntassets.com/assets/images/13945694/2021/4/10/8e25c76c-f8d7-4b04-92b2-80fa01f1c5e71618052519041-VividArtsy-Women-Sqaure-Neck-Ribbed-Top-4671618052518430-1.jpg,https://www.myntra.com/tops/vividartsy/vividartsy-women-pink-ribbed-fitted-top/13945694/buy
myntra,6788456,Women,Tops,Vero Moda,Vero Moda Women White & Black Striped Top,1699,1999,,3.6,13.0,Black,https://assets.myntassets.com/assets/images/6788456/2018/7/31/a7b12f4e-dd9e-4fdd-9045-9af9e43203051533026607811-Vero-Moda-Women-White-Striped-Top-3131533026607699-1.jpg,https://www.myntra.com/tops/vero-moda/vero-moda-women-white--black-striped-top/6788456/buy
myntra,17817366,Women,Tops,Trendyol,Trendyol Women Purple Knitted Crop Top,649,1299,50,3.0,17.0,Purple,https://assets.myntassets.com/assets/images/17817366/2022/5/6/948ebffb-740d-4ac8-860f-d398fc74c0701651830536067-Trendyol-Women-Purple-Knitted-Crop-Top-6051651830535689-1.jpg,https://www.myntra.com/tops/trendyol/trendyol-women-purple-knitted-crop-top/17817366/buy
myntra,15523102,Women,Palazzos,GRACIT,GRACIT Women Set of 2 Beige & Black Printed Rayon Palazzos,831,2189,62,0.0,0.0,Black,https://assets.myntassets.com/assets/images/15523102/2021/9/18/7adc8c51-dbaa-44c2-bb81-10d4e64068c01631947169550WomenLightSkinBlackRayonLeavesPrintedPlainPalazzo1.jpg,https://www.myntra.com/palazzos/gracit/gracit-women-set-of-2-beige--black-printed-rayon-palazzos/15523102/buy
myntra,21152732,Women,Tops,Kibo,Kibo Women Floral Printed Crepe Top,629,1799,65,0.0,0.0,,https://assets.myntassets.com/assets/images/21152732/2022/12/10/0120fbcd-b111-4d9c-b19c-9acde99b1fa11670673841109KiboWomensPolyesterLongSleeveFrillShirt1.jpg,https://www.myntra.com/tops/kibo/kibo-women-floral-printed-crepe-top/21152732/buy
myntra,20853558,Women,Tshirts,DILLINGER,DILLINGER Women Oversized Pure Cotton T-shirt,495,799,38,4.3,244.0,,https://assets.myntassets.com/assets/images/20853558/2022/12/29/8b72bc71-5355-4990-8bea-9297306000961672314922890-DILLINGER-Women-Oversized-Pure-Cotton-T-shirt-65516723149223-1.jpg,https://www.myntra.com/tshirts/dillinger/dillinger-women-oversized-pure-cotton-t-shirt/20853558/buy
myntra,17663986,Women,Shirts,CHIMPAAANZEE,CHIMPAAANZEE Women Blue Boxy Striped Casual Shirt,649,999,35,4.3,18.0,Blue,https://assets.myntassets.com/assets/images/17663986/2022/3/29/5bf648e4-ad8d-441b-a593-e0fd460cd77a1648520504508CHIMPAAANZEEWomenBlueBoxyStripedCasualShirt1.jpg,https://www.myntra.com/shirts/chimpaaanzee/chimpaaanzee-women-blue-boxy-striped-casual-shirt/17663986/buy
myntra,19511442,Women,Saree Blouse,Suta,Suta Women Black Embellished Saree Blouse,2400,2400,,4.9,9.0,Black,https://assets.myntassets.com/assets/images/19511442/2022/8/16/9424f573-2166-41cb-a871-8015df7413fe1660643230713SareeBlouse1.jpg,https://www.myntra.com/saree-blouse/suta/suta-women-black-embellished-saree-blouse/19511442/buy
myntra,18809306,Women,Jeans,ONLY,ONLY Women Blue Skinny Fit Light Fade Jeans,1199,2999,60,3.3,12.0,Blue,https://assets.myntassets.com/assets/images/18809306/2022/6/21/a869b887-ff7f-4a0b-85ad-ff6f59f650741655813758309Jeans1.jpg,https://www.myntra.com/jeans/only/only-women-blue-skinny-fit-light-fade-jeans/18809306/buy
myntra,18069418,Women,Jeans,Levis,Levis Women Blue 711 Skinny Fit High-Rise Light Fade Stretchable Jeans,1919,2399,45,4.0,617.0,Blue,https://assets.myntassets.com/assets/images/18069418/2022/9/12/ee8df78f-fd99-41a8-8ce3-be56d106a5f91662966606869-Levis-Women-Blue-711-Skinny-Fit-High-Rise-Light-Fade-Stretch-1.jpg,https://www.myntra.com/jeans/levis/levis-women-blue-711-skinny-fit-high-rise-light-fade-stretchable-jeans/18069418/buy
myntra,18068954,Women,Tshirts,Levis,Levis Women Green & White Brand Logo Printed Pure Cotton T-shirt,1099,1099,,4.5,178.0,White,https://assets.myntassets.com/assets/images/18068954/2022/6/20/b0bfb6dd-3b7b-43e6-b2c4-7214c7a4a0561655717406350-Levis-Women-Tshirts-6101655717405871-1.jpg,https://www.myntra.com/tshirts/levis/levis-women-green--white-brand-logo-printed-pure-cotton-t-shirt/18068954/buy
myntra,16665592,Women,Tops,appulse,appulse Women Blue Cotton Tank Top,439,799,45,0.0,0.0,Blue,https://assets.myntassets.com/assets/images/16665592/2022/1/3/57d922f5-9819-43ce-b424-c7e4722df2be1641216914945Tshirts1.jpg,https://www.myntra.com/tops/appulse/appulse-women-blue-cotton-tank-top/16665592/buy
myntra,16665604,Women,Tops,appulse,appulse Women Grey Melange Cotton Tank Top,439,799,45,0.0,0.0,Grey,https://assets.myntassets.com/assets/images/16665604/2022/1/3/0ceef626-44e3-4c17-9b00-43a4ecc151331641216393680Tshirts1.jpg,https://www.myntra.com/tops/appulse/appulse-women-grey-melange-cotton-tank-top/16665604/buy
myntra,15523242,Women,Palazzos,GRACIT,GRACIT Women Pack Of 2 Yellow & Green Printed Flared Palazzos,831,2189,62,0.0,0.0,Yellow,https://assets.myntassets.com/assets/images/15523242/2021/9/18/b33fc89b-13e0-47fd-9c78-8c34cdd68a941631949153160WomenMagentaGreenRayonLeavesPrintedPlainPalazzo1.jpg,https://www.myntra.com/palazzos/gracit/gracit-women-pack-of-2-yellow--green-printed-flared-palazzos/15523242/buy
myntra,15517756,Women,Palazzos,GRACIT,GRACIT Women Orange & Navy Blue Pack of 2 Floral Printed Flared Knitted Palazzos,902,2579,65,0.0,0.0,Navy Blue,https://assets.myntassets.com/assets/images/15517756/2021/9/17/131ad4c9-2cce-4240-ac6d-ce81ff602ffe1631888870602WomenOrangeNavyRayonLeavesPrintedPalazzo1.jpg,https://www.myntra.com/palazzos/gracit/gracit-women-orange--navy-blue-pack-of-2-floral-printed-flared-knitted-palazzos/15517756/buy
myntra,21788094,Women,Shirts,A.T.U.N.,A.T.U.N. Women Relaxed Party Shirt,799,3999,80,4.0,10.0,,https://assets.myntassets.com/assets/images/21788094/2023/1/31/d77be8c3-3174-443e-8421-32a72de318c51675184340849ATUNWomensCasualPartyShirt1.jpg,https://www.myntra.com/shirts/atun/atun-women-relaxed-party-shirt/21788094/buy
myntra,17840084,Women,Shirts,Crimsoune Club,Crimsoune Club Women Mustard Checked Longline Casual Shirt,749,1499,50,5.0,8.0,Mustard,https://assets.myntassets.com/assets/images/17840084/2022/4/9/de95d87c-cf34-4060-8f3e-871729a79eae1649519501522CrimsouneClubWomenMustardBuffaloChecksCheckedCasualShirt1.jpg,https://www.myntra.com/shirts/crimsoune-club/crimsoune-club-women-mustard-checked-longline-casual-shirt/17840084/buy
myntra,13843028,Women,Shorts,SASSAFRAS,SASSAFRAS Women Rose Pure Cotton Solid Regular Fit Shorts,539,1199,55,3.7,175.0,,https://assets.myntassets.com/assets/images/13843028/2021/3/19/9dcd598a-45a2-4d07-81e6-9abafe2236391616140480331TopsSASSAFRASWomenJumpsuitSASSAFRASWomenTopsSASSAFRASWomenTo1.jpg,https://www.myntra.com/shorts/sassafras/sassafras-women-rose-pure-cotton-solid-regular-fit-shorts/13843028/buy
myntra,13868874,Women,Leggings,GRACIT,GRACIT Women Pack Of 2 Solid Ankle-Length Leggings,734,2098,65,0.0,0.0,,https://assets.myntassets.com/assets/images/productimage/2021/3/15/44e900e1-7bb9-4c1e-80ce-eb7d975f271d1615791537708-1.jpg,https://www.myntra.com/leggings/gracit/gracit-women-pack-of-2-solid-ankle-length-leggings/13868874/buy
myntra,15002366,Women,Thermal Bottoms,Jockey,Jockey Women Charcoal Grey Solid Thermal Leggings,649,649,,4.6,1461.0,Charcoal,https://assets.myntassets.com/assets/images/15002366/2024/1/2/bb78380f-b0d9-4cbe-8d62-79eab9e810681704194897798JockeyWomenCharcoalGreySolidThermalLeggings1.jpg,https://www.myntra.com/thermal-bottoms/jockey/jockey-women-charcoal-grey-solid-thermal-leggings/15002366/buy
myntra,11692060,Women,Shirts,109F,109F Women Olive Green Regular Fit Solid Casual Shirt,674,1499,55,3.5,6.0,Green,https://assets.myntassets.com/assets/images/productimage/2020/3/12/b116e95b-9240-45d1-a986-3f23be296a0a1583969058388-1.jpg,https://www.myntra.com/shirts/109f/109f-women-olive-green-regular-fit-solid-casual-shirt/11692060/buy
myntra,17566988,Women,Kurtas,plusS,plusS Women Plus Size Peach-Coloured Striped Thread Work Kurta,1056,2780,62,3.8,57.0,Peach,https://assets.myntassets.com/assets/images/17566988/2022/3/17/df2cb11e-4bf3-463a-8413-65753969e74f1647513293368plusSWomenPeach-ColouredThreadWorkKurta1.jpg,https://www.myntra.com/kurtas/pluss/pluss-women-plus-size-peach-coloured-striped-thread-work-kurta/17566988/buy
myntra,17664044,Women,Shirts,CHIMPAAANZEE,CHIMPAAANZEE Women Red Boxy Tartan Checks Checked Casual Shirt,489,999,51,3.8,15.0,Red,https://assets.myntassets.com/assets/images/17664044/2022/3/28/705d02cd-cb0a-4b88-babd-00802c20817a1648490697675CHIMPAAANZEEWomenMulticolouredBoxyTartanChecksCheckedCasualS1.jpg,https://www.myntra.com/shirts/chimpaaanzee/chimpaaanzee-women-red-boxy-tartan-checks-checked-casual-shirt/17664044/buy
myntra,17663994,Women,Shirts,CHIMPAAANZEE,CHIMPAAANZEE Women Maroon Boxy Tartan Checks Printed Casual Shirt,699,999,30,4.0,65.0,Maroon,https://assets.myntassets.com/assets/images/17663994/2022/3/29/f57c6923-60e4-4841-86a3-80a821a7dda91648526735458CHIMPAAANZEEWomenMaroonBoxyTartanChecksPrintedCasualShirt1.jpg,https://www.myntra.com/shirts/chimpaaanzee/chimpaaanzee-women-maroon-boxy-tartan-checks-printed-casual-shirt/17663994/buy
myntra,17734710,Women,Shapewear,VAIRAGEE,VAIRAGEE Women Pink Solid Shapewear,799,1999,60,2.0,7.0,Pink,https://assets.myntassets.com/assets/images/17734710/2022/4/4/28366939-f41c-4179-8702-a8c727e961621649064254137VAIRAGEEWomenPinkSolidShapewear1.jpg,https://www.myntra.com/shapewear/vairagee/vairagee-women-pink-solid-shapewear/17734710/buy
myntra,17734692,Women,Shapewear,VAIRAGEE,VAIRAGEE Women Green Solid Knitted Saree Shapewear,799,1999,60,3.7,3.0,Green,https://assets.myntassets.com/assets/images/17734692/2022/4/4/1ae3ea36-ee22-4e89-9ed2-80ab747fc1e21649071827397VAIRAGEEWomenGreenSolidKnittedSareeShapewear1.jpg,https://www.myntra.com/shapewear/vairagee/vairagee-women-green-solid-knitted-saree-shapewear/17734692/buy
myntra,17442708,Women,Tops,Tokyo Talkies,Tokyo Talkies Women Pretty Pink Solid Top,399,699,56,4.2,760.0,Pink,https://assets.myntassets.com/assets/images/17442708/2022/3/9/ee1c96ed-8f2b-46e2-8b6b-35c3043871231646802856268TokyoTalkiesPinkCropTop1.jpg,https://www.myntra.com/tops/tokyo-talkies/tokyo-talkies-women-pretty-pink-solid-top/17442708/buy
myntra,15523346,Women,Palazzos,GRACIT,GRACIT Women Set of 2 Pink Printed Rayon Palazzos,831,2189,62,0.0,0.0,Pink,https://assets.myntassets.com/assets/images/15523346/2021/9/18/12fde17c-202a-4417-a9cf-d146a4b6eebd1631947839402WomenLightPinkGajriRayonLeavesPrintedPlainPalazzo1.jpg,https://www.myntra.com/palazzos/gracit/gracit-women-set-of-2-pink-printed-rayon-palazzos/15523346/buy
myntra,21199618,Women,Tshirts,Calvin Klein Jeans,Calvin Klein Jeans Women Typography Printed T-shirt,1499,2499,40,3.6,7.0,,https://assets.myntassets.com/assets/images/21199618/2022/12/29/c9411bfc-9a78-4ba1-9a52-5adb3497b9181672304487108-Calvin-Klein-Jeans-Women-Tshirts-3061672304486733-1.jpg,https://www.myntra.com/tshirts/calvin-klein-jeans/calvin-klein-jeans-women-typography-printed-t-shirt/21199618/buy
myntra,21199980,Women,Tshirts,Calvin Klein Jeans,Calvin Klein Jeans Women Brand Logo Embroidered Scoop Neck Pure Cotton Tank T-shirt,2124,2499,15,3.9,8.0,,https://assets.myntassets.com/assets/images/21199980/2023/2/3/58507e7e-facd-4960-8d90-24d687b1e4ff1675398636721-Calvin-Klein-Jeans-Women-Tshirts-411675398636253-1.jpg,https://www.myntra.com/tshirts/calvin-klein-jeans/calvin-klein-jeans-women-brand-logo-embroidered-scoop-neck-pure-cotton-tank-t-shirt/21199980/buy
myntra,15462010,Women,Palazzos,GRACIT,GRACIT Women Pack Of 2 Green & Red Knitted Ethnic Palazzos,835,2198,62,0.0,0.0,Green,https://assets.myntassets.com/assets/images/15462010/2021/9/14/38d72bd2-3307-4244-94f6-72e7adf906211631618857166WomenGreenRedBlockPrintedPlainPalazzo1.jpg,https://www.myntra.com/palazzos/gracit/gracit-women-pack-of-2-green--red-knitted-ethnic-palazzos/15462010/buy
myntra,17683658,Women,Palazzos,Miaz Lifestyle,Miaz Lifestyle Women Red Solid Knitted Palazzos,489,999,51,2.8,5.0,Red,https://assets.myntassets.com/assets/images/17683658/2022/3/30/dac1774c-9883-4030-8708-82257f8304881648621235683MiazLifestyleWomenRedPalazzos1.jpg,https://www.myntra.com/palazzos/miaz-lifestyle/miaz-lifestyle-women-red-solid-knitted-palazzos/17683658/buy
myntra,21151290,Women,Trousers,Kotty,Kotty Women Relaxed Straight Fit High-Rise Easy Wash Trousers,559,1999,72,3.5,12.0,,https://assets.myntassets.com/assets/images/21151290/2022/12/10/0c2e9c28-9ba5-4184-a855-2fd56cd1f04b1670664726889Trousers1.jpg,https://www.myntra.com/trousers/kotty/kotty-women-relaxed-straight-fit-high-rise-easy-wash-trousers/21151290/buy
myntra,15459238,Women,Shapewear,Zivame,Zivame Women Solid Reversible Saree Shapewear,1495,1495,16,3.1,56.0,,https://assets.myntassets.com/assets/images/15459238/2021/12/7/cf489ffc-0f51-48a7-ae9f-53b65355b3751638885946129-Zivame-Women-Solid-Reversible-Saree-Shapewear-20016388859454-1.jpg,https://www.myntra.com/shapewear/zivame/zivame-women-solid-reversible-saree-shapewear/15459238/buy
myntra,12806396,Women,Saree Blouse,VASTRANAND,VASTRANAND Women Black Cotton Self-Design Stretchable Saree Blouse,1195,1195,47,4.2,506.0,Black,https://assets.myntassets.com/assets/images/12806396/2020/12/19/2161542f-6498-4f17-aa5a-cf58533207851608361795830-Women-Black-Coloured-Solid-Stretchable-Saree-Blouse-98516083-1.jpg,https://www.myntra.com/saree-blouse/vastranand/vastranand-women-black-cotton-self-design-stretchable-saree-blouse/12806396/buy
myntra,18070148,Women,Track Pants,CHKOKKO,CHKOKKO Women Pink Track Pants,639,1999,68,3.7,11.0,Pink,https://assets.myntassets.com/assets/images/18070148/2022/4/28/c7255544-5e5a-4899-a6c3-2daea4bd23ec1651128716781TrackPants1.jpg,https://www.myntra.com/track-pants/chkokko/chkokko-women-pink-track-pants/18070148/buy
myntra,18809314,Women,Jeans,ONLY,ONLY Women Blue Skinny Fit Low Distress Light Fade Jeans,1049,2999,65,3.0,7.0,Blue,https://assets.myntassets.com/assets/images/18809314/2022/6/21/b9a5d034-867f-4d1f-86aa-f5680533b5b11655813953450Jeans1.jpg,https://www.myntra.com/jeans/only/only-women-blue-skinny-fit-low-distress-light-fade-jeans/18809314/buy
myntra,18809308,Women,Jeans,ONLY,ONLY Women Blue Skinny Fit Light Fade Jeans,1199,2999,60,3.5,12.0,Blue,https://assets.myntassets.com/assets/images/18809308/2022/6/21/4ed44fd8-d925-436f-8ec8-730ce4c028611655813886807Jeans1.jpg,https://www.myntra.com/jeans/only/only-women-blue-skinny-fit-light-fade-jeans/18809308/buy
myntra,16653696,Women,Jeans,Levis,Levis Women Blue 715 Bootcut Light Fade Stretchable Jeans,2149,4299,50,4.3,96.0,Blue,https://assets.myntassets.com/assets/images/16653696/2022/4/27/e7f8d5d0-5af5-41e7-8e64-d256f09413bc1651042857274-Levis-Women-Jeans-3501651042856640-1.jpg,https://www.myntra.com/jeans/levis/levis-women-blue-715-bootcut-light-fade-stretchable-jeans/16653696/buy
myntra,16639818,Women,Jeans,Madame,Madame Women Blue Jean Skinny Fit Mildly Distressed Heavy Fade Jeans,1159,2899,73,4.1,45.0,Blue,https://assets.myntassets.com/assets/images/16639818/2021/12/29/85edca61-a3fb-4969-a497-efd2219fd9ff1640780263680Jeans1.jpg,https://www.myntra.com/jeans/madame/madame-women-blue-jean-skinny-fit-mildly-distressed-heavy-fade-jeans/16639818/buy
myntra,19456540,Women,Tshirts,MANGO,MANGO Women Pink Solid Cotton Linen T-shirt,1890,1890,37,3.8,56.0,Pink,https://assets.myntassets.com/assets/images/19456540/2022/9/10/df6a73ca-dd63-40b7-9e9c-283065e14d2e1662790991928JeansMANGOWomenTopsMANGOWomenTrousersMANGOWomenTshirtsMANGOW1.jpg,https://www.myntra.com/tshirts/mango/mango-women-pink-solid-cotton-linen-t-shirt/19456540/buy
myntra,15715750,Women,Co-Ords,Athena,Athena Women Black Solid Top with Skirt,799,2499,68,4.0,166.0,Black,https://assets.myntassets.com/assets/images/15715750/2021/10/21/de677f7b-28d9-4c6c-9fcf-ca492ee49aff1634806059595-Athena-Black-Scuba-crepe-Tie-up-skirt-and-top-Co-ord-set-379-1.jpg,https://www.myntra.com/co-ords/athena/athena-women-black-solid-top-with-skirt/15715750/buy
myntra,12734440,Women,Palazzos,TAG 7,TAG 7 Women Pack Of 2 Solid Straight Palazzos,841,2550,67,4.6,15.0,,https://assets.myntassets.com/assets/images/productimage/2020/10/14/860b4c29-ab0b-4209-8720-37857cd2c3be1602625996228-1.jpg,https://www.myntra.com/palazzos/tag-7/tag-7-women-pack-of-2-solid-straight-palazzos/12734440/buy
myntra,15458774,Women,Shirts,Hancock,Hancock Women White & Blue Slim Fit Opaque Striped Cotton Formal Shirt,1199,1999,40,4.2,278.0,White,https://assets.myntassets.com/assets/images/15458774/2021/9/23/86b4bb61-3318-42e0-9baf-853483ca1ee01632397031611-Hancock-Women-Shirts-6161632397030805-1.jpg,https://www.myntra.com/shirts/hancock/hancock-women-white--blue-slim-fit-opaque-striped-cotton-formal-shirt/15458774/buy
myntra,15523200,Women,Palazzos,GRACIT,GRACIT Women Pack of 2 Pink & Green Floral Printed Flared Palazzos,831,2189,62,0.0,0.0,Green,https://assets.myntassets.com/assets/images/15523200/2021/9/18/fe34ebf3-a5cb-47b4-b3e1-9a14468dbc3b1631949142652WomenPinkGreenRayonLeavesPrintedPlainPalazzo1.jpg,https://www.myntra.com/palazzos/gracit/gracit-women-pack-of-2-pink--green-floral-printed-flared-palazzos/15523200/buy
myntra,12733338,Women,Palazzos,TAG 7,TAG 7 Women Pack Of 2 Yellow & Off-White Solid Flared Palazzos,841,2550,67,4.5,4.0,Yellow,https://assets.myntassets.com/assets/images/productimage/2020/10/13/469a6b4c-e419-461a-b35b-5ef6552619f01602574675061-1.jpg,https://www.myntra.com/palazzos/tag-7/tag-7-women-pack-of-2-yellow--off-white-solid-flared-palazzos/12733338/buy
myntra,17893168,Women,Trousers,OXXO,OXXO Women White Solid Pleated Trousers With Belt,2939,4199,30,4.3,6.0,White,https://assets.myntassets.com/assets/images/17893168/2022/5/13/a7fb0e35-0287-4f53-af9d-944f7cddc8b81652434653793TshirtsOXXOWomenShortsOXXOWomenDressesOXXOWomenSkirtsOXXOWom1.jpg,https://www.myntra.com/trousers/oxxo/oxxo-women-white-solid-pleated-trousers-with-belt/17893168/buy
myntra,15016296,Women,Tshirts,Levis,Levis Women Pink Brand Logo Printed Pure Cotton T-shirt,587,1199,51,4.4,220.0,Pink,https://assets.myntassets.com/assets/images/15016296/2021/9/21/4f0357c8-9ae0-4d04-938c-9580595d742a1632222235394-Levis-Women-Tshirts-4731632222234827-1.jpg,https://www.myntra.com/tshirts/levis/levis-women-pink-brand-logo-printed-pure-cotton-t-shirt/15016296/buy
myntra,11733566,Women,Palazzos,TAG 7,TAG 7 Women Set of 3 Wide Leg Palazzos,1155,3399,66,4.1,110.0,,https://assets.myntassets.com/assets/images/productimage/2020/3/20/c2233751-48e1-4ee7-8c8c-282451f5181b1584656211304-1.jpg,https://www.myntra.com/palazzos/tag-7/tag-7-women-set-of-3-wide-leg-palazzos/11733566/buy
myntra,21152734,Women,Tops,Kibo,Kibo Women Floral Printed Ruffles Crepe Top,629,1799,65,0.0,0.0,,https://assets.myntassets.com/assets/images/21152734/2022/12/10/38e080f3-90eb-4634-9bdd-5b2ec73621741670673833946KiboWomensPolyesterFloralRuffleTop1.jpg,https://www.myntra.com/tops/kibo/kibo-women-floral-printed-ruffles-crepe-top/21152734/buy
myntra,17644898,Women,Shirts,Fabindia,Fabindia Women Blue Casual Shirt,1279,1599,20,4.1,12.0,Blue,https://assets.myntassets.com/assets/images/17644898/2022/3/25/9806d40a-df6d-4db4-93b7-e814941372251648216659802FabindiaWomenBlueCasualShirt1.jpg,https://www.myntra.com/shirts/fabindia/fabindia-women-blue-casual-shirt/17644898/buy
myntra,17833504,Women,Tops,Vero Moda,Vero Moda Women Pink Solid Top,1999,1999,65,4.2,47.0,Pink,https://assets.myntassets.com/assets/images/17833504/2022/4/9/db7ab093-4b97-4ddb-8c5b-a954ffad2b881649495733494VeroModaPinkTop1.jpg,https://www.myntra.com/tops/vero-moda/vero-moda-women-pink-solid-top/17833504/buy
myntra,17582592,Women,Shirts,20Dresses,20Dresses Women Maroon Party Crop Shirt,1495,1495,,4.1,14.0,Maroon,https://assets.myntassets.com/assets/images/17582592/2022/3/19/3e7806a7-5a6d-4e11-b6e1-f1cb6cc97d15164766746968120DressesWomenMaroonPartyShirt1.jpg,https://www.myntra.com/shirts/20dresses/20dresses-women-maroon-party-crop-shirt/17582592/buy
myntra,17644466,Women,Palazzos,Libas,Libas Women Yellow & Navy Blue Ethnic Motifs Printed Wide Leg Palazzos,517,1399,63,4.1,105.0,Navy Blue,https://assets.myntassets.com/assets/images/17644466/2022/4/6/0d4cc3a2-29ba-43d8-bf17-46938ca315181649243672770-Libas-Women-Palazzos-8541649243672063-1.jpg,https://www.myntra.com/palazzos/libas/libas-women-yellow--navy-blue-ethnic-motifs-printed-wide-leg-palazzos/17644466/buy
myntra,17664094,Women,Shirts,CHIMPAAANZEE,CHIMPAAANZEE Women Pink Boxy Tartan Checks Checked Casual Shirt,699,999,30,4.1,64.0,Pink,https://assets.myntassets.com/assets/images/17664094/2022/3/29/6a375f1e-d66e-497e-865d-3b40d0c474761648524046947CHIMPAAANZEEWomenPinkBoxyTartanChecksCheckedCasualShirt1.jpg,https://www.myntra.com/shirts/chimpaaanzee/chimpaaanzee-women-pink-boxy-tartan-checks-checked-casual-shirt/17664094/buy
myntra,17700966,Women,Shapewear,Zivame,Zivame Women Black Solid Mermaid Fit Saree Shapewear,1002,1699,41,3.9,27.0,Black,https://assets.myntassets.com/assets/images/17700966/2022/3/31/0aa83b06-5ea5-468a-a778-42d0cc6fcf2e1648717261913ZivameWomenBlackSolidMermaidFitSareeShapewear1.jpg,https://www.myntra.com/shapewear/zivame/zivame-women-black-solid-mermaid-fit-saree-shapewear/17700966/buy
myntra,12416610,Women,Saree Blouse,Amrutam Fab,Amrutam Fab Women Pink & Golden Embroidered Silk Saree Blouse,2999,2999,83,2.8,6.0,Pink,https://assets.myntassets.com/assets/images/12416610/2020/9/25/272bf2cf-a7ec-4b48-ac1a-4aa3f76c03941601019457800-Amrutam-Fab-Women-Saree-Blouse-7631601019456719-1.jpg,https://www.myntra.com/saree-blouse/amrutam-fab/amrutam-fab-women-pink--golden-embroidered-silk-saree-blouse/12416610/buy
myntra,15002364,Women,Thermal Bottoms,Jockey,Jockey Women Off-White Thermal Leggings,629,629,,4.5,225.0,White,https://assets.myntassets.com/assets/images/15002364/2024/1/2/31c7fb0a-97b6-4ba0-9a7c-6d890aa4750e1704194900148JockeyWomenOff-WhiteThermalLeggings1.jpg,https://www.myntra.com/thermal-bottoms/jockey/jockey-women-off-white-thermal-leggings/15002364/buy
myntra,21161934,Women,Kurta Sets,aturabi,aturabi Women Embroidered Sequinned Pure Cotton Kurta With Trousers & With Dupatta,2320,4000,42,0.0,0.0,,https://assets.myntassets.com/assets/images/21161934/2023/6/27/114d7aa4-e948-48f9-a597-d5c2a9f3732f1687865987684-aturabi-Women-Embroidered-Sequinned-Pure-Cotton-Kurta-With-T-1.jpg,https://www.myntra.com/kurta-sets/aturabi/aturabi-women-embroidered-sequinned-pure-cotton-kurta-with-trousers--with-dupatta/21161934/buy
myntra,18069276,Women,Jeans,Levis,Levis Women Blue Skinny Fit Light Fade Stretchable Jeans,1652,2899,20,4.1,586.0,Blue,https://assets.myntassets.com/assets/images/18069276/2022/6/21/d4b2db6c-d915-482e-9902-f032f42be7441655808964608-Levis-Women-Jeans-3011655808963968-1.jpg,https://www.myntra.com/jeans/levis/levis-women-blue-skinny-fit-light-fade-stretchable-jeans/18069276/buy
myntra,16653734,Women,Jeans,Levis,Levis Women Blue 712 Slim Fit High-Rise Light Fade Stretchable Jeans,1869,3399,20,4.2,99.0,Blue,https://assets.myntassets.com/assets/images/16653734/2022/1/13/f5494d59-7922-4751-9cd6-e96691351cc71642078070728-Levis-Women-Jeans-4581642078070103-1.jpg,https://www.myntra.com/jeans/levis/levis-women-blue-712-slim-fit-high-rise-light-fade-stretchable-jeans/16653734/buy
myntra,22367930,Women,Track Pants,Blissclub,Blissclub The Groove In Women High Waist Flared Track Pants - Regular,1299,2199,40,4.3,18.0,,https://assets.myntassets.com/assets/images/22367930/2023/5/27/b1ae1a2f-266f-441d-947b-e34f1f18de051685173551994-Blissclub-Women-High-Waist-Boot-Cut-Sports-Track-Pants-93316-11.jpg,https://www.myntra.com/track-pants/blissclub/-blissclub-women-bootcut-track-pants-/22367930/buy
myntra,9010009,Women,Tops,Style Quotient,Style Quotient Women Green & White Striped Wrap Crop Top,449,1499,70,3.3,12.0,White,https://assets.myntassets.com/assets/images/9010009/2019/3/26/e5daabd5-2a8d-4f2d-98a4-e2c0615518be1553599132118-Style-Quotient-Women-Tops-1311553599130270-1.jpg,https://www.myntra.com/tops/style-quotient/style-quotient-women-green--white-striped-wrap-crop-top/9010009/buy
myntra,17734688,Women,Shapewear,VAIRAGEE,VAIRAGEE Women Orange Solid Shapewear,799,1999,60,3.8,5.0,Orange,https://assets.myntassets.com/assets/images/17734688/2022/4/5/3873aad5-ad13-4c4c-b90f-72cb083b99271649147765343VAIRAGEEWomenOrangeSolidShapewear1.jpg,https://www.myntra.com/shapewear/vairagee/vairagee-women-orange-solid-shapewear/17734688/buy
myntra,16384626,Women,Saree Blouse,flaher,flaher Women Teal & Golden Woven Saree Blouse,1380,3450,60,2.3,3.0,Teal,https://assets.myntassets.com/assets/images/16384626/2022/1/25/1fab5a60-62a3-4193-bdd5-2f80600f04131643090706664-Women-Sky-Blue-Woven-Jacquard-Saree-Blouse-651643090706275-1.jpg,https://www.myntra.com/saree-blouse/flaher/flaher-women-teal--golden-woven-saree-blouse/16384626/buy
myntra,15523100,Women,Palazzos,GRACIT,GRACIT Women Brown & Beige Pack of 2 Printed Flared Knitted Ethnic Palazzos,831,2189,62,0.0,0.0,Beige,https://assets.myntassets.com/assets/images/15523100/2021/9/18/d8a476b9-3061-4be5-a9f9-54a1038a873c1631947796457WomenDarkBrownSkinRayonLeavesPrintedPlainPalazzo1.jpg,https://www.myntra.com/palazzos/gracit/gracit-women-brown--beige-pack-of-2-printed-flared-knitted-ethnic-palazzos/15523100/buy
myntra,15459250,Women,Shapewear,Zivame,Zivame Women Black Solid Saree Shapewear,738,1295,43,3.9,152.0,Black,https://assets.myntassets.com/assets/images/15459250/2021/9/15/40ab6f5c-68d0-4774-b0bb-5e1399ad31be1631686609205ZivameHighCompressionSlitMermaidSareeShapewear-Black1.jpg,https://www.myntra.com/shapewear/zivame/zivame-women-black-solid-saree-shapewear/15459250/buy
myntra,15523116,Women,Palazzos,GRACIT,GRACIT Women Pink & Red Pack of 2 Printed Flared Knitted Ethnic Palazzos,831,2189,62,0.0,0.0,Pink,https://assets.myntassets.com/assets/images/15523116/2021/9/18/e1f57120-62e3-4360-9e0a-b3750ba4f1761631948122321WomenPinkRedRayonLeavesPrintedPlainPalazzo1.jpg,https://www.myntra.com/palazzos/gracit/gracit-women-pink--red-pack-of-2-printed-flared-knitted-ethnic-palazzos/15523116/buy
myntra,12734350,Women,Palazzos,TAG 7,TAG 7 Women Set Of 2 Blue & Magenta Solid Straight Palazzos,841,2550,67,4.1,19.0,Magenta,https://assets.myntassets.com/assets/images/productimage/2020/10/14/af689904-9e97-44fe-be2c-cea9290ac7531602626528172-1.jpg,https://www.myntra.com/palazzos/tag-7/tag-7-women-set-of-2-blue--magenta-solid-straight-palazzos/12734350/buy
myntra,17879688,Women,Tshirts,Miss Poem,Miss Poem Women Yellow & Pink Typography Drop-Shoulder Sleeves Pure Cotton T-shirt,1189,1699,30,3.0,5.0,Yellow,https://assets.myntassets.com/assets/images/17879688/2022/5/16/6cce3b8b-8b8e-4b78-8164-09883b1152991652676718855DressesMissPoemWomenTshirtsMissPoemWomenTshirtsMissPoemWomen1.jpg,https://www.myntra.com/tshirts/miss-poem/miss-poem-women-yellow--pink-typography-drop-shoulder-sleeves-pure-cotton-t-shirt/17879688/buy
myntra,17817404,Women,Tops,Trendyol,Trendyol Women Black Solid Tie-Up Crop Top,1299,1299,20,3.9,7.0,Black,https://assets.myntassets.com/assets/images/17817404/2022/5/2/5267c9c2-c016-468c-8a65-a7b365d08a371651491735065TrendyolWomenRustBrownPureCottonBootcutHigh-RiseJeansJeansTr1.jpg,https://www.myntra.com/tops/trendyol/trendyol-women-black-solid-tie-up-crop-top/17817404/buy
myntra,15006932,Women,Palazzos,Rajnandini,Rajnandini Women Orange & Green Printed Flared Handloom Ethnic Palazzos,465,1663,72,4.0,22.0,Orange,https://assets.myntassets.com/assets/images/15006932/2021/8/3/28c37716-3e2c-4d9c-92fe-fdd4740dcc3d1627994940981Palazzos1.jpg,https://www.myntra.com/palazzos/rajnandini/rajnandini-women-orange--green-printed-flared-handloom-ethnic-palazzos/15006932/buy
myntra,15523390,Women,Palazzos,GRACIT,GRACIT Women Pack Of 2 Grey & Red Floral & Solid Printed Knitted Ethnic Palazzos,831,2189,62,0.0,0.0,Grey,https://assets.myntassets.com/assets/images/15523390/2021/9/18/bf6bfc31-160e-4280-932c-58fda7f07b741631953273999WomenGreyRedRayonLeavesPrintedPlainPalazzo1.jpg,https://www.myntra.com/palazzos/gracit/gracit-women-pack-of-2-grey--red-floral--solid-printed-knitted-ethnic-palazzos/15523390/buy
myntra,15462106,Women,Palazzos,GRACIT,GRACIT Women Red & Black Printed Ethnic Palazzos Pack of 2,835,2198,62,0.0,0.0,Black,https://assets.myntassets.com/assets/images/15462106/2021/9/14/ac718dd8-6bf7-483f-bf33-025c46d446561631619315215WomenRedGreenBlockPrintedPlainPalazzo1.jpg,https://www.myntra.com/palazzos/gracit/gracit-women-red--black-printed-ethnic-palazzos-pack-of-2-/15462106/buy
myntra,19682664,Women,Saree Blouse,Amrutam Fab,Amrutam Fab Women Black Embroidered Saree Blouse,1999,1999,75,3.4,5.0,Black,https://assets.myntassets.com/assets/images/19682664/2022/8/27/dbbef0c8-bf14-44d6-847f-4ac3be93b0611661578923939SareeBlouse1.jpg,https://www.myntra.com/saree-blouse/amrutam-fab/amrutam-fab-women-black-embroidered-saree-blouse/19682664/buy
myntra,19869086,Women,Jeans,ONLY,ONLY Women Blue Skinny Fit High-Rise Jeans,1199,2999,60,3.7,28.0,Blue,https://assets.myntassets.com/assets/images/19869086/2022/9/9/40cca7ce-7915-4440-aa7f-901dd5ff06db1662740783530ONLYWomenBlueSkinnyFitHigh-RiseJeans1.jpg,https://www.myntra.com/jeans/only/only-women-blue-skinny-fit-high-rise-jeans/19869086/buy
myntra,14864062,Women,Tops,Tokyo Talkies,Tokyo Talkies Women Grey Fitted Crop Top,349,499,30,4.2,504.0,Grey,https://assets.myntassets.com/assets/images/14864062/2023/9/7/1b816490-4c17-41c9-85b0-1a9041e51d281694084822189TokyoTalkiesWomenGreyFittedCropTop1.jpg,https://www.myntra.com/tops/tokyo-talkies/tokyo-talkies-women-grey-fitted-crop-top/14864062/buy
ajio,442103234,Women,Shirts,Juniper Off,Juniper Off White Women Embroidered Tunic,544,1699,68,,,Off White,https://assets.ajio.com/medias/sys_master/root/20231011/ClLE/652641fbddf779151932881a/juniper_off_white_women_embroidered_tunic.jpg,https://www.ajio.com/juniper-women-embroidered-tunic/p/442103234_offwhite
ajio,441229128,Women,Shirts,Outryt,Outryt Pink Women Floral Print Tailored Fit Shirt,630,1399,55,,,Pink,https://assets.ajio.com/medias/sys_master/root/20221201/IMDK/6388c736f997ddfdbdb01bb6/outryt_pink_women_floral_print_tailored_fit_shirt.jpg,https://www.ajio.com/outryt-women-floral-print-tailored-fit-shirt/p/441229128_pink
ajio,466678223,Women,Shirts,Just Wow,Just Wow Black Women Floral Print Round-Neck T-Shirt,392,799,51,,,Black,https://assets.ajio.com/medias/sys_master/root/20231006/wGin/651f37c8ddf77915192356de/just_wow_black_women_floral_print_round-neck_t-shirt.jpg,https://www.ajio.com/just-wow-women-floral-print-round-neck-t-shirt/p/466678223_black
ajio,442109890,Women,Shirts,Outryt,Outryt White Women Loose Fit Shirt with Patch Pocket,1599,1599,0,,,White,https://assets.ajio.com/medias/sys_master/root/20230404/D865/642c3507711cf97ba708be90/outryt_white_women_loose_fit_shirt_with_patch_pocket.jpg,https://www.ajio.com/outryt-women-loose-fit-shirt-with-patch-pocket/p/442109890_white
ajio,441236180,Women,Shirts,Outryt,Outryt Black Women Crew-Neck T-Shirt with Roll-Up Sleeves,399,499,20,,,Black,https://assets.ajio.com/medias/sys_master/root/20221201/szZL/6388c175f997ddfdbdaff994/outryt_black_women_crew-neck_t-shirt_with_roll-up_sleeves.jpg,https://www.ajio.com/outryt-women-crew-neck-t-shirt-with-roll-up-sleeves/p/441236180_black
ajio,466730679,Women,Shirts,MAX,MAX Brown Women Floral Print Regular Fit Crew-Neck T-Shirt,299,299,0,,,Brown,https://assets.ajio.com/medias/sys_master/root/20231020/voRx/653258ceddf77915194e0a59/max_brown_women_floral_print_regular_fit_crew-neck_t-shirt.jpg,https://www.ajio.com/max-women-floral-print-regular-fit-crew-neck-t-shirt/p/466730679_brown
ajio,441245880,Women,Shirts,Svrnaa,Svrnaa Olive Green Women Checked Tunic with Band Collar,699,999,30,,,Green,https://assets.ajio.com/medias/sys_master/root/20220531/6uGL/62954ceff997dd03e24c51f8/svrnaa_olive_green_women_checked_tunic_with_band_collar.jpg,https://www.ajio.com/svrnaa-women-checked-tunic-with-band-collar/p/441245880_olive
ajio,441144471,Women,Shirts,Outryt Sport,Outryt Sport White Women Sleeveless Cropped Crew-Neck T-shirt,360,799,55,,,White,https://assets.ajio.com/medias/sys_master/root/20220611/Zkrq/62a3a962aeb26921af1c1bdc/outryt_sport_white_women_sleeveless_cropped_crew-neck_t-shirt.jpg,https://www.ajio.com/outryt-sport-women-sleeveless-cropped-crew-neck-t-shirt/p/441144471_offwhite
ajio,463626300,Women,Shirts,WOMEN,WOMEN TOUCH Dark Green Embroidered Round-Neck Top,600,1499,60,,,Green,https://assets.ajio.com/medias/sys_master/root/20230621/EeKV/64923fb842f9e729d75f3fbb/women_touch_dark_green_embroidered_round-neck_top.jpg,https://www.ajio.com/women-touch-embroidered-round-neck-top/p/463626300_green
ajio,443012615,Women,Shirts,Svrnaa Off,Svrnaa Off White Women Cotton V-Neck Top,999,999,0,,,Off White,https://assets.ajio.com/medias/sys_master/root/20230803/zNSL/64cbcfa3eebac147fca4cfbf/svrnaa_off_white_women_cotton_v-neck_top.jpg,https://www.ajio.com/svrnaa-women-cotton-v-neck-top/p/443012615_offwhite
ajio,466729430,Women,Shirts,MAX,MAX Pink Girl Graphic Print Regular Fit T-Shirt,199,199,0,,,Pink,https://assets.ajio.com/medias/sys_master/root/20231020/lMrc/6531b20addf77915194c9575/max_pink_girl_graphic_print_regular_fit_t-shirt.jpg,https://www.ajio.com/max-girl-graphic-print-regular-fit-t-shirt/p/466729430_pink
ajio,466501639,Women,Shirts,Puma,Puma Orange Dare to Women Cropped T-Shirt,1199,1499,20,,,Orange,https://assets.ajio.com/medias/sys_master/root/20231012/Qt3p/6527ae8eafa4cf41f53dc9e2/puma_orange_dare_to_women_cropped_t-shirt.jpg,https://www.ajio.com/puma-dare-to-women-cropped-t-shirt/p/466501639_orange
ajio,466699538,Women,Shirts,CRIMSOUNE CLUB,CRIMSOUNE CLUB Navy Women Slim Fit Checked Shirt,1349,1499,10,,,Navy,https://assets.ajio.com/medias/sys_master/root/20231012/K0jq/652720aeddf7791519351a36/crimsoune_club_navy_women_slim_fit_checked_shirt.jpg,https://www.ajio.com/crimsoune-club-women-slim-fit-checked-shirt/p/466699538_navy
ajio,466506347,Women,Shirts,Puma,Puma White Women Classics Brand Love T-Shirt,989,1799,45,,,White,https://assets.ajio.com/medias/sys_master/root/20231012/AVtH/6527af36afa4cf41f53dd9fd/puma_white_women_classics_brand_love_t-shirt.jpg,https://www.ajio.com/puma-women-classics-brand-love-t-shirt/p/466506347_white
ajio,463626408,Women,Shirts,WOMEN,WOMEN TOUCH Olive Floral Print Round-Neck Tunic,600,1499,60,,,Olive,https://assets.ajio.com/medias/sys_master/root/20230621/Tlni/6492383e42f9e729d75e2d1c/women_touch_olive_floral_print_round-neck_tunic.jpg,https://www.ajio.com/women-touch-floral-print-round-neck-tunic/p/463626408_olive
ajio,441229113,Women,Shirts,Outryt,Outryt Pink Women Satin Shirt,540,1199,55,,,Pink,https://assets.ajio.com/medias/sys_master/root/20221201/JYvH/6388cf2af997ddfdbdb04982/outryt_pink_women_satin_shirt.jpg,https://www.ajio.com/outryt-women-satin-shirt/p/441229113_pink
ajio,466711444,Women,Shirts,Classy Vouge,Classy Vouge Blue & Black Women Tie & Dye Regular Fit Shirt,899,1499,40,,,Black,https://assets.ajio.com/medias/sys_master/root/20231016/vekY/652c4e45afa4cf41f54631fe/classy_vouge_blue_%26_black_women_tie_%26_dye_regular_fit_shirt.jpg,https://www.ajio.com/classy-vouge-women-tie--dye-regular-fit-shirt/p/466711444_blue
ajio,441243414,Women,Shirts,Outryt,Outryt White Women Polka-Dot Tailored Fit Shirt,630,1399,55,,,White,https://assets.ajio.com/medias/sys_master/root/20221201/ouos/6388cd33f997ddfdbdb03ee0/outryt_white_women_polka-dot_tailored_fit_shirt.jpg,https://www.ajio.com/outryt-women-polka-dot-tailored-fit-shirt/p/441243414_white
ajio,466689984,Women,Shirts,MAX,MAX Green Women Regular Fit Round-Neck T-Shirt,199,199,0,,,Green,https://assets.ajio.com/medias/sys_master/root/20231010/BWCx/65247f63afa4cf41f53650c0/max_green_women_regular_fit_round-neck_t-shirt.jpg,https://www.ajio.com/max-women-regular-fit-round-neck-t-shirt/p/466689984_green
ajio,443021095,Women,Shirts,FUSION,FUSION Pink Women Mirror Embellished Relaxed Fit Crop Top,799,799,0,,,Pink,https://assets.ajio.com/medias/sys_master/root/20231016/joOS/652d5207afa4cf41f548a6dd/fusion_pink_women_mirror_embellished_relaxed_fit_crop_top.jpg,https://www.ajio.com/fusion-women-mirror-embellished-relaxed-fit-crop-top/p/443021095_pink
ajio,441229114,Women,Shirts,Outryt Light,Outryt Light Green Women Satin Shirt,540,1199,55,,,Green,https://assets.ajio.com/medias/sys_master/root/20221201/1xjL/6388cdc4f997ddfdbdb04291/outryt_light_green_women_satin_shirt.jpg,https://www.ajio.com/outryt-women-satin-shirt/p/441229114_ltgreen
ajio,441268569,Women,Shirts,Outryt,Outryt White Women Floral Embroidered Full Sleeves Shirt,675,1499,55,,,White,https://assets.ajio.com/medias/sys_master/root/20220930/z4xg/6336e592f997ddfdbdffa17d/outryt_white_women_floral_embroidered_full_sleeves_shirt.jpg,https://www.ajio.com/outryt-women-floral-embroidered-full-sleeves-shirt/p/441268569_white
ajio,466701066,Women,Shirts,Indie Picks,Indie Picks Green Women Ombre-Dyed Relaxed Fit Shirt,698,1995,65,,,Green,https://assets.ajio.com/medias/sys_master/root/20231012/Wa4k/6527f789ddf7791519377a13/indie_picks_green_women_ombre-dyed_relaxed_fit_shirt.jpg,https://www.ajio.com/indie-picks-women-ombre-dyed-relaxed-fit-shirt/p/466701066_green
ajio,466506312,Women,Shirts,Puma,Puma Black Women Classic Oversized T-Shirt,1124,1499,25,,,Black,https://assets.ajio.com/medias/sys_master/root/20231012/BicC/6527af33ddf779151936467d/puma_black_women_classic_oversized_t-shirt.jpg,https://www.ajio.com/puma-women-classic-oversized-t-shirt/p/466506312_black
ajio,466730971,Women,Shirts,MAX,MAX Black Women Graphic Print Regular Fit Crew-Neck T-Shirt,499,499,0,,,Black,https://assets.ajio.com/medias/sys_master/root/20231020/NcV8/653257adddf77915194de778/max_black_women_graphic_print_regular_fit_crew-neck_t-shirt.jpg,https://www.ajio.com/max-women-graphic-print-regular-fit-crew-neck-t-shirt/p/466730971_black
ajio,466691176,Women,Shirts,BEEBAY,BEEBAY Pink Girl Regular Fit Round-Neck T-Shirt,796,995,20,,,Pink,https://assets.ajio.com/medias/sys_master/root/20231011/MVkc/6525a8a5ddf779151931b25f/beebay_pink_girl_regular_fit_round-neck_t-shirt.jpg,https://www.ajio.com/beebay-girl-regular-fit-round-neck-t-shirt/p/466691176_pink
ajio,466759017,Women,Shirts,KAPPA,KAPPA Purple Women Relaxed Fit Round-Neck T-Shirt,449,499,10,,,Purple,https://assets.ajio.com/medias/sys_master/root/20231031/awKQ/65405716ddf77915196434b7/kappa_purple_women_relaxed_fit_round-neck_t-shirt.jpg,https://www.ajio.com/kappa-women-relaxed-fit-round-neck-t-shirt/p/466759017_purple
ajio,442294560,Women,Shirts,Outryt,Outryt Multicoloured Women Floral Print Shirt,1499,1499,0,,,,https://assets.ajio.com/medias/sys_master/root/20230710/gQgG/64ac1684eebac147fc60ae42/outryt_multicoloured_women_floral_print_shirt.jpg,https://www.ajio.com/outryt-women-floral-print-shirt/p/442294560_ltpink
ajio,443031707,Women,Shirts,SIYAHI,SIYAHI Navy Blue Women Printed Relaxed Fit Top,599,599,0,,,Navy Blue,https://assets.ajio.com/medias/sys_master/root/20231016/hSsJ/652d6010ddf77915194233ce/siyahi_navy_blue_women_printed_relaxed_fit_top.jpg,https://www.ajio.com/siyahi-women-printed-relaxed-fit-top/p/443031707_navy
ajio,466740198,Women,Shirts,Affordable Af,Affordable Af Multicoloured Women Striped Crew-Neck T-Shirt,349,849,59,,,,https://assets.ajio.com/medias/sys_master/root/20231024/UhF6/6536f28fafa4cf41f55ad8fa/affordable_af_multicoloured_women_striped_crew-neck_t-shirt.jpg,https://www.ajio.com/affordable-af-women-striped-crew-neck-t-shirt/p/466740198_multi
ajio,443002250,Women,Shirts,Outryt,Outryt Lavender Women Polo Crop T-Shirt,479,599,20,,,Lavender,https://assets.ajio.com/medias/sys_master/root/20230201/iwFI/63da0709aeb269c651082058/outryt_lavender_women_polo_crop_t-shirt.jpg,https://www.ajio.com/outryt-women-polo-crop-t-shirt/p/443002250_lavender
ajio,441316765,Women,Shirts,Svrnaa,Svrnaa Black Women Printed Sleeveless Top,360,799,55,,,Black,https://assets.ajio.com/medias/sys_master/root/20220924/T1zE/632e04bef997dd1f8d19d20c/svrnaa_black_women_printed_sleeveless_top.jpg,https://www.ajio.com/svrnaa-women-printed-sleeveless-top/p/441316765_black
ajio,466069374,Women,Shirts,BALLER ATHLETIK,BALLER ATHLETIK Blue Marine Women Boost T-Shirt,1098,2195,50,,,Blue,https://assets.ajio.com/medias/sys_master/root/20230418/Az4D/643e9285907deb497aec41f3/baller_athletik_blue_marine_women_boost_t-shirt.jpg,https://www.ajio.com/baller-athletik-women-boost-t-shirt/p/466069374_blue
ajio,466683089,Women,Shirts,Trond,Trond Grey Women Typographic Print Loose Fit Crew-Neck T-Shirt,604,1099,45,,,Grey,https://assets.ajio.com/medias/sys_master/root/20231007/XtbC/652087cdafa4cf41f530a04f/trond_grey_women_typographic_print_loose_fit_crew-neck_t-shirt.jpg,https://www.ajio.com/trond-women-typographic-print-loose-fit-crew-neck-t-shirt/p/466683089_grey
ajio,466683993,Women,Shirts,Moomaya,Moomaya Teal Women Floral Print Reguler Fit Shirt ,765,1700,55,,,Teal,https://assets.ajio.com/medias/sys_master/root/20231009/Z0Ug/6523e9fcafa4cf41f5332219/moomaya_teal_women_floral_print_reguler_fit_shirt_.jpg,https://www.ajio.com/moomaya-women-floral-print-reguler-fit-shirt-/p/466683993_teal
ajio,442249844,Women,Shirts,Outryt,Outryt Navy Blue & Brown Women Tie & Dye Fitted Crew-Neck T-Shirt,599,599,0,,,Navy Blue,https://assets.ajio.com/medias/sys_master/root/20230717/d4rO/64b560d3eebac147fc738d55/outryt_navy_blue_%26_brown_women_tie_%26_dye_fitted_crew-neck_t-shirt.jpg,https://www.ajio.com/outryt-women-tie--dye-fitted-crew-neck-t-shirt/p/442249844_navy
ajio,469486632,Women,Shirts,SAM,SAM Black Sam women shirts black m,1260,2799,55,,,Black,https://assets.ajio.com/medias/sys_master/root/20230516/GUOx/6463b90dd55b7d0c63ba3e32/sam_black_sam_women_shirts_black_m.jpg,https://www.ajio.com/sam-sam-women-shirts-black-m/p/469486632_black
ajio,442334601,Women,Shirts,YOUSTA Mint,YOUSTA Mint Green Girl Typographic Print Relaxed Fit Crew-Neck T-Shirt,149,149,0,,,Green,https://assets.ajio.com/medias/sys_master/root/20231006/niHi/65203a60afa4cf41f52f7fc4/yousta_mint_green_girl_typographic_print_relaxed_fit_crew-neck_t-shirt.jpg,https://www.ajio.com/yousta-girl-typographic-print-relaxed-fit-crew-neck-t-shirt/p/442334601_mint
ajio,443023064,Women,Shirts,FIG,FIG Yellow Women Square-Neck T-Shirt,599,599,0,,,Yellow,https://assets.ajio.com/medias/sys_master/root/20231026/fcIY/653a5720afa4cf41f5619edf/fig_yellow_women_square-neck_t-shirt.jpg,https://www.ajio.com/fig-women-square-neck-t-shirt/p/443023064_mustard
ajio,466766789,Women,Shirts,Sthula's,Sthula's Blue Women Regular Fit Round-Neck T-Shirt ,150,599,75,,,Blue,https://assets.ajio.com/medias/sys_master/root/20231102/kE6o/654378ffddf77915196919e6/sthula%27s_blue_women_regular_fit_round-neck_t-shirt_.jpg,https://www.ajio.com/sthula-s-women-regular-fit-round-neck-t-shirt-/p/466766789_blue
ajio,441268899,Women,Shirts,Svrnaa,Svrnaa White Women Round-Neck Top,559,799,30,,,White,https://assets.ajio.com/medias/sys_master/root/20220609/hKMg/62a101d7f997dd03e26d86da/svrnaa_white_women_round-neck_top.jpg,https://www.ajio.com/svrnaa-women-round-neck-top/p/441268899_natural
ajio,466686809,Women,Shirts,Trond,Trond Black Women Typographic Print Oversized Fit Round-Neck T-Shirt,604,1099,45,,,Black,https://assets.ajio.com/medias/sys_master/root/20231009/zidD/65240073afa4cf41f533b292/trond_black_women_typographic_print_oversized_fit_round-neck_t-shirt.jpg,https://www.ajio.com/trond-women-typographic-print-oversized-fit-round-neck-t-shirt/p/466686809_black
ajio,443019224,Women,Shirts,Svrnaa,Svrnaa Pink Women Floral Print Shirt,1299,1299,0,,,Pink,https://assets.ajio.com/medias/sys_master/root/20230707/lXkC/64a7f8caa9b42d15c943e2d5/svrnaa_pink_women_floral_print_shirt.jpg,https://www.ajio.com/svrnaa-women-floral-print-shirt/p/443019224_white
ajio,466685468,Women,Shirts,MAX Light,MAX Light green Women Regular Fit Round-Neck T-Shirt,199,199,0,,,Green,https://assets.ajio.com/medias/sys_master/root/20231009/H7C3/6523eb46ddf77915192b543e/max_light_green_women_regular_fit_round-neck_t-shirt.jpg,https://www.ajio.com/max-women-regular-fit-round-neck-t-shirt/p/466685468_green
ajio,469510377,Women,Shirts,Ketch,Ketch Blue Women Printed Regular Fit Shirt,405,1349,70,,,Blue,https://assets.ajio.com/medias/sys_master/root/20231013/8y2e/65295c08afa4cf41f541b94d/ketch_blue_women_printed_regular_fit_shirt.jpg,https://www.ajio.com/ketch-women-printed-regular-fit-shirt/p/469510377_navy
ajio,463635664,Women,Shirts,WOMEN,WOMEN TOUCH Purple Embroidered Round Neck Top,600,1499,60,,,Purple,https://assets.ajio.com/medias/sys_master/root/20230621/51GX/64925484d55b7d0c6389ef20/women_touch_purple_embroidered_round_neck_top.jpg,https://www.ajio.com/women-touch-embroidered-round-neck-top/p/463635664_purple
ajio,442334602,Women,Shirts,YOUSTA,YOUSTA Orange Girl Typographic Print Relaxed Fit Crew-Neck T-Shirt,149,149,0,,,Orange,https://assets.ajio.com/medias/sys_master/root/20231006/APlc/65204618ddf779151927bec2/yousta_orange_girl_typographic_print_relaxed_fit_crew-neck_t-shirt.jpg,https://www.ajio.com/yousta-girl-typographic-print-relaxed-fit-crew-neck-t-shirt/p/442334602_orange
ajio,443009180,Women,Shirts,Svrnaa,Svrnaa Off-White Women V-Neck Flared Top,1299,1299,0,,,White,https://assets.ajio.com/medias/sys_master/root/20230427/Me4S/644a5ace42f9e729d754659b/svrnaa_off-white_women_v-neck_flared_top.jpg,https://www.ajio.com/svrnaa-women-v-neck-flared-top/p/443009180_offwhite
ajio,466242711,Women,Shirts,Styli,Styli Black Women Plus Oversized Good Things Are Coming Longline T-Shirt,594,699,15,,,Black,https://assets.ajio.com/medias/sys_master/root/20230807/dTgm/64d0dacfeebac147fcad164b/styli_black_women_plus_oversized_good_things_are_coming_longline_t-shirt.jpg,https://www.ajio.com/styli-women-plus-oversized-good-things-are-coming-longline-t-shirt/p/466242711_black
ajio,466394073,Women,Shirts,Styli,Styli White Women Cotton Puff Sleeve Regular Shirt,710,899,21,,,White,https://assets.ajio.com/medias/sys_master/root/20230807/txLE/64d0db2ca9b42d15c991e4c4/styli_white_women_cotton_puff_sleeve_regular_shirt.jpg,https://www.ajio.com/styli-women-cotton-puff-sleeve-regular-shirt/p/466394073_white
ajio,441273064,Women,Shirts,Outryt,Outryt Navy Blue Women Crew-Neck T-shirt,999,999,0,,,Navy Blue,https://assets.ajio.com/medias/sys_master/root/20221201/kJ0y/6388ccd3f997ddfdbdb03d19/outryt_navy_blue_women_crew-neck_t-shirt.jpg,https://www.ajio.com/outryt-women-crew-neck-t-shirt/p/441273064_navy
ajio,466685356,Women,Shirts,WINERED,WINERED Pink Women Embroidered Slim Fit Shirt,693,2099,67,,,Pink,https://assets.ajio.com/medias/sys_master/root/20231009/Q6RJ/65240016ddf77915192baac8/winered_pink_women_embroidered_slim_fit_shirt.jpg,https://www.ajio.com/winered-women-embroidered-slim-fit-shirt/p/466685356_pink
ajio,466388964,Women,Shirts,Puma,Puma Pink Women Essentials Polo T-Shirt,680,1699,60,,,Pink,https://assets.ajio.com/medias/sys_master/root/20231012/XIp7/6527aa6dafa4cf41f53d7c04/puma_pink_women_essentials_polo_t-shirt.jpg,https://www.ajio.com/puma-women-essentials-polo-t-shirt/p/466388964_pink
ajio,441402027,Women,Shirts,Outryt,Outryt Blue Women Heathered Round-Neck T-shirt,360,799,55,,,Blue,https://assets.ajio.com/medias/sys_master/root/20220912/oGV9/631e2b19f997dd1f8df50a63/outryt_blue_women_heathered_round-neck_t-shirt.jpg,https://www.ajio.com/outryt-women-heathered-round-neck-t-shirt/p/441402027_ltblue
ajio,466729353,Women,Shirts,MAX,MAX Rust Girl Typographic Print Regular Fit T-Shirt,169,169,0,,,Rust,https://assets.ajio.com/medias/sys_master/root/20231020/LVHx/6531ae5dddf77915194c2c16/max_rust_girl_typographic_print_regular_fit_t-shirt.jpg,https://www.ajio.com/max-girl-typographic-print-regular-fit-t-shirt/p/466729353_rust
ajio,466730531,Women,Shirts,MAX,MAX Cream Women Regular Fit Crew-Neck T-Shirt ,299,299,0,,,Cream,https://assets.ajio.com/medias/sys_master/root/20231020/72Kw/6532aa71ddf77915194f0e03/max_cream_women_regular_fit_crew-neck_t-shirt_.jpg,https://www.ajio.com/max-women-regular-fit-crew-neck-t-shirt-/p/466730531_cream
ajio,464911528,Women,Shirts,MAX,MAX NAVY Women Printed Round-Neck Chemise,169,169,0,,,Navy,https://assets.ajio.com/medias/sys_master/root/20230808/EeDA/64d1e3fbeebac147fcb1d0da/max_navy_women_printed_round-neck_chemise.jpg,https://www.ajio.com/max-women-printed-round-neck-chemise/p/464911528_navy
ajio,466768818,Women,Shirts,Sthula's,Sthula's Blue Women Regular Fit Graphic Print Crew-Neck T-Shirt,260,1299,80,,,Blue,https://assets.ajio.com/medias/sys_master/root/20231102/Wo6t/6543cf2bddf77915196b190b/sthula%27s_blue_women_regular_fit_graphic_print_crew-neck_t-shirt.jpg,https://www.ajio.com/sthula-s-women-regular-fit-graphic-print-crew-neck-t-shirt/p/466768818_blue
ajio,466234717,Women,Shirts,Styli,Styli Black Women Regular Fit Lace Trim Polo T-Shirt,429,1099,61,,,Black,https://assets.ajio.com/medias/sys_master/root/20230807/ttU9/64d0daf4eebac147fcad1bc1/styli_black_women_regular_fit_lace_trim_polo_t-shirt.jpg,https://www.ajio.com/styli-women-regular-fit-lace-trim-polo-t-shirt/p/466234717_black
ajio,466720716,Women,Shirts,Style Quotient,Style Quotient Blue Women Regular Fit Shirt with Spread-Collar,750,1499,50,,,Blue,https://assets.ajio.com/medias/sys_master/root/20231018/f409/65300ee3ddf7791519477b43/style_quotient_blue_women_regular_fit_shirt_with_spread-collar.jpg,https://www.ajio.com/style-quotient-women-regular-fit-shirt-with-spread-collar/p/466720716_blue
ajio,441316261,Women,Shirts,Outryt,Outryt White Women Striped Boat-Neck T-shirt,799,799,0,,,White,https://assets.ajio.com/medias/sys_master/root/20220824/yHv4/63063e6df997dd394c1a7ed1/outryt_white_women_striped_boat-neck_t-shirt.jpg,https://www.ajio.com/outryt-women-striped-boat-neck-t-shirt/p/441316261_white
ajio,466748564,Women,Shirts,MAX,MAX Grey Women Regular Fit Round-Neck T-Shirt,299,299,0,,,Grey,https://assets.ajio.com/medias/sys_master/root/20231026/fT0H/653a6b6aafa4cf41f561e3a1/max_grey_women_regular_fit_round-neck_t-shirt.jpg,https://www.ajio.com/max-women-regular-fit-round-neck-t-shirt/p/466748564_grey
ajio,441227625,Women,Shirts,Outryt,Outryt Blue Women Crinkled Tailored Fit Shirt,999,999,0,,,Blue,https://assets.ajio.com/medias/sys_master/root/20221110/hCQf/636c9c4daeb269659c831cf3/outryt_blue_women_crinkled_tailored_fit_shirt.jpg,https://www.ajio.com/outryt-women-crinkled-tailored-fit-shirt/p/441227625_ltblue
ajio,441705016,Women,Shirts,Svrnaa,Svrnaa Grey Women Geometric Pattern Button-Down Top,699,999,30,,,Grey,https://assets.ajio.com/medias/sys_master/root/20221004/vTqZ/633b3091f997ddfdbd057c59/svrnaa_grey_women_geometric_pattern_button-down_top.jpg,https://www.ajio.com/svrnaa-women-geometric-pattern-button-down-top/p/441705016_grey
ajio,466753928,Women,Shirts,Indie Picks,Indie Picks Blue Women Printed Top,1320,3300,60,,,Blue,https://assets.ajio.com/medias/sys_master/root/20231029/9rJC/653e5e2eafa4cf41f5663d4f/indie_picks_blue_women_printed_top.jpg,https://www.ajio.com/indie-picks-women-printed-top/p/466753928_blue
ajio,469113623,Women,Shirts,Global Desi,Global Desi White Women Straight Tunic with Embroidered Cuffs,945,2699,65,,,White,https://assets.ajio.com/medias/sys_master/root/20231009/0Rpm/65241c94ddf77915192ca532/global_desi_white_women_straight_tunic_with_embroidered_cuffs.jpg,https://www.ajio.com/global-desi-women-straight-tunic-with-embroidered-cuffs/p/469113623_white
ajio,441316148,Women,Shirts,Outryt,Outryt Black Women Cropped Rib Polo T-Shirt,899,899,0,,,Black,https://assets.ajio.com/medias/sys_master/root/20220718/UTdr/62d50f4caeb26921af7ff863/outryt_black_women_cropped_rib_polo_t-shirt.jpg,https://www.ajio.com/outryt-women-cropped-rib-polo-t-shirt/p/441316148_black
ajio,466718074,Women,Shirts,CHIMPAAANZEE,CHIMPAAANZEE Pink & Blue Women Striped Loose Fit Shirt,799,999,20,,,Blue,https://assets.ajio.com/medias/sys_master/root/20231017/Nwg3/652e8cfeafa4cf41f54a61c8/chimpaaanzee_pink_%26_blue_women_striped_loose_fit_shirt.jpg,https://www.ajio.com/chimpaaanzee-women-striped-loose-fit-shirt/p/466718074_blue
ajio,466718536,Women,Shirts,Indie Picks,Indie Picks Green Women Printed Relaxed Fit Top with Mandarin Collar,699,1996,65,,,Green,https://assets.ajio.com/medias/sys_master/root/20231018/mWK8/652ee2a4afa4cf41f54b57cb/indie_picks_green_women_printed_relaxed_fit_top_with_mandarin_collar.jpg,https://www.ajio.com/indie-picks-women-printed-relaxed-fit-top-with-mandarin-collar/p/466718536_green
ajio,466724413,Women,Shirts,Indie Picks,Indie Picks Multicoloured Women Ombre Print Relaxed Fit Top,699,1996,65,,,,https://assets.ajio.com/medias/sys_master/root/20231019/NsNi/65305a28ddf779151948066e/indie_picks_multicoloured_women_ombre_print_relaxed_fit_top.jpg,https://www.ajio.com/indie-picks-women-ombre-print-relaxed-fit-top/p/466724413_multi
ajio,466506317,Women,Shirts,Puma,Puma White Women Classic Oversized T-Shirt,1199,1499,20,,,White,https://assets.ajio.com/medias/sys_master/root/20231012/puqv/6527af30afa4cf41f53dd96c/puma_white_women_classic_oversized_t-shirt.jpg,https://www.ajio.com/puma-women-classic-oversized-t-shirt/p/466506317_white
ajio,466751655,Women,Shirts,Indie Picks,Indie Picks Multicoloured Women Mandarin Collar Regular Fit Shirt,800,1999,60,,,,https://assets.ajio.com/medias/sys_master/root/20231027/Jntl/653bccb0ddf77915195e773e/indie_picks_multicoloured_women_mandarin_collar_regular_fit_shirt.jpg,https://www.ajio.com/indie-picks-women-mandarin-collar-regular-fit-shirt/p/466751655_multi
ajio,466735138,Women,Shirts,Indie Picks,Indie Picks Pink Women Tie & Dye Relaxed Fit Top,699,1996,65,,,Pink,https://assets.ajio.com/medias/sys_master/root/20231022/TCqT/65354c32ddf779151951c6e8/indie_picks_pink_women_tie_%26_dye_relaxed_fit_top.jpg,https://www.ajio.com/indie-picks-women-tie--dye-relaxed-fit-top/p/466735138_pink
ajio,466678315,Women,Shirts,Angloindu,Angloindu White Women Relaxed Fit Shirt,735,2099,65,,,White,https://assets.ajio.com/medias/sys_master/root/20231006/fv7z/651f153dddf779151922d0a1/angloindu_white_women_relaxed_fit_shirt.jpg,https://www.ajio.com/angloindu-women-relaxed-fit-shirt/p/466678315_white
ajio,466693462,Women,Shirts,KAPPA,KAPPA Lavender Women Regular Fit Round-Neck T-Shirt,399,499,20,,,Lavender,https://assets.ajio.com/medias/sys_master/root/20231010/1Mc2/65255622ddf779151930b990/kappa_lavender_women_regular_fit_round-neck_t-shirt.jpg,https://www.ajio.com/kappa-women-regular-fit-round-neck-t-shirt/p/466693462_lavender
ajio,464992683,Women,Shirts,Puma,Puma Black Women Essentials+ Metallic Logo T-Shirt,525,1499,65,,,Black,https://assets.ajio.com/medias/sys_master/root/20230525/Oino/646f496c42f9e729d7c91a85/puma_black_women_essentials%2B_metallic_logo_t-shirt.jpg,https://www.ajio.com/puma-women-essentials-metallic-logo-t-shirt/p/464992683_black
ajio,469527365,Women,Shirts,TOMMY HILFIGER Sable,TOMMY HILFIGER Sable Women Fave Core Regular Fit V-Neck T-Shirt,1399,1399,0,,,,https://assets.ajio.com/medias/sys_master/root/20230919/sHii/6509c248afa4cf41f5f1ba57/tommy_hilfiger_sable_women_fave_core_regular_fit_v-neck_t-shirt.jpg,https://www.ajio.com/tommy-hilfiger-women-fave-core-regular-fit-v-neck-t-shirt/p/469527365_black
ajio,466707844,Women,Shirts,High Star,High Star Multicoloured Women Regular Fit Checked Shirt with Full Sleeves,783,2699,71,,,,https://assets.ajio.com/medias/sys_master/root/20231015/QV6E/652c15fbddf77915193d505f/high_star_multicoloured_women_regular_fit_checked_shirt_with_full_sleeves.jpg,https://www.ajio.com/high-star-women-regular-fit-checked-shirt-with-full-sleeves/p/466707844_multi
ajio,466751667,Women,Shirts,Indie Picks,Indie Picks Grey Women Mandarin Collar Regular Fit Shirt,660,1999,67,,,Grey,https://assets.ajio.com/medias/sys_master/root/20231027/mQAx/653be543ddf77915195f320a/indie_picks_grey_women_mandarin_collar_regular_fit_shirt.jpg,https://www.ajio.com/indie-picks-women-mandarin-collar-regular-fit-shirt/p/466751667_grey
ajio,441640540,Women,Shirts,SPYKAR,SPYKAR Blue Women Slim Fit Denim Shirt,910,2599,65,,,Blue,https://assets.ajio.com/medias/sys_master/root/20231013/v1wx/652956d2ddf77915193a6f18/spykar_blue_women_slim_fit_denim_shirt.jpg,https://www.ajio.com/spykar-women-slim-fit-denim-shirt/p/441640540_blue
ajio,441227656,Women,Shirts,Outryt,Outryt Olive Green Women Swiss-Dot Tailored Fit Shirt,675,1499,55,,,Green,https://assets.ajio.com/medias/sys_master/root/20220522/vOfK/6289b7acf997dd03e2088495/outryt_olive_green_women_swiss-dot_tailored_fit_shirt.jpg,https://www.ajio.com/outryt-women-swiss-dot-tailored-fit-shirt/p/441227656_olive
ajio,441933816,Women,Shirts,Global Desi,Global Desi Mustard Women Printed Key-Hole Neck Top,805,2299,65,,,Mustard,https://assets.ajio.com/medias/sys_master/root/20231011/rQZw/6526b280ddf7791519344fd3/global_desi_mustard_women_printed_key-hole_neck_top.jpg,https://www.ajio.com/global-desi-women-printed-key-hole-neck-top/p/441933816_mustard
ajio,466718018,Women,Shirts,Wisstler,Wisstler Black Women Shirt with Spread Collar,560,1599,65,,,Black,https://assets.ajio.com/medias/sys_master/root/20231018/n3AC/652f094dafa4cf41f54bad2e/wisstler_black_women_shirt_with_spread_collar.jpg,https://www.ajio.com/wisstler-women-shirt-with-spread-collar/p/466718018_black
ajio,441131488,Women,Shirts,Outryt Sport Aqua,Outryt Sport Aqua Blue Women Typographic Print Crew-Neck T-Shirt,639,799,20,,,Blue,https://assets.ajio.com/medias/sys_master/root/20220519/BzEs/62859fb2f997dd03e2ed0f8f/outryt_sport_aqua_blue_women_typographic_print_crew-neck_t-shirt.jpg,https://www.ajio.com/outryt-sport-women-typographic-print-crew-neck-t-shirt/p/441131488_aqua
ajio,466421887,Women,Shirts,Styli,Styli Purple Women Cotton Puff Sleeve Regular Shirt,854,899,5,,,Purple,https://assets.ajio.com/medias/sys_master/root/20230828/9Zsr/64ec7420afa4cf41f58e80cd/styli_purple_women_cotton_puff_sleeve_regular_shirt.jpg,https://www.ajio.com/styli-women-cotton-puff-sleeve-regular-shirt/p/466421887_purple
ajio,441316113,Women,Shirts,Outryt,Outryt Brown Women Suede Shirt with Roll-Up Tabs,900,1999,55,,,Brown,https://assets.ajio.com/medias/sys_master/root/20221122/9HDt/637c6c8caeb269659ca4c4d8/outryt_brown_women_suede_shirt_with_roll-up_tabs.jpg,https://www.ajio.com/outryt-women-suede-shirt-with-roll-up-tabs/p/441316113_brown
ajio,441273063,Women,Shirts,Outryt,Outryt Red Women Crew-Neck T-shirt,999,999,0,,,Red,https://assets.ajio.com/medias/sys_master/root/20221201/QGyv/6388c460aeb269659cc76f3a/outryt_red_women_crew-neck_t-shirt.jpg,https://www.ajio.com/outryt-women-crew-neck-t-shirt/p/441273063_red
ajio,466720706,Women,Shirts,Style Quotient,Style Quotient White Women Regular Fit Shirt with Mandarin-Collar,650,1299,50,,,White,https://assets.ajio.com/medias/sys_master/root/20231018/bSCK/652fe12bafa4cf41f54d4cd0/style_quotient_white_women_regular_fit_shirt_with_mandarin-collar.jpg,https://www.ajio.com/style-quotient-women-regular-fit-shirt-with-mandarin-collar/p/466720706_white
ajio,466733671,Women,Shirts,R&B,R&B Purple Women Slim Fit Round-Neck T-Shirt,449,599,25,,,Purple,https://assets.ajio.com/medias/sys_master/root/20231021/7tFY/6532d7d9afa4cf41f555de9b/r%26b_purple_women_slim_fit_round-neck_t-shirt.jpg,https://www.ajio.com/r-b-women-slim-fit-round-neck-t-shirt/p/466733671_purple
ajio,466729408,Women,Shirts,MAX,MAX Green Girl Graphic Print Regular Fit T-Shirt,169,169,0,,,Green,https://assets.ajio.com/medias/sys_master/root/20231020/2N1p/65318b08afa4cf41f5524a1d/max_green_girl_graphic_print_regular_fit_t-shirt.jpg,https://www.ajio.com/max-girl-graphic-print-regular-fit-t-shirt/p/466729408_green
ajio,466726931,Women,Shirts,Sos Siddhaarth Oberoi Shirts,Sos Siddhaarth Oberoi Shirts Magenta Women Embroidered Relaxed Fit Shirt,2249,2499,10,,,Magenta,https://assets.ajio.com/medias/sys_master/root/20231020/ljID/65318414afa4cf41f551f140/sos_siddhaarth_oberoi_shirts_magenta_women_embroidered_relaxed_fit_shirt.jpg,https://www.ajio.com/sos-siddhaarth-oberoi-shirts-women-embroidered-relaxed-fit-shirt/p/466726931_magenta
ajio,442252101,Women,Shirts,YOUSTA,YOUSTA Orange & Blue Women striped Slim Fit Tank Top,299,299,0,,,Orange,https://assets.ajio.com/medias/sys_master/root/20231016/eFXk/652d4b50ddf7791519418324/yousta_orange_%26_blue_women_striped_slim_fit_tank_top.jpg,https://www.ajio.com/yousta-women-striped-slim-fit-tank-top/p/442252101_orange
ajio,466688865,Women,Shirts,MAX,MAX Black Women Regular Fit Round-Neck T-Shirt,499,499,0,,,Black,https://assets.ajio.com/medias/sys_master/root/20231009/i48O/6524046fafa4cf41f5342df9/max_black_women_regular_fit_round-neck_t-shirt.jpg,https://www.ajio.com/max-women-regular-fit-round-neck-t-shirt/p/466688865_black
ajio,466689976,Women,Shirts,MAX,MAX Yellow Women Regular Fit Round-Neck T-Shirt,199,199,0,,,Yellow,https://assets.ajio.com/medias/sys_master/root/20231010/xFpd/65247e22ddf77915192e513c/max_yellow_women_regular_fit_round-neck_t-shirt.jpg,https://www.ajio.com/max-women-regular-fit-round-neck-t-shirt/p/466689976_yellow
ajio,442249883,Women,Shirts,Outryt,Outryt White Women Oversized Graphic Print Crew-Neck T-Shirt,799,799,0,,,White,https://assets.ajio.com/medias/sys_master/root/20230726/ttz6/64c1314eeebac147fc8a5f87/outryt_white_women_oversized_graphic_print_crew-neck_t-shirt.jpg,https://www.ajio.com/outryt-women-oversized-graphic-print-crew-neck-t-shirt/p/442249883_white
ajio,466686628,Women,Shirts,Trond,Trond Grey Women Typographic Print Oversized Fit T-Shirt,604,1099,45,,,Grey,https://assets.ajio.com/medias/sys_master/root/20231009/my0a/6523ffdfafa4cf41f5339c40/trond_grey_women_typographic_print_oversized_fit_t-shirt.jpg,https://www.ajio.com/trond-women-typographic-print-oversized-fit-t-shirt/p/466686628_grey
ajio,466729397,Women,Shirts,MAX,MAX Pink Girl Graphic Print Regular Fit T-Shirt,399,399,0,,,Pink,https://assets.ajio.com/medias/sys_master/root/20231020/X1qR/6531878dafa4cf41f55220b0/max_pink_girl_graphic_print_regular_fit_t-shirt.jpg,https://www.ajio.com/max-girl-graphic-print-regular-fit-t-shirt/p/466729397_pink
ajio,466720723,Women,Shirts,Style Quotient,Style Quotient Pink Women Regular Fit Shirt with Spread-Collar,750,1499,50,,,Pink,https://assets.ajio.com/medias/sys_master/root/20231018/w8Ov/652fe409afa4cf41f54da6c6/style_quotient_pink_women_regular_fit_shirt_with_spread-collar.jpg,https://www.ajio.com/style-quotient-women-regular-fit-shirt-with-spread-collar/p/466720723_pink
ajio,466506385,Women,Shirts,Puma,Puma Pink Women Sportswear by PUMA Worldwide Graphic T-Shirt,1199,1499,20,,,Pink,https://assets.ajio.com/medias/sys_master/root/20231012/gMUc/6527af39ddf779151936473b/puma_pink_women_sportswear_by_puma_worldwide_graphic_t-shirt.jpg,https://www.ajio.com/puma-women-sportswear-by-puma-worldwide-graphic-t-shirt/p/466506385_pink
ajio,469457905,Women,Shirts,Puma Puma,"Puma  Puma women tshirts, beige, xs",1499,1999,25,,,Beige,https://assets.ajio.com/medias/sys_master/root/20230524/sO3z/646e4b22d55b7d0c63d6d27d/puma__puma_women_tshirts%2C_beige%2C_xs.jpg,https://www.ajio.com/puma-puma-women-tshirts-beige-xs/p/469457905_beige
ajio,466506359,Women,Shirts,Puma,Puma Purple Women Infuse T-Shirt,2089,3799,45,,,Purple,https://assets.ajio.com/medias/sys_master/root/20231012/4gPd/6527af36afa4cf41f53dd9fe/puma_purple_women_infuse_t-shirt.jpg,https://www.ajio.com/puma-women-infuse-t-shirt/p/466506359_purple
ajio,443018758,Women,Shirts,Outryt,Outryt Brown Women Tropical Print Shirt,1699,1699,0,,,Brown,https://assets.ajio.com/medias/sys_master/root/20230707/Sd0p/64a8054fa9b42d15c9449e33/outryt_brown_women_tropical_print_shirt.jpg,https://www.ajio.com/outryt-women-tropical-print-shirt/p/443018758_brown
ajio,464100230,Women,Shirts,MAX,MAX Navy Women Floral Print Round-Neck T-Shirt,149,149,0,,,Navy,https://assets.ajio.com/medias/sys_master/root/20230808/khgm/64d1e407eebac147fcb1d282/max_navy_women_floral_print_round-neck_t-shirt.jpg,https://www.ajio.com/max-women-floral-print-round-neck-t-shirt/p/464100230_navy
ajio,466391442,Women,Shirts,Puma,Puma Blue Women Essentials Polo T-Shirt,731,1699,57,,,Blue,https://assets.ajio.com/medias/sys_master/root/20231012/8EB2/6527aa7dddf779151935e15b/puma_blue_women_essentials_polo_t-shirt.jpg,https://www.ajio.com/puma-women-essentials-polo-t-shirt/p/466391442_blue
ajio,465245283,Women,Shirts,MAX,MAX Teal Women Floral Print Round-Neck T-Shirt,449,499,10,,,Teal,https://assets.ajio.com/medias/sys_master/root/20230921/ZhAf/650c5cf3ddf7791519f00b4a/max_teal_women_floral_print_round-neck_t-shirt.jpg,https://www.ajio.com/max-women-floral-print-round-neck-t-shirt/p/465245283_teal
ajio,466691043,Women,Shirts,Nobarr,Nobarr Pink Women Checked Regular Fit Shirt,600,2499,76,,,Pink,https://assets.ajio.com/medias/sys_master/root/20231010/phmn/65252724ddf77915192fcaa9/nobarr_pink_women_checked_regular_fit_shirt.jpg,https://www.ajio.com/nobarr-women-checked-regular-fit-shirt/p/466691043_pink
ajio,441132068,Women,Shirts,Outryt Sport,Outryt Sport White & Pink Women Printed Crew-Neck T-Shirt,639,799,20,,,White,https://assets.ajio.com/medias/sys_master/root/20220519/1zUO/6285c7d7f997dd03e2ee617f/outryt_sport_white_%26_pink_women_printed_crew-neck_t-shirt.jpg,https://www.ajio.com/outryt-sport-women-printed-crew-neck-t-shirt/p/441132068_white
ajio,466506252,Women,Shirts,Puma,Puma Black Women Scuderia Ferrari Style Motorsport T-Shirt,1649,2999,45,,,Black,https://assets.ajio.com/medias/sys_master/root/20231012/0MKD/6527af1eafa4cf41f53dd73c/puma_black_women_scuderia_ferrari_style_motorsport_t-shirt.jpg,https://www.ajio.com/puma-women-scuderia-ferrari-style-motorsport-t-shirt/p/466506252_black
ajio,466680644,Women,Shirts,Ginger by lifestyle,Ginger by lifestyle Red Women Regular Fit Top,359,399,10,,,Red,https://assets.ajio.com/medias/sys_master/root/20231006/WsZJ/652033b7afa4cf41f52ee092/ginger_by_lifestyle_red_women_regular_fit_top.jpg,https://www.ajio.com/ginger-by-lifestyle-women-regular-fit-top/p/466680644_red
ajio,442244019,Women,Shirts,Cover Story,Cover Story White Women Floral Pattern Relaxed Fit Shirt,2990,2990,0,,,White,https://assets.ajio.com/medias/sys_master/root/20231013/vZxP/65296a21afa4cf41f5420dfe/cover_story_white_women_floral_pattern_relaxed_fit_shirt.jpg,https://www.ajio.com/cover-story-women-floral-pattern-relaxed-fit-shirt/p/442244019_white
ajio,466685280,Women,Shirts,Indie Picks,Indie Picks Black Women Ombre-Dyed Relaxed Fit Shirt,698,1995,65,,,Black,https://assets.ajio.com/medias/sys_master/root/20231009/HGD1/652429eaafa4cf41f534eb0b/indie_picks_black_women_ombre-dyed_relaxed_fit_shirt.jpg,https://www.ajio.com/indie-picks-women-ombre-dyed-relaxed-fit-shirt/p/466685280_black
ajio,466686291,Women,Shirts,Nobarr,Nobarr Green & Black Women Checked Regular Fit Shirt with Flap Pocket,600,2499,76,,,Black,https://assets.ajio.com/medias/sys_master/root/20231009/etK9/652429abafa4cf41f534e209/nobarr_green_%26_black_women_checked_regular_fit_shirt_with_flap_pocket.jpg,https://www.ajio.com/nobarr-women-checked-regular-fit-shirt-with-flap-pocket/p/466686291_green
ajio,466375672,Women,Shirts,Styli,Styli Green Women Roll-Up Sleeves Crepe Oversized Longline Shirt,809,899,10,,,Green,https://assets.ajio.com/medias/sys_master/root/20230807/1pjm/64d0db32a9b42d15c991e586/styli_green_women_roll-up_sleeves_crepe_oversized_longline_shirt.jpg,https://www.ajio.com/styli-women-roll-up-sleeves-crepe-oversized-longline-shirt/p/466375672_green
ajio,442244074,Women,Shirts,Cover Story,Cover Story Black Women Floral Print Relaxed Fit Shirt,2490,2490,0,,,Black,https://assets.ajio.com/medias/sys_master/root/20231013/ajBj/65295edbafa4cf41f541c6b9/cover_story_black_women_floral_print_relaxed_fit_shirt.jpg,https://www.ajio.com/cover-story-women-floral-print-relaxed-fit-shirt/p/442244074_black
ajio,441229102,Women,Shirts,Outryt,Outryt Green Women Peasant Blouse,999,999,0,,,Green,https://assets.ajio.com/medias/sys_master/root/20220531/trDx/6295701caeb26921affa34a9/outryt_green_women_peasant_blouse.jpg,https://www.ajio.com/outryt-women-peasant-blouse/p/441229102_ltgreen
ajio,466704945,Women,Shirts,Mclothings,Mclothings Rust Women Regular Fit Shirt with Band-Collar,929,8449,89,,,Rust,https://assets.ajio.com/medias/sys_master/root/20231018/XG6n/652f330fddf7791519450e96/mclothings_rust_women_regular_fit_shirt_with_band-collar.jpg,https://www.ajio.com/mclothings-women-regular-fit-shirt-with-band-collar/p/466704945_rust
ajio,466706229,Women,Shirts,Calm Down,Calm Down Black Women Typographic Print Oversized Fit T-Shirt ,499,499,0,,,Black,https://assets.ajio.com/medias/sys_master/root/20231015/pOBg/652bea24ddf77915193c737e/calm_down_black_women_typographic_print_oversized_fit_t-shirt_.jpg,https://www.ajio.com/calm-down-women-typographic-print-oversized-fit-t-shirt-/p/466706229_black
ajio,469553821,Women,Shirts,ALLEN SOLLY,ALLEN SOLLY Green Women Regular Fit Shirt,1739,1999,13,,,Green,https://assets.ajio.com/medias/sys_master/root/20231013/oj8K/652937eeddf7791519399508/allen_solly_green_women_regular_fit_shirt.jpg,https://www.ajio.com/allen-solly-women-regular-fit-shirt/p/469553821_green
ajio,466730566,Women,Shirts,MAX,MAX Lavender Women Striped Regular Fit Crew-Neck T-Shirt,399,399,0,,,Lavender,https://assets.ajio.com/medias/sys_master/root/20231020/YKlP/65325819ddf77915194df49a/max_lavender_women_striped_regular_fit_crew-neck_t-shirt.jpg,https://www.ajio.com/max-women-striped-regular-fit-crew-neck-t-shirt/p/466730566_lavender
ajio,466712096,Women,Shirts,Qurvii,Qurvii Pink Women Paisley Print Regular Fit Shirt,997,2695,63,,,Pink,https://assets.ajio.com/medias/sys_master/root/20231015/sFm4/652c1a7fafa4cf41f544f6e3/qurvii_pink_women_paisley_print_regular_fit_shirt.jpg,https://www.ajio.com/qurvii-women-paisley-print-regular-fit-shirt/p/466712096_pink
ajio,443022698,Women,Shirts,RIO,RIO Blue Women Regular Fit Shirt,999,999,0,,,Blue,https://assets.ajio.com/medias/sys_master/root/20231010/cPAo/6525625eddf7791519311bf9/rio_blue_women_regular_fit_shirt.jpg,https://www.ajio.com/rio-women-regular-fit-shirt/p/443022698_skyblue
ajio,466507012,Women,Shirts,Puma,Puma Purple Women RUN Training T-Shirt,1439,1799,20,,,Purple,https://assets.ajio.com/medias/sys_master/root/20231012/QGRR/6527af5dafa4cf41f53ddd87/puma_purple_women_run_training_t-shirt.jpg,https://www.ajio.com/puma-women-run-training-t-shirt/p/466507012_purple
ajio,442154218,Women,Shirts,Cover Story,Cover Story Black & White Women Striped Longline Shirt,2290,2290,0,,,Black,https://assets.ajio.com/medias/sys_master/root/20230925/xkqD/6511cee6ddf779151900ae57/cover_story_black_%26_white_women_striped_longline_shirt.jpg,https://www.ajio.com/cover-story-women-striped-longline-shirt/p/442154218_black
ajio,466242809,Women,Shirts,Styli,Styli Black Women Plus Oversized Foil No One Is You Back Graphic Longline T-Shirt,649,649,0,,,Black,https://assets.ajio.com/medias/sys_master/root/20230807/Yh9H/64d0daeeeebac147fcad1ad3/styli_black_women_plus_oversized_foil_no_one_is_you_back_graphic_longline_t-shirt.jpg,https://www.ajio.com/styli-women-plus-oversized-foil-no-one-is-you-back-graphic-longline-t-shirt/p/466242809_black
ajio,443023067,Women,Shirts,FIG,FIG Black Women Regular Fit Boat-Neck T-Shirt,799,799,0,,,Black,https://assets.ajio.com/medias/sys_master/root/20231016/UXEd/652d4ff4afa4cf41f5489767/fig_black_women_regular_fit_boat-neck_t-shirt.jpg,https://www.ajio.com/fig-women-regular-fit-boat-neck-t-shirt/p/443023067_jetblack
ajio,441316756,Women,Shirts,Svrnaa,Svrnaa Green Women Printed Peplum Top,360,799,55,,,Green,https://assets.ajio.com/medias/sys_master/root/20220928/5fVK/633430eeaeb269dbb3ae1257/svrnaa_green_women_printed_peplum_top.jpg,https://www.ajio.com/svrnaa-women-printed-peplum-top/p/441316756_green
ajio,466506404,Women,Shirts,Puma,Puma Black Women Evostripe T-Shirt,1599,1999,20,,,Black,https://assets.ajio.com/medias/sys_master/root/20231012/6Hrs/6527af39ddf779151936473c/puma_black_women_evostripe_t-shirt.jpg,https://www.ajio.com/puma-women-evostripe-t-shirt/p/466506404_black
ajio,443031716,Women,Shirts,SIYAHI,SIYAHI Black Women Printed Tunic,599,599,0,,,Black,https://assets.ajio.com/medias/sys_master/root/20231011/Kglf/65268c87afa4cf41f53b01cf/siyahi_black_women_printed_tunic.jpg,https://www.ajio.com/siyahi-women-printed-tunic/p/443031716_black
ajio,469551237,Women,Shirts,SAM,SAM White Women Embellished Fitted Crop Shirt,3799,3799,0,,,White,https://assets.ajio.com/medias/sys_master/root/20231030/ocwa/653fc04cafa4cf41f568a7c9/sam_white_women_embellished_fitted_crop_shirt.jpg,https://www.ajio.com/sam-women-embellished-fitted-crop-shirt/p/469551237_white
ajio,466689978,Women,Shirts,MAX,MAX Pink Women Regular Fit Round-Neck T-Shirt,199,199,0,,,Pink,https://assets.ajio.com/medias/sys_master/root/20231010/mUFV/6524a889afa4cf41f536b91e/max_pink_women_regular_fit_round-neck_t-shirt.jpg,https://www.ajio.com/max-women-regular-fit-round-neck-t-shirt/p/466689978_pink
ajio,443005209,Women,Shirts,Outryt,Outryt Pink Women Loose Fit Shirt with Cuban Collar,1519,1899,20,,,Pink,https://assets.ajio.com/medias/sys_master/root/20230227/YRU7/63fcbee3aeb26924e392f256/outryt_pink_women_loose_fit_shirt_with_cuban_collar.jpg,https://www.ajio.com/outryt-women-loose-fit-shirt-with-cuban-collar/p/443005209_peach
ajio,464193072,Women,Shirts,The Dry State,The Dry State Blue Women Oversized Graphic Print T-Shirt,392,1399,72,,,Blue,https://assets.ajio.com/medias/sys_master/root/20230623/1m3N/6495cacda9b42d15c9ca4756/the_dry_state_blue_women_oversized_graphic_print_t-shirt.jpg,https://www.ajio.com/the-dry-state-women-oversized-graphic-print-t-shirt/p/464193072_blue
ajio,466772282,Women,Shirts,EYEBOGLER,EYEBOGLER Navy blue Women Colourblock Regular Fit T-Shirt,195,1299,85,,,Navy Blue,https://assets.ajio.com/medias/sys_master/root/20231104/W8XI/654549caddf77915196e3b94/eyebogler_navy_blue_women_colourblock_regular_fit_t-shirt.jpg,https://www.ajio.com/eyebogler-women-colourblock-regular-fit-t-shirt/p/466772282_navy
ajio,443022261,Women,Shirts,FIG,FIG Off-White Women Micro Print Round-Neck Top,699,699,0,,,White,https://assets.ajio.com/medias/sys_master/root/20231020/Y2gL/653293b2afa4cf41f554cd24/fig_off-white_women_micro_print_round-neck_top.jpg,https://www.ajio.com/fig-women-micro-print-round-neck-top/p/443022261_offwhite
ajio,441269693,Women,Shirts,Svrnaa,Svrnaa Brown Women Paisley Print Top with Tie-Up,559,799,30,,,Brown,https://assets.ajio.com/medias/sys_master/root/20220711/JrRu/62cc4212aeb26921af70a1eb/svrnaa_brown_women_paisley_print_top_with_tie-up.jpg,https://www.ajio.com/svrnaa-women-paisley-print-top-with-tie-up/p/441269693_brown
ajio,442154219,Women,Shirts,Cover Story,Cover Story Red & Black Women Striped Longline Shirt,1790,1790,0,,,Black,https://assets.ajio.com/medias/sys_master/root/20230922/UEFw/650db40fafa4cf41f5fefa8e/cover_story_red_%26_black_women_striped_longline_shirt.jpg,https://www.ajio.com/cover-story-women-striped-longline-shirt/p/442154219_red
ajio,441338442,Women,Shirts,Svrnaa,Svrnaa Black Women Striped Top with Embroidery,450,999,55,,,Black,https://assets.ajio.com/medias/sys_master/root/20220921/xnPP/632afb90aeb269dbb39c3863/svrnaa_black_women_striped_top_with_embroidery.jpg,https://www.ajio.com/svrnaa-women-striped-top-with-embroidery/p/441338442_black
ajio,443024752,Women,Shirts,Outryt,Outryt Multicoloured Women Checked Shirt with Drop-Shoulder Sleeves,1499,1499,0,,,,https://assets.ajio.com/medias/sys_master/root/20230810/7MtL/64d5045deebac147fcbd7cb9/outryt_multicoloured_women_checked_shirt_with_drop-shoulder_sleeves.jpg,https://www.ajio.com/outryt-women-checked-shirt-with-drop-shoulder-sleeves/p/443024752_rust
ajio,464230593,Women,Shirts,MAX,MAX Grey Women Printed Round Neck T-Shirt,299,299,0,,,Grey,https://assets.ajio.com/medias/sys_master/root/20230621/83qW/64928f77d55b7d0c639113e3/max_grey_women_printed_round_neck_t-shirt.jpg,https://www.ajio.com/max-women-printed-round-neck-t-shirt/p/464230593_grey
ajio,466739954,Women,Shirts,Clafoutis,Clafoutis Black Women V-Neck T-Shirt with Full Sleeves,585,1499,61,,,Black,https://assets.ajio.com/medias/sys_master/root/20231023/EeU5/6536758eddf779151953f719/clafoutis_black_women_v-neck_t-shirt_with_full_sleeves.jpg,https://www.ajio.com/clafoutis-women-v-neck-t-shirt-with-full-sleeves/p/466739954_black
ajio,441294692,Women,Shirts,Svrnaa,Svrnaa Blue Women Printed Round-Neck Tunic,779,1299,40,,,Blue,https://assets.ajio.com/medias/sys_master/root/20220928/P16c/63343501f997dd1f8d241c1f/svrnaa_blue_women_printed_round-neck_tunic.jpg,https://www.ajio.com/svrnaa-women-printed-round-neck-tunic/p/441294692_blue
ajio,466506198,Women,Shirts,Puma,Puma Pink Women Seasons Coolcell Running T-Shirt,3599,4499,20,,,Pink,https://assets.ajio.com/medias/sys_master/root/20231012/gy3u/6527af27ddf779151936450b/puma_pink_women_seasons_coolcell_running_t-shirt.jpg,https://www.ajio.com/puma-women-seasons-coolcell-running-t-shirt/p/466506198_pink
ajio,469538337,Women,Shirts,KRAUS,KRAUS White Women Schiffli Embroidered Shirt,750,1499,50,,,White,https://assets.ajio.com/medias/sys_master/root/20231016/ZbyU/652d4bd5afa4cf41f548835f/kraus_white_women_schiffli_embroidered_shirt.jpg,https://www.ajio.com/kraus-women-schiffli-embroidered-shirt/p/469538337_white
ajio,443012917,Women,Shirts,Svrnaa,Svrnaa Multicoloured Women Cotton Block Print Kimono Sleeves Top,1599,1599,0,,,,https://assets.ajio.com/medias/sys_master/root/20230622/B91Q/64947d4042f9e729d77ab4c4/svrnaa_multicoloured_women_cotton_block_print_kimono_sleeves_top.jpg,https://www.ajio.com/svrnaa-women-cotton-block-print-kimono-sleeves-top/p/443012917_multi
ajio,441227676,Women,Shirts,Outryt,Outryt Black Women Tailored Fit Shirt with Button-Down Collar,1199,1199,0,,,Black,https://assets.ajio.com/medias/sys_master/root/20221201/YQuu/6388bb09aeb269659cc73c6f/outryt_black_women_tailored_fit_shirt_with_button-down_collar.jpg,https://www.ajio.com/outryt-women-tailored-fit-shirt-with-button-down-collar/p/441227676_black
ajio,466730661,Women,Shirts,MAX,MAX Olive Women Leaf Print Regular Fit Crew-Neck T-Shirt,299,299,0,,,Olive,https://assets.ajio.com/medias/sys_master/root/20231021/snCS/6532ff0fafa4cf41f556b491/max_olive_women_leaf_print_regular_fit_crew-neck_t-shirt.jpg,https://www.ajio.com/max-women-leaf-print-regular-fit-crew-neck-t-shirt/p/466730661_olive
ajio,441229166,Women,Shirts,Outryt,Outryt White Women Heathered V-neck T-shirt,270,599,55,,,White,https://assets.ajio.com/medias/sys_master/root/20221201/BPfz/6388ca64f997ddfdbdb02d18/outryt_white_women_heathered_v-neck_t-shirt.jpg,https://www.ajio.com/outryt-women-heathered-v-neck-t-shirt/p/441229166_white
ajio,469527516,Women,Shirts,TOMMY HILFIGER,TOMMY HILFIGER Maroon Women Core Regular Fit V-Neck T-Shirt,1399,1399,0,,,Maroon,https://assets.ajio.com/medias/sys_master/root/20230919/UZMg/6509bffeddf7791519e7a30b/tommy_hilfiger_maroon_women_core_regular_fit_v-neck_t-shirt.jpg,https://www.ajio.com/tommy-hilfiger-women-core-regular-fit-v-neck-t-shirt/p/469527516_maroon
ajio,441312508,Women,Shirts,Outryt,Outryt Blue Women Button-Down Shirt,1299,1299,0,,,Blue,https://assets.ajio.com/medias/sys_master/root/20220921/gyjf/632a3bfcaeb269dbb39a45f1/outryt_blue_women_button-down_shirt.jpg,https://www.ajio.com/outryt-women-button-down-shirt/p/441312508_blue
ajio,466688864,Women,Shirts,MAX,MAX Purple Women Regular Fit Round-Neck T-Shirt,399,399,0,,,Purple,https://assets.ajio.com/medias/sys_master/root/20231009/JsTL/652404a2afa4cf41f53433db/max_purple_women_regular_fit_round-neck_t-shirt.jpg,https://www.ajio.com/max-women-regular-fit-round-neck-t-shirt/p/466688864_purple
ajio,466729377,Women,Shirts,MAX,MAX Navy blue Girl Graphic Print Regular Fit T-Shirt,169,169,0,,,Navy Blue,https://assets.ajio.com/medias/sys_master/root/20231020/qSKm/65318a8eafa4cf41f5524443/max_navy_blue_girl_graphic_print_regular_fit_t-shirt.jpg,https://www.ajio.com/max-girl-graphic-print-regular-fit-t-shirt/p/466729377_navy
ajio,443002229,Women,Shirts,Outryt,Outryt Black Women Striped Crew-Neck T-Shirt,639,799,20,,,Black,https://assets.ajio.com/medias/sys_master/root/20221219/eZgc/63a04455aeb269659cf203d2/outryt_black_women_striped_crew-neck_t-shirt.jpg,https://www.ajio.com/outryt-women-striped-crew-neck-t-shirt/p/443002229_jetblack
ajio,466730580,Women,Shirts,MAX,MAX Maroon Women Graphic Print Regular Fit Crew-Neck T-Shirt,299,299,0,,,Maroon,https://assets.ajio.com/medias/sys_master/root/20231021/3l8J/6532feacddf7791519504aa4/max_maroon_women_graphic_print_regular_fit_crew-neck_t-shirt.jpg,https://www.ajio.com/max-women-graphic-print-regular-fit-crew-neck-t-shirt/p/466730580_maroon
ajio,466769563,Women,Shirts,MAX,MAX Navy blue Women Floral Print Regular Fit T-Shirt,399,399,0,,,Navy Blue,https://assets.ajio.com/medias/sys_master/root/20231103/maT8/65444b20afa4cf41f5717a12/max_navy_blue_women_floral_print_regular_fit_t-shirt.jpg,https://www.ajio.com/max-women-floral-print-regular-fit-t-shirt/p/466769563_navy
ajio,443021979,Women,Shirts,Wotnot,Wotnot Ivory Women Sequin Embellished T-Shirt with Ruffles,599,599,0,,,Ivory,https://assets.ajio.com/medias/sys_master/root/20231006/T0sl/65202e30ddf779151926ad04/wotnot_ivory_women_sequin_embellished_t-shirt_with_ruffles.jpg,https://www.ajio.com/wotnot-women-sequin-embellished-t-shirt-with-ruffles/p/443021979_ivory
ajio,443015106,Women,Shirts,Teamspirit,Teamspirit White & Red Women Striped Regular Fit T-Shirt,499,499,0,,,White,https://assets.ajio.com/medias/sys_master/root/20231012/eIki/65281a59afa4cf41f53f3cd7/teamspirit_white_%26_red_women_striped_regular_fit_t-shirt.jpg,https://www.ajio.com/teamspirit-women-striped-regular-fit-t-shirt/p/443015106_red
ajio,466765025,Women,Shirts,SELVIA,SELVIA Multicoloured Women Printed Relaxed Fit Shirt,591,2176,73,,,,https://assets.ajio.com/medias/sys_master/root/20231102/zrrF/6542f8fdafa4cf41f56e9855/selvia_multicoloured_women_printed_relaxed_fit_shirt.jpg,https://www.ajio.com/selvia-women-printed-relaxed-fit-shirt/p/466765025_multi
ajio,466772487,Women,Shirts,NAINVISH,NAINVISH Peach Women Bandhani Print Relaxed Fit Top,525,2099,75,,,Peach,https://assets.ajio.com/medias/sys_master/root/20231104/PvgU/6545495eafa4cf41f5739be0/nainvish_peach_women_bandhani_print_relaxed_fit_top.jpg,https://www.ajio.com/nainvish-women-bandhani-print-relaxed-fit-top/p/466772487_peach
ajio,466689957,Women,Shirts,VBUYZ,VBUYZ Red Women Relaxed-Fit Floral Print Tunic ,588,2099,72,,,Red,https://assets.ajio.com/medias/sys_master/root/20231010/UStr/6524a8d3afa4cf41f536c1f3/vbuyz_red_women_relaxed-fit_floral_print_tunic_.jpg,https://www.ajio.com/vbuyz-women-relaxed-fit-floral-print-tunic-/p/466689957_red
ajio,443001252,Women,Shirts,Svrnaa,Svrnaa White Women Chikankari Embroidered Top,1259,1799,30,,,White,https://assets.ajio.com/medias/sys_master/root/20230403/EekT/642a737a711cf97ba703e2fd/svrnaa_white_women_chikankari_embroidered_top.jpg,https://www.ajio.com/svrnaa-women-chikankari-embroidered-top/p/443001252_white
ajio,441130618,Women,Shirts,Outryt Sport,Outryt Sport Red Women Striped Crew-Neck T-Shirt,359,599,40,,,Red,https://assets.ajio.com/medias/sys_master/root/20220113/zIZ2/61e0477bf997dd66232044a5/outryt_sport_red_women_striped_crew-neck_t-shirt.jpg,https://www.ajio.com/outryt-sport-women-striped-crew-neck-t-shirt/p/441130618_red
ajio,466733675,Women,Shirts,R&B,R&B Maroon Women Regular Fit Graphic Print Crew-Neck T-Shirt,224,299,25,,,Maroon,https://assets.ajio.com/medias/sys_master/root/20231021/LUO2/6532febdafa4cf41f556ab15/r%26b_maroon_women_regular_fit_graphic_print_crew-neck_t-shirt.jpg,https://www.ajio.com/r-b-women-regular-fit-graphic-print-crew-neck-t-shirt/p/466733675_maroon
ajio,466709182,Women,Shirts,Siapa,Siapa Lavender Women Typographic Print Crew-Neck T-Shirt,779,1299,40,,,Lavender,https://assets.ajio.com/medias/sys_master/root/20231015/Hun8/652c1a3bafa4cf41f544eef8/siapa_lavender_women_typographic_print_crew-neck_t-shirt.jpg,https://www.ajio.com/siapa-women-typographic-print-crew-neck-t-shirt/p/466709182_lavender
ajio,443023065,Women,Shirts,FIG,FIG Beige Women Self-Stripe Relaxed Fit Round-Neck T-Shirt,599,599,0,,,Beige,https://assets.ajio.com/medias/sys_master/root/20231016/C5Gz/652d5104afa4cf41f5489e3d/fig_beige_women_self-stripe_relaxed_fit_round-neck_t-shirt.jpg,https://www.ajio.com/fig-women-self-stripe-relaxed-fit-round-neck-t-shirt/p/443023065_beige
ajio,466699500,Women,Shirts,R&B,R&B Burgundy Women Ribbed Slim Fit Shirt,449,599,25,,,Burgundy,https://assets.ajio.com/medias/sys_master/root/20231012/ENVG/65272051ddf7791519350f67/r%26b_burgundy_women_ribbed_slim_fit_shirt.jpg,https://www.ajio.com/r-b-women-ribbed-slim-fit-shirt/p/466699500_burgundy
ajio,466730546,Women,Shirts,MAX,MAX Lavender Women Striped Regular Fit Crew-Neck T-Shirt,399,399,0,,,Lavender,https://assets.ajio.com/medias/sys_master/root/20231020/glAr/65325645afa4cf41f5541b6a/max_lavender_women_striped_regular_fit_crew-neck_t-shirt.jpg,https://www.ajio.com/max-women-striped-regular-fit-crew-neck-t-shirt/p/466730546_lavender
ajio,466242822,Women,Shirts,Styli,Styli Pink Women Plus Oversized Embroidered Cest La Vie Longline T-Shirt,449,599,25,,,Pink,https://assets.ajio.com/medias/sys_master/root/20230807/aSYP/64d0dad5a9b42d15c991d8a4/styli_pink_women_plus_oversized_embroidered_cest_la_vie_longline_t-shirt.jpg,https://www.ajio.com/styli-women-plus-oversized-embroidered-cest-la-vie-longline-t-shirt/p/466242822_pink
ajio,442334597,Women,Shirts,YOUSTA Lilac,YOUSTA Lilac Girl Typographic Print Relaxed Fit Crew-Neck T-Shirt,149,149,0,,,,https://assets.ajio.com/medias/sys_master/root/20231006/ONo4/65203f73ddf77915192794f2/yousta_lilac_girl_typographic_print_relaxed_fit_crew-neck_t-shirt.jpg,https://www.ajio.com/yousta-girl-typographic-print-relaxed-fit-crew-neck-t-shirt/p/442334597_lilac
ajio,466657263,Women,Shirts,JASHUDI,JASHUDI Cream Women Relaxed Fit Embellished Top,406,1850,78,,,Cream,https://assets.ajio.com/medias/sys_master/root/20231016/b9hE/652d0e75ddf77915193f9585/jashudi_cream_women_relaxed_fit_embellished_top.jpg,https://www.ajio.com/jashudi-women-relaxed-fit-embellished-top/p/466657263_cream
ajio,441236181,Women,Shirts,Outryt,Outryt Olive Women Crew-Neck T-Shirt with Roll-Up Sleeves,499,499,0,,,Olive,https://assets.ajio.com/medias/sys_master/root/20230125/XKBW/63d0cee1aeb269c651f7920d/outryt_olive_women_crew-neck_t-shirt_with_roll-up_sleeves.jpg,https://www.ajio.com/outryt-women-crew-neck-t-shirt-with-roll-up-sleeves/p/441236181_olive
ajio,441212956,Women,Shirts,Outryt Off,Outryt Off White Women Crinkled Tailored Fit Shirt,999,999,0,,,Off White,https://assets.ajio.com/medias/sys_master/root/20221206/ftlR/638ee2eeaeb269659cd4f67a/outryt_off_white_women_crinkled_tailored_fit_shirt.jpg,https://www.ajio.com/outryt-women-crinkled-tailored-fit-shirt/p/441212956_offwhite
ajio,442249871,Women,Shirts,Outryt,Outryt Black Women Oversized Graphic Print Cropped T-Shirt,599,599,0,,,Black,https://assets.ajio.com/medias/sys_master/root/20230726/jTTa/64c136eca9b42d15c9708141/outryt_black_women_oversized_graphic_print_cropped_t-shirt.jpg,https://www.ajio.com/outryt-women-oversized-graphic-print-cropped-t-shirt/p/442249871_black
ajio,466710996,Women,Shirts,Fame forever by lifestyle,Fame forever by lifestyle Purple Women Striped Regular Fit Shirt with Patch Pocket,1199,1499,20,,,Purple,https://assets.ajio.com/medias/sys_master/root/20231016/1lGK/652c48e2afa4cf41f545dd59/fame_forever_by_lifestyle_purple_women_striped_regular_fit_shirt_with_patch_pocket.jpg,https://www.ajio.com/fame-forever-by-lifestyle-women-striped-regular-fit-shirt-with-patch-pocket/p/466710996_purple
ajio,466685736,Women,Shirts,Ruhaan's,Ruhaan's Black Women Oversized Shirt with Cuffed Sleeves,800,1599,50,,,Black,https://assets.ajio.com/medias/sys_master/root/20231009/fyAP/65240101afa4cf41f533c67b/ruhaan%27s_black_women_oversized_shirt_with_cuffed_sleeves.jpg,https://www.ajio.com/ruhaan-s-women-oversized-shirt-with-cuffed-sleeves/p/466685736_black
ajio,442271417,Women,Shirts,YOUSTA,YOUSTA Lavender Women Mickey Mouse Print Relaxed Fit Crew-Neck T-Shirt,399,399,0,,,Lavender,https://assets.ajio.com/medias/sys_master/root/20231016/1Hyb/652d4e34afa4cf41f5489080/yousta_lavender_women_mickey_mouse_print_relaxed_fit_crew-neck_t-shirt.jpg,https://www.ajio.com/yousta-women-mickey-mouse-print-relaxed-fit-crew-neck-t-shirt/p/442271417_lavender
ajio,466746713,Women,Shirts,Trond,Trond White Women Striped Oversized Fit T-Shirt ,604,1099,45,,,White,https://assets.ajio.com/medias/sys_master/root/20231026/hoPR/653995ceddf77915195af51a/trond_white_women_striped_oversized_fit_t-shirt_.jpg,https://www.ajio.com/trond-women-striped-oversized-fit-t-shirt-/p/466746713_white
ajio,466049851,Women,Shirts,MAX Dark,MAX Dark Grey Women Floral Print Round-Neck T-Shirt,299,299,0,,,Grey,https://assets.ajio.com/medias/sys_master/root/20230629/ibet/649ce169eebac147fc3483f3/max_dark_grey_women_floral_print_round-neck_t-shirt.jpg,https://www.ajio.com/max-women-floral-print-round-neck-t-shirt/p/466049851_grey
ajio,466740320,Women,Shirts,Affordable Af,Affordable Af Multicoloured Women Striped Crew-Neck T-Shirt,459,1099,58,,,,https://assets.ajio.com/medias/sys_master/root/20231023/rgAs/65369df1ddf77915195425ad/affordable_af_multicoloured_women_striped_crew-neck_t-shirt.jpg,https://www.ajio.com/affordable-af-women-striped-crew-neck-t-shirt/p/466740320_multi
ajio,443023586,Women,Shirts,FIG,FIG Off-White Women Geometric Print V-Neck T-Shirt,599,599,0,,,White,https://assets.ajio.com/medias/sys_master/root/20231016/Ly1A/652d5a6eddf7791519421308/fig_off-white_women_geometric_print_v-neck_t-shirt.jpg,https://www.ajio.com/fig-women-geometric-print-v-neck-t-shirt/p/443023586_offwhite
ajio,466506337,Women,Shirts,Puma,Puma Orange Women Classic Oversized T-Shirt,1124,1499,25,,,Orange,https://assets.ajio.com/medias/sys_master/root/20231012/oRV3/6527af33ddf779151936467b/puma_orange_women_classic_oversized_t-shirt.jpg,https://www.ajio.com/puma-women-classic-oversized-t-shirt/p/466506337_orange
ajio,469510376,Women,Shirts,Ketch,Ketch Blue Women Regular Fit Shirt,348,1199,71,,,Blue,https://assets.ajio.com/medias/sys_master/root/20231013/hRmu/65296bddddf77915193aed63/ketch_blue_women_regular_fit_shirt.jpg,https://www.ajio.com/ketch-women-regular-fit-shirt/p/469510376_blue
ajio,466506280,Women,Shirts,Puma,Puma Red Women Scuderia Ferrari Style Motorsport T-Shirt,2399,2999,20,,,Red,https://assets.ajio.com/medias/sys_master/root/20231012/wJ37/6527af33ddf779151936467c/puma_red_women_scuderia_ferrari_style_motorsport_t-shirt.jpg,https://www.ajio.com/puma-women-scuderia-ferrari-style-motorsport-t-shirt/p/466506280_red
ajio,466742285,Women,Shirts,Qurvii,Qurvii Brown Women Animal Print Regular Fit Shirt,997,2695,63,,,Brown,https://assets.ajio.com/medias/sys_master/root/20231025/AKIk/6538205fafa4cf41f55b96a4/qurvii_brown_women_animal_print_regular_fit_shirt.jpg,https://www.ajio.com/qurvii-women-animal-print-regular-fit-shirt/p/466742285_brown
ajio,443014485,Women,Shirts,RIO,RIO Beige Women Regular Fit Shirt,799,799,0,,,Beige,https://assets.ajio.com/medias/sys_master/root/20231019/PnmH/65314315ddf779151949ddb2/rio_beige_women_regular_fit_shirt.jpg,https://www.ajio.com/rio-women-regular-fit-shirt/p/443014485_beige
ajio,443013692,Women,Shirts,Outryt,Outryt Green Women Crop Shirt with Patch Pocket,1799,1799,0,,,Green,https://assets.ajio.com/medias/sys_master/root/20230628/McfY/649c4480eebac147fc2c3065/outryt_green_women_crop_shirt_with_patch_pocket.jpg,https://www.ajio.com/outryt-women-crop-shirt-with-patch-pocket/p/443013692_green
ajio,469113745,Women,Shirts,Global Desi,Global Desi Pink Women Floral Print Tunic,400,1599,75,,,Pink,https://assets.ajio.com/medias/sys_master/root/20231013/jjTv/652969a6ddf77915193ae1c7/global_desi_pink_women_floral_print_tunic.jpg,https://www.ajio.com/global-desi-women-floral-print-tunic/p/469113745_lpink
ajio,466686814,Women,Shirts,Trond,Trond Blue Women Typographic Print Oversized Fit Round-Neck T-Shirt,604,1099,45,,,Blue,https://assets.ajio.com/medias/sys_master/root/20231009/8UAE/65242d46ddf77915192d7888/trond_blue_women_typographic_print_oversized_fit_round-neck_t-shirt.jpg,https://www.ajio.com/trond-women-typographic-print-oversized-fit-round-neck-t-shirt/p/466686814_blue
ajio,441311179,Women,Shirts,Svrnaa,Svrnaa Navy Blue Women Boat-Neck Tunic,699,999,30,,,Navy Blue,https://assets.ajio.com/medias/sys_master/root/20221012/sls6/6346d06af997ddfdbd2367de/svrnaa_navy_blue_women_boat-neck_tunic.jpg,https://www.ajio.com/svrnaa-women-boat-neck-tunic/p/441311179_navy
ajio,466280366,Women,Shirts,Styli,Styli White Women Button Placket Regular Fit Shirt with Tie Cuff,612,1749,65,,,White,https://assets.ajio.com/medias/sys_master/root/20230807/VU4t/64d0dadca9b42d15c991d98a/styli_white_women_button_placket_regular_fit_shirt_with_tie_cuff.jpg,https://www.ajio.com/styli-women-button-placket-regular-fit-shirt-with-tie-cuff/p/466280366_white
ajio,466699489,Women,Shirts,Trond,Trond Green Women Typographic Print Oversized Fit Crew-Neck T-Shirt,604,1099,45,,,Green,https://assets.ajio.com/medias/sys_master/root/20231012/lw7C/6527204addf7791519350ea9/trond_green_women_typographic_print_oversized_fit_crew-neck_t-shirt.jpg,https://www.ajio.com/trond-women-typographic-print-oversized-fit-crew-neck-t-shirt/p/466699489_green
ajio,442249885,Women,Shirts,Outryt,Outryt Black Women Graphic Print Oversize Fit Crew-Neck T-Shirt,899,899,0,,,Black,https://assets.ajio.com/medias/sys_master/root/20230731/jL3C/64c7c678a9b42d15c97cd2f5/outryt_black_women_graphic_print_oversize_fit_crew-neck_t-shirt.jpg,https://www.ajio.com/outryt-women-graphic-print-oversize-fit-crew-neck-t-shirt/p/442249885_black
ajio,466753913,Women,Shirts,Indie Picks,Indie Picks White Women Polka-Dot Print Loose Fit Shirt,1160,2900,60,,,White,https://assets.ajio.com/medias/sys_master/root/20231029/53UI/653e5dd0ddf7791519605c65/indie_picks_white_women_polka-dot_print_loose_fit_shirt.jpg,https://www.ajio.com/indie-picks-women-polka-dot-print-loose-fit-shirt/p/466753913_white
ajio,466686294,Women,Shirts,Nobarr,Nobarr Red & Black Women Checked Regular Fit Shirt with Flap Pocket,600,2499,76,,,Black,https://assets.ajio.com/medias/sys_master/root/20231009/hwHL/6523ec94afa4cf41f5336dd4/nobarr_red_%26_black_women_checked_regular_fit_shirt_with_flap_pocket.jpg,https://www.ajio.com/nobarr-women-checked-regular-fit-shirt-with-flap-pocket/p/466686294_red
ajio,466412567,Women,Shirts,Puma Spring,Puma Spring Lavender Women Essentials Polo T-Shirt,680,1699,60,,,Lavender,https://assets.ajio.com/medias/sys_master/root/20231012/Mpa1/6527ac64afa4cf41f53da313/puma_spring_lavender_women_essentials_polo_t-shirt.jpg,https://www.ajio.com/puma-women-essentials-polo-t-shirt/p/466412567_lavender
ajio,443019558,Women,Shirts,Outryt Jet,Outryt Jet Black Women Printed Relaxed Fit Shirt,1499,1499,0,,,Jet Black,https://assets.ajio.com/medias/sys_master/root/20230831/rUHN/64f0a8b4ddf77915198dd5c8/outryt_jet_black_women_printed_relaxed_fit_shirt.jpg,https://www.ajio.com/outryt-women-printed-relaxed-fit-shirt/p/443019558_jetblack
ajio,466377076,Women,Shirts,Styli,Styli Black Women Turn-Up Sleeve Contrast Stitch Detail Shirt,719,799,10,,,Black,https://assets.ajio.com/medias/sys_master/root/20230821/zn5q/64e3483dafa4cf41f5626621/styli_black_women_turn-up_sleeve_contrast_stitch_detail_shirt.jpg,https://www.ajio.com/styli-women-turn-up-sleeve-contrast-stitch-detail-shirt/p/466377076_black
ajio,466730762,Women,Shirts,MAX,MAX Navy Blue Women Typographic Print Regular Fit Crew-Neck T-Shirt,249,249,0,,,Navy Blue,https://assets.ajio.com/medias/sys_master/root/20231020/bh0w/6532abdfafa4cf41f5558dd4/max_navy_blue_women_typographic_print_regular_fit_crew-neck_t-shirt.jpg,https://www.ajio.com/max-women-typographic-print-regular-fit-crew-neck-t-shirt/p/466730762_navy
ajio,443031947,Women,Shirts,DNMX,DNMX Pink Women Checked Relaxed Fit Shirt,899,899,0,,,Pink,https://assets.ajio.com/medias/sys_master/root/20231010/44np/65256f10ddf779151931606e/dnmx_pink_women_checked_relaxed_fit_shirt.jpg,https://www.ajio.com/dnmx-women-checked-relaxed-fit-shirt/p/443031947_pink
ajio,466730541,Women,Shirts,MAX,MAX Blue Women Striped Regular Fit Crew-Neck T-Shirt,399,399,0,,,Blue,https://assets.ajio.com/medias/sys_master/root/20231021/4V9r/6532fe4eddf7791519503e8e/max_blue_women_striped_regular_fit_crew-neck_t-shirt.jpg,https://www.ajio.com/max-women-striped-regular-fit-crew-neck-t-shirt/p/466730541_blue
ajio,466730767,Women,Shirts,MAX,MAX Beige Women Graphic Print Regular Fit Crew-Neck T-Shirt,249,249,0,,,Beige,https://assets.ajio.com/medias/sys_master/root/20231021/vDET/6532fd5dddf7791519501cb0/max_beige_women_graphic_print_regular_fit_crew-neck_t-shirt.jpg,https://www.ajio.com/max-women-graphic-print-regular-fit-crew-neck-t-shirt/p/466730767_beige
ajio,443002688,Women,Shirts,Outryt,Outryt Navy Blue & White Women Striped T-Shirt,479,799,40,,,Navy Blue,https://assets.ajio.com/medias/sys_master/root/20230116/pQxa/63c5292daeb269c651e1a369/outryt_navy_blue_%26_white_women_striped_t-shirt.jpg,https://www.ajio.com/outryt-women-striped-t-shirt/p/443002688_navy
ajio,466705168,Women,Shirts,R&B,R&B Black Women Regular Fit T-Shirt with Square Neck,419,599,30,,,Black,https://assets.ajio.com/medias/sys_master/root/20231014/M1Ui/6529edd6afa4cf41f543466f/r%26b_black_women_regular_fit_t-shirt_with_square_neck.jpg,https://www.ajio.com/r-b-women-regular-fit-t-shirt-with-square-neck/p/466705168_black
ajio,469270603,Women,Shirts,SPYKAR Spyk,"SPYKAR  Spyk women shirts, mid blue, s",805,2299,65,,,Blue,https://assets.ajio.com/medias/sys_master/root/20220906/BdIJ/63173bf4f997dd1f8de71f0b/spykar__spyk_women_shirts%2C_mid_blue%2C_s.jpg,https://www.ajio.com/spykar-spyk-women-shirts-mid-blue-s/p/469270603_midblue
ajio,466699497,Women,Shirts,Trond,Trond Black Women Graphic Print Oversized Fit Crew-Neck T-Shirt,604,1099,45,,,Black,https://assets.ajio.com/medias/sys_master/root/20231012/lsUS/65274b1bafa4cf41f53d2566/trond_black_women_graphic_print_oversized_fit_crew-neck_t-shirt.jpg,https://www.ajio.com/trond-women-graphic-print-oversized-fit-crew-neck-t-shirt/p/466699497_black
ajio,466341746,Women,Shirts,Style Quotient,Style Quotient Pink Women Striped Regular Fit Shirt,650,1299,50,,,Pink,https://assets.ajio.com/medias/sys_master/root/20231018/oO01/652f0907ddf779151944ddda/style_quotient_pink_women_striped_regular_fit_shirt.jpg,https://www.ajio.com/style-quotient-women-striped-regular-fit-shirt/p/466341746_pink
ajio,466250074,Women,Shirts,Styli,Styli Black Women Plus Size Embellished Chiffon Sheer Shirt,999,999,0,,,Black,https://assets.ajio.com/medias/sys_master/root/20230807/nQ3m/64d0da83a9b42d15c991ccb9/styli_black_women_plus_size_embellished_chiffon_sheer_shirt.jpg,https://www.ajio.com/styli-women-plus-size-embellished-chiffon-sheer-shirt/p/466250074_black
ajio,469270604,Women,Shirts,SPYKAR Spyk,"SPYKAR  Spyk women shirts, black, xxl",875,2499,65,,,Black,https://assets.ajio.com/medias/sys_master/root/20220906/nQA7/6317411cf997dd1f8de73c20/spykar__spyk_women_shirts%2C_black%2C_xxl.jpg,https://www.ajio.com/spykar-spyk-women-shirts-black-xxl/p/469270604_black
ajio,420387957,Women,Shirts,MARZIPAN,MARZIPAN Grey Melange Wonder Women Round-Neck T-Shirt,160,399,60,,,Grey,https://assets.ajio.com/medias/sys_master/root/20230316/AYGk/6412fe4ef997dde6f4003aff/marzipan_grey_melange_wonder_women_round-neck_t-shirt.jpg,https://www.ajio.com/marzipan-wonder-women-round-neck-t-shirt/p/420387957_greymelange
ajio,466724416,Women,Shirts,Indie Picks,Indie Picks White Women Ombre Print Relaxed Fit Top,699,1996,65,,,White,https://assets.ajio.com/medias/sys_master/root/20231019/ZSpi/653035f8afa4cf41f54e6807/indie_picks_white_women_ombre_print_relaxed_fit_top.jpg,https://www.ajio.com/indie-picks-women-ombre-print-relaxed-fit-top/p/466724416_white
ajio,441757322,Women,Shirts,Svrnaa,Svrnaa Yellow Women Tunic with Band Collar,839,1199,30,,,Yellow,https://assets.ajio.com/medias/sys_master/root/20221122/tNsX/637ca814aeb269659ca6436c/svrnaa_yellow_women_tunic_with_band_collar.jpg,https://www.ajio.com/svrnaa-women-tunic-with-band-collar/p/441757322_yellow
ajio,443017914,Women,Shirts,Teamspirit,Teamspirit Blue Women Striped Regular Fit Round-Neck T-Shirt,499,499,0,,,Blue,https://assets.ajio.com/medias/sys_master/root/20231019/PDd4/6531484eddf779151949f8f7/teamspirit_blue_women_striped_regular_fit_round-neck_t-shirt.jpg,https://www.ajio.com/teamspirit-women-striped-regular-fit-round-neck-t-shirt/p/443017914_navyblue
ajio,466686199,Women,Shirts,Trond,Trond Red Women Typographic Print Oversized Round-Neck T-Shirt,604,1099,45,,,Red,https://assets.ajio.com/medias/sys_master/root/20231010/haKr/65247c23afa4cf41f535e95d/trond_red_women_typographic_print_oversized_round-neck_t-shirt.jpg,https://www.ajio.com/trond-women-typographic-print-oversized-round-neck-t-shirt/p/466686199_red
ajio,466721701,Women,Shirts,Fery London,Fery London Green Women Printed Regular Fit Shirt ,300,1999,85,,,Green,https://assets.ajio.com/medias/sys_master/root/20231019/9dmx/6530339addf7791519479ae4/fery_london_green_women_printed_regular_fit_shirt_.jpg,https://www.ajio.com/fery-london-women-printed-regular-fit-shirt-/p/466721701_green
ajio,466704067,Women,Shirts,MANTICORE,MANTICORE Blue Women Regular Fit Shirt with Patch Pockets,752,2349,68,,,Blue,https://assets.ajio.com/medias/sys_master/root/20231013/cDx8/652970bcafa4cf41f54260a0/manticore_blue_women_regular_fit_shirt_with_patch_pockets.jpg,https://www.ajio.com/manticore-women-regular-fit-shirt-with-patch-pockets/p/466704067_blue
ajio,442307005,Women,Shirts,GAP,GAP Pink Women Brand Print Slim Fit Round-Neck T-Shirt,1299,1299,0,,,Pink,https://assets.ajio.com/medias/sys_master/root/20231016/3oVc/652d500eddf7791519419e07/gap_pink_women_brand_print_slim_fit_round-neck_t-shirt.jpg,https://www.ajio.com/gap-women-brand-print-slim-fit-round-neck-t-shirt/p/442307005_pink
ajio,442110712,Women,Shirts,GAP,GAP Grey Women Foil Logo Print Slim Fit Round-Neck T-Shirt,1999,1999,0,,,Grey,https://assets.ajio.com/medias/sys_master/root/20231006/kvsG/65203100afa4cf41f52ec3bd/gap_grey_women_foil_logo_print_slim_fit_round-neck_t-shirt.jpg,https://www.ajio.com/gap-women-foil-logo-print-slim-fit-round-neck-t-shirt/p/442110712_ltgrey
ajio,469543083,Women,Shirts,Ketch,Ketch Pink Women Swiss Dot Regular Fit Shirt,297,1099,73,,,Pink,https://assets.ajio.com/medias/sys_master/root/20231013/fGEw/65295a0bddf77915193a81b4/ketch_pink_women_swiss_dot_regular_fit_shirt.jpg,https://www.ajio.com/ketch-women-swiss-dot-regular-fit-shirt/p/469543083_lgtpink
ajio,466704508,Women,Shirts,Styli,Styli Cream Women Spread Collar Shirt,448,649,31,,,Cream,https://assets.ajio.com/medias/sys_master/root/20231014/KvaE/6529ed20ddf77915193c052e/styli_cream_women_spread_collar_shirt.jpg,https://www.ajio.com/styli-women-spread-collar-shirt/p/466704508_cream
ajio,466506192,Women,Shirts,Puma,Puma Black Women Seasons Coolcell Running T-Shirt,3599,4499,20,,,Black,https://assets.ajio.com/medias/sys_master/root/20231012/iNsH/6527af19afa4cf41f53dd6bc/puma_black_women_seasons_coolcell_running_t-shirt.jpg,https://www.ajio.com/puma-women-seasons-coolcell-running-t-shirt/p/466506192_black
ajio,466704263,Women,Shirts,Styli,Styli Purple Women Graphic Print Oversized Fit T-Shirt,324,499,35,,,Purple,https://assets.ajio.com/medias/sys_master/root/20231014/LuqX/6529c2daddf77915193bd5ea/styli_purple_women_graphic_print_oversized_fit_t-shirt.jpg,https://www.ajio.com/styli-women-graphic-print-oversized-fit-t-shirt/p/466704263_purple
ajio,466703353,Women,Shirts,Trond,Trond Black Women Typographic Print Oversized Fit T-Shirt,604,1099,45,,,Black,https://assets.ajio.com/medias/sys_master/root/20231014/nLYJ/65299a90afa4cf41f542d85e/trond_black_women_typographic_print_oversized_fit_t-shirt.jpg,https://www.ajio.com/trond-women-typographic-print-oversized-fit-t-shirt/p/466703353_black
ajio,466283708,Women,Shirts,Styli,Styli Green Women Satin Collared Blouse,622,699,11,,,Green,https://assets.ajio.com/medias/sys_master/root/20230807/hbbJ/64d0db33eebac147fcad2491/styli_green_women_satin_collared_blouse.jpg,https://www.ajio.com/styli-women-satin-collared-blouse/p/466283708_green
ajio,442295611,Women,Shirts,Teamspirit,Teamspirit Green Women Typographic Print Round-Neck T-Shirt,283,399,29,,,Green,https://assets.ajio.com/medias/sys_master/root/20231005/VS3H/651eaa12afa4cf41f528bbe4/teamspirit_green_women_typographic_print_round-neck_t-shirt.jpg,https://www.ajio.com/teamspirit-women-typographic-print-round-neck-t-shirt/p/442295611_green
ajio,443022452,Women,Shirts,DNMX,DNMX Green & White Women Relaxed Fit Dobby Shirt with Pintuck Detail,899,899,0,,,White,https://assets.ajio.com/medias/sys_master/root/20231010/RK6z/65256354afa4cf41f538d9e1/dnmx_green_%26_white_women_relaxed_fit_dobby_shirt_with_pintuck_detail.jpg,https://www.ajio.com/dnmx-women-relaxed-fit-dobby-shirt-with-pintuck-detail/p/443022452_green
ajio,466684000,Women,Shirts,Trond,Trond Maroon Women Typographic Print Oversized Crew-Neck T-Shirt,608,1599,62,,,Maroon,https://assets.ajio.com/medias/sys_master/root/20231009/GzYl/65242a81ddf77915192d24de/trond_maroon_women_typographic_print_oversized_crew-neck_t-shirt.jpg,https://www.ajio.com/trond-women-typographic-print-oversized-crew-neck-t-shirt/p/466684000_maroon
ajio,466703332,Women,Shirts,Trond,Trond Maroon Women Oversized Fit Graphic Print T-Shirt,604,1099,45,,,Maroon,https://assets.ajio.com/medias/sys_master/root/20231013/sXmW/65296f1aafa4cf41f54226d0/trond_maroon_women_oversized_fit_graphic_print_t-shirt.jpg,https://www.ajio.com/trond-women-oversized-fit-graphic-print-t-shirt/p/466703332_maroon
ajio,466730550,Women,Shirts,MAX,MAX Black Women Regular Fit Crew-Neck T-Shirt ,199,199,0,,,Black,https://assets.ajio.com/medias/sys_master/root/20231020/4Hwe/6532ab1addf77915194f2321/max_black_women_regular_fit_crew-neck_t-shirt_.jpg,https://www.ajio.com/max-women-regular-fit-crew-neck-t-shirt-/p/466730550_black
ajio,466690916,Women,Shirts,Trond,Trond Pink Women Typographic Print Oversized Fit T-Shirt,604,1099,45,,,Pink,https://assets.ajio.com/medias/sys_master/root/20231011/BwIt/6525a93dddf779151931b9ac/trond_pink_women_typographic_print_oversized_fit_t-shirt.jpg,https://www.ajio.com/trond-women-typographic-print-oversized-fit-t-shirt/p/466690916_pink
ajio,443017439,Women,Shirts,DNMX,DNMX Wine Women Y-Notch Shirt with Patch Pockets,799,799,0,,,Wine,https://assets.ajio.com/medias/sys_master/root/20231010/dyCO/65256ad5afa4cf41f538fc66/dnmx_wine_women_y-notch_shirt_with_patch_pockets.jpg,https://www.ajio.com/dnmx-women-y-notch-shirt-with-patch-pockets/p/443017439_wine
ajio,443012692,Women,Shirts,Outryt,Outryt Pink Women Checked Shacket,2099,2099,0,,,Pink,https://assets.ajio.com/medias/sys_master/root/20230807/dcOU/64d0b93aeebac147fcac6a64/outryt_pink_women_checked_shacket.jpg,https://www.ajio.com/outryt-women-checked-shacket/p/443012692_pink
ajio,443023618,Women,Shirts,FIG,FIG Black Women Printed Relaxed Fit Crew-Neck T-shirt,599,599,0,,,Black,https://assets.ajio.com/medias/sys_master/root/20231016/A3AX/652d4e95afa4cf41f548927e/fig_black_women_printed_relaxed_fit_crew-neck_t-shirt.jpg,https://www.ajio.com/fig-women-printed-relaxed-fit-crew-neck-t-shirt/p/443023618_jetblack
ajio,466724407,Women,Shirts,Indie Picks,Indie Picks Multicoloured Women Ombre Print Relaxed Fit Top,662,1890,65,,,,https://assets.ajio.com/medias/sys_master/root/20231019/vdeO/65303697afa4cf41f54e6c1b/indie_picks_multicoloured_women_ombre_print_relaxed_fit_top.jpg,https://www.ajio.com/indie-picks-women-ombre-print-relaxed-fit-top/p/466724407_multi
ajio,466506296,Women,Shirts,Puma,Puma White Women Scuderia Ferrari Style Motorsport T-Shirt,2249,2999,25,,,White,https://assets.ajio.com/medias/sys_master/root/20231012/3Dfc/6527af30afa4cf41f53dd969/puma_white_women_scuderia_ferrari_style_motorsport_t-shirt.jpg,https://www.ajio.com/puma-women-scuderia-ferrari-style-motorsport-t-shirt/p/466506296_white
ajio,466685788,Women,Shirts,MAX,MAX Brown Women Checked Regular Fit Shirt,899,899,0,,,Brown,https://assets.ajio.com/medias/sys_master/root/20231010/AVsO/65247e2eddf77915192e52cb/max_brown_women_checked_regular_fit_shirt.jpg,https://www.ajio.com/max-women-checked-regular-fit-shirt/p/466685788_brown
ajio,443022453,Women,Shirts,DNMX,DNMX Maroon Women Checked Relaxed Fit Shirt,899,899,0,,,Maroon,https://assets.ajio.com/medias/sys_master/root/20231010/jlu9/65256171ddf779151931148e/dnmx_maroon_women_checked_relaxed_fit_shirt.jpg,https://www.ajio.com/dnmx-women-checked-relaxed-fit-shirt/p/443022453_maroon
ajio,466689981,Women,Shirts,MAX,MAX Brown Women Regular Fit Round-Neck T-Shirt,199,199,0,,,Brown,https://assets.ajio.com/medias/sys_master/root/20231010/2ffS/6524fcdbafa4cf41f537402c/max_brown_women_regular_fit_round-neck_t-shirt.jpg,https://www.ajio.com/max-women-regular-fit-round-neck-t-shirt/p/466689981_brown
ajio,442307000,Women,Shirts,GAP,GAP Black Women Logo Print Relaxed Fit Crew-Neck T-Shirt,999,999,0,,,Black,https://assets.ajio.com/medias/sys_master/root/20231020/KoT9/65329a3fafa4cf41f554ebb8/gap_black_women_logo_print_relaxed_fit_crew-neck_t-shirt.jpg,https://www.ajio.com/gap-women-logo-print-relaxed-fit-crew-neck-t-shirt/p/442307000_black
ajio,442307001,Women,Shirts,GAP,GAP White Women Brand Print Relaxed Fit T-Shirt,999,999,0,,,White,https://assets.ajio.com/medias/sys_master/root/20231020/BsFn/65329c33ddf77915194e9861/gap_white_women_brand_print_relaxed_fit_t-shirt.jpg,https://www.ajio.com/gap-women-brand-print-relaxed-fit-t-shirt/p/442307001_white
ajio,466657261,Women,Shirts,JASHUDI,JASHUDI Red Women Relaxed Fit Embellished Top,406,1850,78,,,Red,https://assets.ajio.com/medias/sys_master/root/20231016/mmrs/652d0e68ddf77915193f93b9/jashudi_red_women_relaxed_fit_embellished_top.jpg,https://www.ajio.com/jashudi-women-relaxed-fit-embellished-top/p/466657261_red
ajio,442306996,Women,Shirts,GAP,GAP Pink Women Printed Slim Fit Round-Neck T-Shirt,999,999,0,,,Pink,https://assets.ajio.com/medias/sys_master/root/20231016/IjGh/652d5014ddf7791519419e89/gap_pink_women_printed_slim_fit_round-neck_t-shirt.jpg,https://www.ajio.com/gap-women-printed-slim-fit-round-neck-t-shirt/p/442306996_pink
ajio,466377069,Women,Shirts,Styli,Styli Black Women Flare Sleeves Crepe Oversized Longline Shirt,756,849,11,,,Black,https://assets.ajio.com/medias/sys_master/root/20230807/663Z/64d0db91eebac147fcad30b6/styli_black_women_flare_sleeves_crepe_oversized_longline_shirt.jpg,https://www.ajio.com/styli-women-flare-sleeves-crepe-oversized-longline-shirt/p/466377069_black
ajio,466704255,Women,Shirts,Styli,Styli Burgundy Women Graphic Print Oversized Fit T-Shirt,324,499,35,,,Burgundy,https://assets.ajio.com/medias/sys_master/root/20231013/yaHe/652947b8ddf779151939f9bd/styli_burgundy_women_graphic_print_oversized_fit_t-shirt.jpg,https://www.ajio.com/styli-women-graphic-print-oversized-fit-t-shirt/p/466704255_burgundy
ajio,466685465,Women,Shirts,MAX Mid,MAX Mid blue Women Regular Fit Round-Neck T-Shirt,199,199,0,,,Blue,https://assets.ajio.com/medias/sys_master/root/20231009/zSIP/6523eb0dddf77915192b4d4e/max_mid_blue_women_regular_fit_round-neck_t-shirt.jpg,https://www.ajio.com/max-women-regular-fit-round-neck-t-shirt/p/466685465_blue
ajio,466704806,Women,Shirts,EYEBOGLER,EYEBOGLER Navy Women Regular Fit Crew-Neck T-Shirt,195,1299,85,,,Navy,https://assets.ajio.com/medias/sys_master/root/20231013/KIJJ/65297024afa4cf41f5424cc5/eyebogler_navy_women_regular_fit_crew-neck_t-shirt.jpg,https://www.ajio.com/eyebogler-women-regular-fit-crew-neck-t-shirt/p/466704806_navy
ajio,466375662,Women,Shirts,Styli,Styli Beige Women Flare Sleeves Crepe Oversized Longline Shirt,849,849,0,,,Beige,https://assets.ajio.com/medias/sys_master/root/20230807/5ZoM/64d0db5da9b42d15c991eb7f/styli_beige_women_flare_sleeves_crepe_oversized_longline_shirt.jpg,https://www.ajio.com/styli-women-flare-sleeves-crepe-oversized-longline-shirt/p/466375662_beige
ajio,443026799,Women,Shirts,RIO,RIO Olive Green Women Regular Fit Shirt,599,599,0,,,Green,https://assets.ajio.com/medias/sys_master/root/20231009/9L22/652410e0ddf77915192c6282/rio_olive_green_women_regular_fit_shirt.jpg,https://www.ajio.com/rio-women-regular-fit-shirt/p/443026799_olivegreen
ajio,466375657,Women,Shirts,Styli,Styli Burgundy Women High-Low Hem Button Detail Crepe Shirt,899,899,0,,,Burgundy,https://assets.ajio.com/medias/sys_master/root/20230821/iRFx/64e34832afa4cf41f562649a/styli_burgundy_women_high-low_hem_button_detail_crepe_shirt.jpg,https://www.ajio.com/styli-women-high-low-hem-button-detail-crepe-shirt/p/466375657_burgundy
ajio,443021288,Women,Shirts,Teamspirit,Teamspirit Navy Blue Women Striped Regular Fit Crew-Neck T-Shirt,599,599,0,,,Navy Blue,https://assets.ajio.com/medias/sys_master/root/20231012/TbOK/652806caafa4cf41f53f19ae/teamspirit_navy_blue_women_striped_regular_fit_crew-neck_t-shirt.jpg,https://www.ajio.com/teamspirit-women-striped-regular-fit-crew-neck-t-shirt/p/443021288_navy
flipkart,DREE978EWXFTHQHW,Women,Dresses,,Kaxiaa Women's Layered Dress,749,1499,50,,,,https://img6a.flixcart.com/image/dress/q/h/w/1-1-k-1046b-kaxiaa-l-original-imae96rbcauv8j7z.jpeg,https://www.flipkart.com/kaxiaa-women-s-layered-dress/p/itme978edq8ggw2c?pid=DREE978EWXFTHQHW
flipkart,DREEARMHZXDW9B3V,Women,Dresses,,Her Grace Women's A-line Dress,949,1899,50,,,,https://img5a.flixcart.com/image/dress/t/n/h/1-1-3972-purple-her-grace-s-original-imaearh2r53dbqaz.jpeg,https://www.flipkart.com/her-grace-women-s-a-line-dress/p/itmearmhvjd6nsxz?pid=DREEARMHZXDW9B3V
flipkart,DREEABATS5YMYF5A,Women,Dresses,,Kashana Fashions Women's A-line Dress,690,1899,64,5.0,,,https://img6a.flixcart.com/image/dress/5/u/y/1-1-kf257-kashana-fashions-s-original-imaea27dpwgaevvc.jpeg,https://www.flipkart.com/kashana-fashions-women-s-a-line-dress/p/itmea2g68x6qnnw4?pid=DREEABATS5YMYF5A
flipkart,DREDVP64YG7HTYJY,Women,Dresses,,Ladybug Women's A-line Dress,999,999,,,,,https://img5a.flixcart.com/image/dress/v/f/f/lbd442-ladybug-xs-original-imadvp95s9htjff5.jpeg,https://www.flipkart.com/ladybug-women-s-a-line-dress/p/itmdvp64ygf2ped4?pid=DREDVP64YG7HTYJY
flipkart,DREE5VWCRGECZRXZ,Women,Dresses,,Martini Women's Sheath Dress,990,1980,50,,,,https://img5a.flixcart.com/image/dress/r/x/z/1-1-mart1374-martini-s-original-imae5utvgpnsdxgv.jpeg,https://www.flipkart.com/martini-women-s-sheath-dress/p/itme5vwckngqu8vv?pid=DREE5VWCRGECZRXZ
flipkart,DREDZPX3Y3HSV9EG,Women,Dresses,,Miss Chase Women's High Low Dress,929,1549,40,,,,https://img6a.flixcart.com/image/dress/n/b/v/mc-s-14-d-01-21-82-miss-chase-xs-original-imadzs4gxpf7d3ry.jpeg,https://www.flipkart.com/miss-chase-women-s-high-low-dress/p/itmdzpx3z7upmfgt?pid=DREDZPX3Y3HSV9EG
flipkart,DREE4V9ZYNGWHTGG,Women,Dresses,,Jiiah Women's Shift Dress,999,999,,,,,https://img6a.flixcart.com/image/dress/p/a/e/1-1-light-blue-008-jiiah-s-original-imae2hsneuc28h2a.jpeg,https://www.flipkart.com/jiiah-women-s-shift-dress/p/itme4v9zrfvz37ph?pid=DREE4V9ZYNGWHTGG
flipkart,DREDXGQEHEMCBXGV,Women,Dresses,,Ladybug Women's Layered Dress,799,999,20,,,,https://img6a.flixcart.com/image/dress/x/g/v/lbd461-ladybug-s-original-imadxgpyygmsh9z2.jpeg,https://www.flipkart.com/ladybug-women-s-layered-dress/p/itmdxgqegam9jvvz?pid=DREDXGQEHEMCBXGV
flipkart,DREE93UZUFGJCVBE,Women,Dresses,,Lady Stark Women's Gathered Dress,690,1790,61,,,,https://img6a.flixcart.com/image/dress/g/z/b/1-1-lsdr3016-lady-stark-xl-original-imae8vvgndypwgqm.jpeg,https://www.flipkart.com/lady-stark-women-s-gathered-dress/p/itme93uz3ctgesms?pid=DREE93UZUFGJCVBE
flipkart,DREDXGQEAYDGHZVZ,Women,Dresses,,Ladybug Women's Gathered Dress,959,1199,20,,,,https://img6a.flixcart.com/image/dress/g/m/j/lbd457-ladybug-s-original-imadxgpyjghfzmnv.jpeg,https://www.flipkart.com/ladybug-women-s-gathered-dress/p/itmdxgqe9yzjbfuy?pid=DREDXGQEAYDGHZVZ
flipkart,DREE7GUQZJHUPYJS,Women,Dresses,,Latin Quarters Women's Gathered Dress,960,2400,60,,,,https://img6a.flixcart.com/image/dress/y/j/s/1-1-lqd3859-ivory-latin-quarters-xl-original-imae7gqgs4vv2mgz.jpeg,https://www.flipkart.com/latin-quarters-women-s-gathered-dress/p/itme7gupzaqtnxsd?pid=DREE7GUQZJHUPYJS
flipkart,DREE98ASFNXZF8QT,Women,Dresses,,Limerence Women's A-line Dress,999,1499,33,,,,https://img6a.flixcart.com/image/dress/8/q/t/1-1-lapwcwd31mco-limerence-free-original-imae983fmp3tz9jt.jpeg,https://www.flipkart.com/limerence-women-s-a-line-dress/p/itme98astwasvzy8?pid=DREE98ASFNXZF8QT
flipkart,DREDXGQDZPEWPGQU,Women,Dresses,,Ladybug Women's Layered Dress,909,1299,30,,,,https://img5a.flixcart.com/image/dress/g/h/j/lbd455-ladybug-s-original-imadxgpyzxtjpcsz.jpeg,https://www.flipkart.com/ladybug-women-s-layered-dress/p/itmdxgqdmeyjn8kh?pid=DREDXGQDZPEWPGQU
flipkart,DREE8UGV4TPYFQH6,Women,Dresses,,Indi Bargain Women's A-line Dress,799,1799,56,1.0,,,https://img6a.flixcart.com/image/dress/q/h/6/1-1-116black-indi-bargain-free-original-imae8ubag7bzwbdf.jpeg,https://www.flipkart.com/indi-bargain-women-s-a-line-dress/p/itme8ugvgq4jrqe6?pid=DREE8UGV4TPYFQH6
flipkart,DREE5C9M8MKHUQV8,Women,Dresses,,Indi Bargain Women's A-line Dress,899,1799,50,,,,https://img5a.flixcart.com/image/dress/k/d/e/1-1-118pink-indi-bargain-free-original-imae5befjpzjtd7q.jpeg,https://www.flipkart.com/indi-bargain-women-s-a-line-dress/p/itme5c9muqvdzuwh?pid=DREE5C9M8MKHUQV8
flipkart,DREE64PGD8YSWH9K,Women,Dresses,,Motif Women's A-line Dress,930,1860,50,,,,https://img5a.flixcart.com/image/dress/g/n/d/1-1-jm212-motif-s-original-imae5zbe7zn55ztk.jpeg,https://www.flipkart.com/motif-women-s-a-line-dress/p/itme64phzcafphse?pid=DREE64PGD8YSWH9K
flipkart,DREE6UDPXG5TDFCR,Women,Dresses,,Inmark Women's Empire Waist Dress,718,1199,40,,,,https://img6a.flixcart.com/image/dress/9/v/y/1-1-indr000099-peach-f-inmark-m-original-imae6scyh2gzmruc.jpeg,https://www.flipkart.com/inmark-women-s-empire-waist-dress/p/itme6udpwmakbn2n?pid=DREE6UDPXG5TDFCR
flipkart,DREDZZN2ZZEZKQMX,Women,Dresses,,La Zoire Women's Shift Dress,799,799,,,,,https://img5a.flixcart.com/image/dress/q/m/x/lza170lztq-rd-la-zoire-l-original-imadzr3wzwbhskdj.jpeg,https://www.flipkart.com/la-zoire-women-s-shift-dress/p/itmdzzn2zjnqu6ew?pid=DREDZZN2ZZEZKQMX
flipkart,DREEBRD4BNGGSWSC,Women,Dresses,,Lifestyle Preview Women's Gathered Dress,899,1200,25,,,,https://img5a.flixcart.com/image/dress/c/q/q/1-1-ss-5069-b-lifestyle-preview-s-original-imaebzb9ybj7uvby.jpeg,https://www.flipkart.com/lifestyle-preview-women-s-gathered-dress/p/itmebrd34fxgmz5f?pid=DREEBRD4BNGGSWSC
flipkart,DREE7UCDU7JASMGR,Women,Dresses,,HUGO CHAVEZ Women's Bandage Dress,777,2499,69,3.4,,,https://img6a.flixcart.com/image/dress/r/t/9/1-1-hc1162-hugo-chavez-xs-original-imae7u5mphthggrh.jpeg,https://www.flipkart.com/hugo-chavez-women-s-bandage-dress/p/itmeyjz7mswqxyxh?pid=DREE7UCDU7JASMGR
flipkart,DREE4CYTN7FDZQHH,Women,Dresses,,Meiro Women's Shift Dress,699,1399,50,,,,https://img6a.flixcart.com/image/dress/d/y/h/15105stripe-meiro-xxxl-original-imae46q49xyu83gb.jpeg,https://www.flipkart.com/meiro-women-s-shift-dress/p/itme4cyt9yg8pxyw?pid=DREE4CYTN7FDZQHH
flipkart,DREEAZADCAYGQUEG,Women,Dresses,,Kaira Women's Bandage Dress,730,730,,,,,https://img6a.flixcart.com/image/dress/u/e/g/1-1-4003300a-kaira-l-original-imaeam7hqjs8ynq3.jpeg,https://www.flipkart.com/kaira-women-s-bandage-dress/p/itmeazadyjhgjzub?pid=DREEAZADCAYGQUEG
flipkart,DREDZT5WGMYXBSWY,Women,Dresses,,IDK Woman Women's Shift Dress,898,1499,40,,,,https://img5a.flixcart.com/image/dress/s/w/y/kw24-dr-133-136-black-f-idk-woman-8-original-imadzu8cgvpxzdyg.jpeg,https://www.flipkart.com/idk-woman-women-s-shift-dress/p/itmdzt5wzeh49vgb?pid=DREDZT5WGMYXBSWY
flipkart,DREE7FT8HF9P5HCC,Women,Dresses,,Miss India Women's Shift Dress,949,1799,47,,,,https://img6a.flixcart.com/image/dress/h/c/c/1-1-miapop-s-miss-india-s-original-imae7d6qft2rrggp.jpeg,https://www.flipkart.com/miss-india-women-s-shift-dress/p/itme7ft89jexwpnp?pid=DREE7FT8HF9P5HCC
flipkart,DREEAGZFZZFVDCNN,Women,Dresses,,Mayra Women's Maxi Dress,799,1995,60,,,,https://img6a.flixcart.com/image/dress/s/e/y/1-1-1508d19183-mayra-xl-original-imaeahgwwvqkafbd.jpeg,https://www.flipkart.com/mayra-women-s-maxi-dress/p/itmeagzfpu3mzxq9?pid=DREEAGZFZZFVDCNN
flipkart,DREDS7SAVKTAZE96,Women,Dresses,,My Addiction Women's Sheath Dress,719,1199,40,,,,https://img5a.flixcart.com/image/dress/e/c/j/mwsd766f-my-addiction-l-original-imads7xmskxpk2kh.jpeg,https://www.flipkart.com/my-addiction-women-s-sheath-dress/p/itmds7safcuaht8h?pid=DREDS7SAVKTAZE96
flipkart,DREE3Z8YHYSFCWTZ,Women,Dresses,,Hermosear Women's Peplum Dress,789,2199,64,,,,https://img6a.flixcart.com/image/dress/w/t/z/1327-red-hermosear-s-original-imae5vujad8tdsax.jpeg,https://www.flipkart.com/hermosear-women-s-peplum-dress/p/itme3z8yvmaatxhx?pid=DREE3Z8YHYSFCWTZ
flipkart,DREE8DTR3JRW3DND,Women,Dresses,,Karyn Women's A-line Dress,669,669,,,,,https://img5a.flixcart.com/image/dress/a/h/w/1-1-klc-203-bk-karyn-s-original-imae89fxnsvzptfd.jpeg,https://www.flipkart.com/karyn-women-s-a-line-dress/p/itme8dtshggjwpw3?pid=DREE8DTR3JRW3DND
flipkart,DREEBG9BTM4R4WUJ,Women,Dresses,,Kiosha Women's A-line Dress,696,1599,56,,,,https://img6a.flixcart.com/image/dress/y/4/h/1-1-ktvda-458-kiosha-xxl-original-imaebgyyzjszgqzq.jpeg,https://www.flipkart.com/kiosha-women-s-a-line-dress/p/itmebg9btnrf4va9?pid=DREEBG9BTM4R4WUJ
flipkart,DREEYJZ7RH39FZ9H,Women,Dresses,,Hugo Chavez Women's High Low Dress,997,2575,61,,,,https://img6a.flixcart.com/image/dress/a/s/y/hc1167-hugo-chavez-xs-original-imaeyht6x6azqexc.jpeg,https://www.flipkart.com/hugo-chavez-women-s-high-low-dress/p/itmeyjz7jrfsdc5v?pid=DREEYJZ7RH39FZ9H
flipkart,DREDXGQEXWHQBATG,Women,Dresses,,Ladybug Women's Layered Dress,999,999,,,,,https://img5a.flixcart.com/image/dress/y/x/z/lbd464-ladybug-s-original-imadxgpyhnpz7a7m.jpeg,https://www.flipkart.com/ladybug-women-s-layered-dress/p/itmdxgqebv7wyhkt?pid=DREDXGQEXWHQBATG
flipkart,DREE26VHUFEGXXNM,Women,Dresses,,Miss Chase Women's Bandage Dress,640,1599,60,,,,https://img6a.flixcart.com/image/dress/g/y/n/mcaw14d02-59-98-miss-chase-s-original-imae247y9uqz6f4a.jpeg,https://www.flipkart.com/miss-chase-women-s-bandage-dress/p/itme26vhbhdndtcz?pid=DREE26VHUFEGXXNM
flipkart,DREEYTUZVH3ZZNAX,Women,Dresses,,Jiiah Women's Sheath Dress,734,1049,30,,,,https://img5a.flixcart.com/image/dress/g/g/4/black-006-jiiah-l-original-imaeytwzfhchkhgx.jpeg,https://www.flipkart.com/jiiah-women-s-sheath-dress/p/itmeytuzkguzt2tt?pid=DREEYTUZVH3ZZNAX
flipkart,DREE9HUDJXFF2TFH,Women,Dresses,,Indibox Women's A-line Dress,999,1499,33,,,,https://img5a.flixcart.com/image/dress/3/n/4/1-1-v-neck-red-indibox-m-original-imae9hf5qytbnqgr.jpeg,https://www.flipkart.com/indibox-women-s-a-line-dress/p/itme9hudjczskzq4?pid=DREE9HUDJXFF2TFH
flipkart,DREE25GGZVGHXHYG,Women,Dresses,,My Addiction Women's A-line Dress,779,1299,40,,,,https://img6a.flixcart.com/image/dress/h/y/g/mwwd864-my-addiction-xl-original-imae22e2z5ujy2zh.jpeg,https://www.flipkart.com/my-addiction-women-s-a-line-dress/p/itme25ggzessygj5?pid=DREE25GGZVGHXHYG
flipkart,DREE4ZYTZ3KX9PUH,Women,Dresses,,Hugo Chavez Women's A-line Dress,697,2499,72,3.0,,,https://img5a.flixcart.com/image/dress/a/3/m/1-1-hc1242-hugo-chavez-xs-original-imae4zswzktayejk.jpeg,https://www.flipkart.com/hugo-chavez-women-s-a-line-dress/p/itme4py5zg3jy7fp?pid=DREE4ZYTZ3KX9PUH
flipkart,DREE9HY95VEPSVBG,Women,Dresses,,Londonhouze Women's Bandage Dress,899,1799,50,,,,https://img5a.flixcart.com/image/dress/v/b/g/1-1-lhfloralb001-londonhouze-m-original-imae9dnft43fj66w.jpeg,https://www.flipkart.com/londonhouze-women-s-bandage-dress/p/itme9hy9cqgqdrnc?pid=DREE9HY95VEPSVBG
flipkart,DREEAW2FTWYNF7UQ,Women,Dresses,,Kiosha Women's Shift Dress,602,1399,57,,,,https://img5a.flixcart.com/image/dress/u/t/d/1-1-ktvda484-kiosha-l-original-imaeavsyydrpmbua.jpeg,https://www.flipkart.com/kiosha-women-s-shift-dress/p/itmeaw2ftasmeztc?pid=DREEAW2FTWYNF7UQ
flipkart,DREE2RUNXZFKGGFZ,Women,Dresses,,Hugo Chavez Women's Maxi Dress,897,2959,70,5.0,,,https://img6a.flixcart.com/image/dress/t/y/n/hc1124-hugo-chavez-l-original-imae2qurxaxwhjms.jpeg,https://www.flipkart.com/hugo-chavez-women-s-maxi-dress/p/itme2runhyrmhg2x?pid=DREE2RUNXZFKGGFZ
flipkart,DREE92H8MWPGHHHB,Women,Dresses,,Kasturi Women's Gathered Dress,699,2399,71,,,,https://img5a.flixcart.com/image/dress/e/e/e/1-1-kasg03-s-kasturi-s-original-imae7juhhftpgxjn.jpeg,https://www.flipkart.com/kasturi-women-s-gathered-dress/p/itme92h8nhc3z7g9?pid=DREE92H8MWPGHHHB
flipkart,DREEA4DUZHUQASHP,Women,Dresses,,MSMB Women's A-line Dress,909,1299,30,,,,https://img5a.flixcart.com/image/dress/h/4/g/1-1-mb036a-msmb-m-original-imaea429gznzfvez.jpeg,https://www.flipkart.com/msmb-women-s-a-line-dress/p/itmea4dttwzcm8zt?pid=DREEA4DUZHUQASHP
flipkart,DREE6UDPNWA5ZBQ7,Women,Dresses,,Inmark Women's A-line Dress,658,1099,40,,,,https://img5a.flixcart.com/image/dress/b/q/7/1-1-indr000094-orange-f-inmark-s-original-imae6scy8fqavgxh.jpeg,https://www.flipkart.com/inmark-women-s-a-line-dress/p/itme6udp9brh3zmg?pid=DREE6UDPNWA5ZBQ7
flipkart,DREE9G8CS8FAJ2GH,Women,Dresses,,La Stella Women's Shift Dress,699,999,30,,,,https://img5a.flixcart.com/image/dress/z/r/7/1-1-wr15122-n-la-stella-s-original-imae9h4fzdzg3dhf.jpeg,https://www.flipkart.com/la-stella-women-s-shift-dress/p/itme9g8bfzkxbcqt?pid=DREE9G8CS8FAJ2GH
flipkart,DREEAMCBFCGUZZKZ,Women,Dresses,,Koma Store Women's Shift Dress,899,2799,68,,,,https://img6a.flixcart.com/image/dress/z/k/z/1-1-kst7024-koma-store-free-original-imaeahzvaxz28qgf.jpeg,https://www.flipkart.com/koma-store-women-s-shift-dress/p/itmeamcb8vafzfhp?pid=DREEAMCBFCGUZZKZ
flipkart,DREDVGBGWKSAAVVG,Women,Dresses,,Miss Chase Women's Sheath Dress,680,1699,60,5.0,,,https://img6a.flixcart.com/image/dress/h/h/m/mc-s-14-d-02-15-20-miss-chase-xs-original-imadxv7pntxnbang.jpeg,https://www.flipkart.com/miss-chase-women-s-sheath-dress/p/itmdvgbgmcqadmy5?pid=DREDVGBGWKSAAVVG
flipkart,DREEARMHWMVYQR45,Women,Dresses,,Her Grace Women's A-line Dress,949,1899,50,,,,https://img6a.flixcart.com/image/dress/4/y/g/1-1-3973-blue-her-grace-xxl-original-imaearh2bhshvdey.jpeg,https://www.flipkart.com/her-grace-women-s-a-line-dress/p/itmearmhgxfbaev5?pid=DREEARMHWMVYQR45
flipkart,DREEBDE8NWZNJJZE,Women,Dresses,,Jaipur Craft Shop Women's Empire Waist Dress,749,899,17,,,,https://img6a.flixcart.com/image/dress/j/z/e/1-1-dress0007-jaipur-craft-shop-m-original-imaeb6szt8zumeuz.jpeg,https://www.flipkart.com/jaipur-craft-shop-women-s-empire-waist-dress/p/itmebde8mywxt6gt?pid=DREEBDE8NWZNJJZE
flipkart,DREECCMNTG6KXD77,Women,Dresses,,Maggie Women's Maxi Dress,899,2699,67,,,,https://img5a.flixcart.com/image/dress/2/s/r/1-1-mg258-maggie-42-original-imaechwwhggdckwg.jpeg,https://www.flipkart.com/maggie-women-s-maxi-dress/p/itmeccmnm6zqzumz?pid=DREECCMNTG6KXD77
flipkart,DREE88KMCGFCEHJR,Women,Dresses,,Mayra Women's A-line Dress,799,1995,60,2.0,,,https://img6a.flixcart.com/image/dress/y/x/z/1-1-15d021925-mayra-m-original-imae88efds9wvjy6.jpeg,https://www.flipkart.com/mayra-women-s-a-line-dress/p/itme88kmsm64uhwy?pid=DREE88KMCGFCEHJR
flipkart,DREE484RTSHA9TQH,Women,Dresses,,I Am For You Women's Sheath Dress,799,1499,47,,,,https://img6a.flixcart.com/image/dress/t/q/h/imfu-fk-205-i-am-for-you-m-1100x1360-imae487czhzhrsxu.jpeg,https://www.flipkart.com/am-you-women-s-sheath-dress/p/itme484rf3gb2fug?pid=DREE484RTSHA9TQH
flipkart,DREE87ESGZM4KEJF,Women,Dresses,,Honey by Pantaloons Women's A-line Dress,899,1499,40,1.0,,,https://img6a.flixcart.com/image/dress/r/r/7/1-1-301236208ecru-honey-m-original-imae8fvpgwd3s7yg.jpeg,https://www.flipkart.com/honey-pantaloons-women-s-a-line-dress/p/itme8mxvhb6npqs4?pid=DREE87ESGZM4KEJF
flipkart,DREEBN4SUJFGYTNY,Women,Dresses,,Kwardrobe Women's Sheath Dress,805,1150,30,,,,https://img6a.flixcart.com/image/dress/t/v/e/1-1-ss-278-kwardrobe-l-original-imaebmtszfjxxseg.jpeg,https://www.flipkart.com/kwardrobe-women-s-sheath-dress/p/itmebn4s86bnhz4s?pid=DREEBN4SUJFGYTNY
flipkart,DREE88DFXJXCYPGF,Women,Dresses,,Meiro Women's Sheath Dress,749,1499,50,,,,https://img5a.flixcart.com/image/dress/f/p/d/1-1-15126blk-meiro-xxl-original-imae87cfegfdutgk.jpeg,https://www.flipkart.com/meiro-women-s-sheath-dress/p/itme88dfcrxfykkk?pid=DREE88DFXJXCYPGF
flipkart,DREEBD64ZVMYY8S2,Women,Dresses,,Loco En Cabeza Women's Shift Dress,999,1899,47,,,,https://img5a.flixcart.com/image/dress/8/s/2/1-1-czwd0002-loco-en-cabeza-xl-1000x1000-imaebcsyzzqenhdn.jpeg,https://www.flipkart.com/loco-cabeza-women-s-shift-dress/p/itmebd64hjfgwcgx?pid=DREEBD64ZVMYY8S2
flipkart,DREE8FH9VMKCVGKN,Women,Dresses,,L'Elegantae Women's A-line Dress,749,1499,50,,,,https://img6a.flixcart.com/image/dress/z/p/u/1-1-fle-ss-15-352-l-elegantae-m-original-imae8fb95bhwed8u.jpeg,https://www.flipkart.com/l-elegantae-women-s-a-line-dress/p/itme8fh9gtx9rmms?pid=DREE8FH9VMKCVGKN
flipkart,DREECGQ8W5SEY7PB,Women,Dresses,,Mayra Women's Shift Dress,799,1995,60,,,,https://img5a.flixcart.com/image/dress/r/m/n/1-1-1510d19217-mayra-xl-original-imaechzydrthuekh.jpeg,https://www.flipkart.com/mayra-women-s-shift-dress/p/itmecgq8gyxe5a6k?pid=DREECGQ8W5SEY7PB
flipkart,DREDSUZWUZMYFJMF,Women,Dresses,,Ladybug Women's A-line Dress,699,999,30,4.2,,,https://img6a.flixcart.com/image/dress/z/z/c/lbd420-ladybug-xs-original-imadsuzzhbdcdn4g.jpeg,https://www.flipkart.com/ladybug-women-s-a-line-dress/p/itmdsuzxwy4vj38r?pid=DREDSUZWUZMYFJMF
flipkart,DREEAHF5XYVZYBWH,Women,Dresses,,Label VR Women's A-line Dress,909,1299,30,,,,https://img5a.flixcart.com/image/dress/h/e/8/1-1-vrs1599-label-vr-l-original-imaead6m8husfg7f.jpeg,https://www.flipkart.com/label-vr-women-s-a-line-dress/p/itmeae8ghebpgjzh?pid=DREEAHF5XYVZYBWH
flipkart,DREE62Q4PNZXGYNZ,Women,Dresses,,Madaam Women's Shift Dress,999,3999,75,,,,https://img5a.flixcart.com/image/dress/g/u/j/1-1-weven11-madaam-m-original-imae62ygfhs6ah4q.jpeg,https://www.flipkart.com/madaam-women-s-shift-dress/p/itme62q4gshmzwdx?pid=DREE62Q4PNZXGYNZ
flipkart,DREEBZB5XEMEEF3Z,Women,Dresses,,Kashana Women's A-line Dress,690,2299,70,,,,https://img5a.flixcart.com/image/dress/f/3/z/1-1-kf527-kashana-36-original-imaea27d8a7z4xbg.jpeg,https://www.flipkart.com/kashana-women-s-a-line-dress/p/itmebzb63w5c2mpq?pid=DREEBZB5XEMEEF3Z
flipkart,DREE8G3HZWN58SRH,Women,Dresses,,Ladybug Women's Shift Dress,959,1199,20,,,,https://img5a.flixcart.com/image/dress/g/t/h/1-1-lbd531-ladybug-m-original-imae89ehg3cuz6sj.jpeg,https://www.flipkart.com/ladybug-women-s-shift-dress/p/itme8g3hynv8azcp?pid=DREE8G3HZWN58SRH
flipkart,DREDZT5WZVYKN8JY,Women,Dresses,,IDK Woman Women's Sheath Dress,898,1499,40,,,,https://img5a.flixcart.com/image/dress/8/j/y/kw43-dr-103-multi-colour-f-idk-woman-8-original-imadzu46p4qjdfxk.jpeg,https://www.flipkart.com/idk-woman-women-s-sheath-dress/p/itmdzt5wwzznqhyw?pid=DREDZT5WZVYKN8JY
flipkart,DREEBG9AQKX8FHUX,Women,Dresses,,L'appel Du Vide Women's Shift Dress,949,1999,53,,,,https://img5a.flixcart.com/image/dress/s/x/e/1-1-spd1-l-appel-du-vide-s-original-imaebfxvzdbcxqpg.jpeg,https://www.flipkart.com/l-appel-du-vide-women-s-shift-dress/p/itmebg9ag9zxxzzf?pid=DREEBG9AQKX8FHUX
flipkart,DREE7TACGGZQYTHZ,Women,Dresses,,Love From India Women's A-line Dress,999,2790,64,,,,https://img6a.flixcart.com/image/dress/m/b/z/1-1-100114-purple-s-love-from-india-s-original-imae7h97c5hc8ryz.jpeg,https://www.flipkart.com/love-india-women-s-a-line-dress/p/itme7tacuhmzfdr2?pid=DREE7TACGGZQYTHZ
flipkart,DREEAGSYW6SCC66B,Women,Dresses,,Mayra Women's High Low Dress,899,1995,55,,,,https://img5a.flixcart.com/image/dress/v/y/n/1-1-1508d19180-mayra-m-original-imaeahgwzrutzugg.jpeg,https://www.flipkart.com/mayra-women-s-high-low-dress/p/itmeagsymmewee3c?pid=DREEAGSYW6SCC66B
flipkart,DREE6YZZQEQDK525,Women,Dresses,,Meira Women's A-line Dress,649,1299,50,1.0,,,https://img6a.flixcart.com/image/dress/w/j/2/1-1-mewt-1196-a-red-meira-m-original-imae6xvfmwtykefk.jpeg,https://www.flipkart.com/meira-women-s-a-line-dress/p/itme6yzzh2dbqq5y?pid=DREE6YZZQEQDK525
flipkart,DREEB5WFXRNKPJQB,Women,Dresses,,Hugo Chavez Women's Maxi Dress,997,2499,60,,,,https://img5a.flixcart.com/image/dress/n/d/x/1-1-hc1719-hugo-chavez-m-original-imaeb5tdmjpkadpq.jpeg,https://www.flipkart.com/hugo-chavez-women-s-maxi-dress/p/itmeb5wfsjxxzjzs?pid=DREEB5WFXRNKPJQB
flipkart,DREEBFF5US8JFVZY,Women,Dresses,,Kcrimson Women's A-line Dress,698,1400,50,,,,https://img5a.flixcart.com/image/dress/v/z/y/1-1-yoke-dress-kcrimson-m-original-imaebgwzhud3wyc5.jpeg,https://www.flipkart.com/kcrimson-women-s-a-line-dress/p/itmebff595ykhyph?pid=DREEBFF5US8JFVZY
flipkart,DREE5M4Z4YKVRTGR,Women,Dresses,,Indi Bargain Women's A-line Dress,699,1569,55,5.0,,,https://img6a.flixcart.com/image/dress/t/g/r/1-1-113red-indi-bargain-free-original-imae5n5qgmaurzdh.jpeg,https://www.flipkart.com/indi-bargain-women-s-a-line-dress/p/itme5m4zbhgssr9v?pid=DREE5M4Z4YKVRTGR
flipkart,DREE6UDPZG25JH28,Women,Dresses,,Inmark Women's Empire Waist Dress,658,1099,40,,,,https://img6a.flixcart.com/image/dress/k/s/4/1-1-indr000095-teal-f-inmark-xs-original-imae6scyagge8wvr.jpeg,https://www.flipkart.com/inmark-women-s-empire-waist-dress/p/itme6udpg4ngdfhz?pid=DREE6UDPZG25JH28
flipkart,DREE2ZMUBG4D4JZS,Women,Dresses,,Miss Chase Women's A-line Dress,959,1599,40,5.0,,,https://img5a.flixcart.com/image/dress/x/k/y/mcaw14d02-69-31-miss-chase-m-original-imae2na5u2qht6sg.jpeg,https://www.flipkart.com/miss-chase-women-s-a-line-dress/p/itme2zmue8wpgdfu?pid=DREE2ZMUBG4D4JZS
flipkart,DREEFG6HR8AV8H96,Women,Dresses,,Indi Bargain Women's Maxi Dress,999,2249,56,,,,https://img6a.flixcart.com/image/dress/h/9/6/ibls008g-indi-bargain-free-original-imaeffa3n3csfchz.jpeg,https://www.flipkart.com/indi-bargain-women-s-maxi-dress/p/itmefg6hgfx6gzbu?pid=DREEFG6HR8AV8H96
flipkart,DREE3D2NTZXV6JSZ,Women,Dresses,,Ishin Women's Maxi Dress,799,1399,43,,,,https://img5a.flixcart.com/image/dress/e/w/u/1-1-indwt-101-ishin-s-original-imae38kxnzdjh4dj.jpeg,https://www.flipkart.com/ishin-women-s-maxi-dress/p/itme3d2nhhsfqrcf?pid=DREE3D2NTZXV6JSZ
flipkart,DREE8AHXBEQN43BA,Women,Dresses,,Hugo Chavez Women's Maxi Dress,997,2499,60,4.5,,,https://img6a.flixcart.com/image/dress/y/y/z/1-1-hc1475-hugo-chavez-s-original-imae8abstwrmkgzv.jpeg,https://www.flipkart.com/hugo-chavez-women-s-maxi-dress/p/itme8ahxvfzqkdzh?pid=DREE8AHXBEQN43BA
flipkart,DREDXXNFYCD2VEXN,Women,Dresses,,Karishma Women's Gathered Dress,699,1599,56,1.0,,,https://img6a.flixcart.com/image/dress/r/f/m/kf-303-karishma-s-original-imadyyprvm6xbgef.jpeg,https://www.flipkart.com/karishma-women-s-gathered-dress/p/itmdxxnfvtekf8w4?pid=DREDXXNFYCD2VEXN
flipkart,DREEAKZWTDF22V5R,Women,Dresses,,Meish Women's Sheath Dress,764,899,15,,,,https://img5a.flixcart.com/image/dress/v/5/r/1-1-me129wht-meish-l-original-imaeajrdqe6kbshy.jpeg,https://www.flipkart.com/meish-women-s-sheath-dress/p/itmeakzwhkkg83ex?pid=DREEAKZWTDF22V5R
flipkart,TOPEC89WEGZXSTDX,Women,Dresses,,Martini Party Sleeveless Solid Women's Top,699,699,,,,,https://img6a.flixcart.com/image/top/n/x/b/1-1-mart1522-martini-m-original-imaec36ffkp6twza.jpeg,https://www.flipkart.com/martini-party-sleeveless-solid-women-s-top/p/itmec89vfjqzswda?pid=TOPEC89WEGZXSTDX
flipkart,DREE63YVCVSYZAGZ,Women,Dresses,,Motif Women's A-line Dress,885,1770,50,,,,https://img6a.flixcart.com/image/dress/a/g/z/1-1-a370-motif-s-original-imae5x8wy2jghmhy.jpeg,https://www.flipkart.com/motif-women-s-a-line-dress/p/itme63yv23dymspz?pid=DREE63YVCVSYZAGZ
flipkart,DREE2HZSUCGV28BW,Women,Dresses,,Meiro Women's Shift Dress,749,1499,50,,,,https://img5a.flixcart.com/image/dress/x/y/m/14116wne-meiro-m-original-imae2gkx7mvvqcch.jpeg,https://www.flipkart.com/meiro-women-s-shift-dress/p/itme2hzrufwrdtnj?pid=DREE2HZSUCGV28BW
flipkart,DREDVC24AYMXGAED,Women,Dresses,,Miss Chase Women's A-line Dress,839,1399,40,,,,https://img5a.flixcart.com/image/top/z/w/v/mc-ss-13-ts-01-01-82-miss-chase-xs-original-imadvc2wh3ujzrru.jpeg,https://www.flipkart.com/miss-chase-women-s-a-line-dress/p/itmdvc24wgp3rhqu?pid=DREDVC24AYMXGAED
flipkart,DREE8UJZDQYAHEF4,Women,Dresses,,Indi Bargain Women's A-line Dress,899,1799,50,,,,https://img6a.flixcart.com/image/dress/e/f/4/1-1-117purple-indi-bargain-free-original-imae8ubaekpq5zhh.jpeg,https://www.flipkart.com/indi-bargain-women-s-a-line-dress/p/itme8ujpfjd7se7u?pid=DREE8UJZDQYAHEF4
flipkart,DREE9AGTUVB3VZBA,Women,Dresses,,Inblue Fashions Women's Shift Dress,699,899,22,,,,https://img6a.flixcart.com/image/dress/z/b/a/1-1-inbwst013-inblue-fashions-xxl-original-imae9aa47jgp3s4r.jpeg,https://www.flipkart.com/inblue-fashions-women-s-shift-dress/p/itme9agtstjhkrfh?pid=DREE9AGTUVB3VZBA
flipkart,DREE9QY9NFZ2J7RD,Women,Dresses,,Karyn Women's High Low Dress,699,899,22,4.0,,,https://img6a.flixcart.com/image/dress/s/h/z/1-1-klc-228-lb-karyn-l-original-imae9qrhyddjnzey.jpeg,https://www.flipkart.com/karyn-women-s-high-low-dress/p/itme9qy9qsexzf2p?pid=DREE9QY9NFZ2J7RD
flipkart,DREEAXE3XMJTZBAG,Women,Dresses,,Hugo Chavez Women's Sheath Dress,697,2499,72,,,,https://img5a.flixcart.com/image/dress/g/6/y/1-1-hc1611dupq-hugo-chavez-xl-original-imaeaszassymtm3w.jpeg,https://www.flipkart.com/hugo-chavez-women-s-sheath-dress/p/itmeaxe3h7zphzny?pid=DREEAXE3XMJTZBAG
flipkart,DREE6WXSHYJ9ZJEH,Women,Dresses,,Lady Stark Women's Shift Dress,629,2280,72,,,,https://img6a.flixcart.com/image/dress/s/j/g/1-1-lsdr-2041-lady-stark-m-original-imae58h5kzznfhkq.jpeg,https://www.flipkart.com/lady-stark-women-s-shift-dress/p/itme6wxsn9auz8pd?pid=DREE6WXSHYJ9ZJEH
flipkart,DREDTQC9UCHXMQDF,Women,Dresses,,Ladybug Women's Bandage Dress,899,899,,,,,https://img6a.flixcart.com/image/dress/q/d/f/lbd428-ladybug-xl-original-imadu9atkf3pz6yh.jpeg,https://www.flipkart.com/ladybug-women-s-bandage-dress/p/itmdtqc9ck6w5xdg?pid=DREDTQC9UCHXMQDF
flipkart,DREEA7P9ZBVZGDYZ,Women,Dresses,,Just Wow Women's A-line Dress,899,1899,53,,,,https://img5a.flixcart.com/image/dress/h/q/y/1-1-payless-jw127-payless-xxl-original-imaea6vwkfza76hk.jpeg,https://www.flipkart.com/just-wow-women-s-a-line-dress/p/itmea7p96qegggcd?pid=DREEA7P9ZBVZGDYZ
flipkart,DREEF5XDVZBZMYGK,Women,Dresses,,Meiro Women's Shift Dress,649,1299,50,,,,https://img5a.flixcart.com/image/dress/y/g/k/14102fuschia-meiro-l-original-imaef3x5fmzxahyx.jpeg,https://www.flipkart.com/meiro-women-s-shift-dress/p/itmef5xdzfhzraya?pid=DREEF5XDVZBZMYGK
flipkart,DREECHGKZKG6NTX6,Women,Dresses,,Kirti's Women's A-line Dress,709,829,14,,,,https://img6a.flixcart.com/image/dress/j/5/3/1-1-dress006-kirti-s-l-original-imaech6gsavchnnb.jpeg,https://www.flipkart.com/kirti-s-women-s-a-line-dress/p/itmechgkbrkdqu9u?pid=DREECHGKZKG6NTX6
flipkart,DREEBFDWNQSGF3CZ,Women,Dresses,,Kasturi Women's Gathered Dress,699,2399,71,,,,https://img5a.flixcart.com/image/dress/3/c/z/1-1-kasg-85-kasturi-m-original-imaeahjbwz2ujgqq.jpeg,https://www.flipkart.com/kasturi-women-s-gathered-dress/p/itmebfdwgvghjtum?pid=DREEBFDWNQSGF3CZ
flipkart,DREE4YVSX4N6FNVH,Women,Dresses,,Lady Stark Women's High Low Dress,829,2690,69,,,,https://img5a.flixcart.com/image/dress/k/u/p/1-1-lsdr-2014-lady-stark-xl-original-imae4ykdzguadvag.jpeg,https://www.flipkart.com/lady-stark-women-s-high-low-dress/p/itme4yvsjctsxnnh?pid=DREE4YVSX4N6FNVH
flipkart,DREE4HBDGGCHFRXK,Women,Dresses,,Maya apparels Women's A-line Dress,650,1950,67,,,,https://img6a.flixcart.com/image/dress/9/x/j/dre958-maya-apparels-l-original-imae4g9tgtde2yrq.jpeg,https://www.flipkart.com/maya-apparels-women-s-a-line-dress/p/itme4hbdn7akgztf?pid=DREE4HBDGGCHFRXK
flipkart,DREEC8ASB7ZKCQGG,Women,Dresses,,Majori Women's A-line Dress,840,840,,,,,https://img6a.flixcart.com/image/dress/g/y/k/1-1-m-4893-majori-xl-original-imaec3dshzvkrwpk.jpeg,https://www.flipkart.com/majori-women-s-a-line-dress/p/itmec8arsdv4z9pw?pid=DREEC8ASB7ZKCQGG
flipkart,DREEAXE3WF3WZM5W,Women,Dresses,,Hugo Chavez Women's Sheath Dress,797,2499,68,,,,https://img6a.flixcart.com/image/dress/m/5/w/1-1-hc1592dupq-hugo-chavez-s-original-imaeaszaszs6kqge.jpeg,https://www.flipkart.com/hugo-chavez-women-s-sheath-dress/p/itmeaxe3kwgx5tqh?pid=DREEAXE3WF3WZM5W
flipkart,DREEA4DTCKTY3GJZ,Women,Dresses,,MSMB Women's Shift Dress,909,1299,30,,,,https://img5a.flixcart.com/image/dress/d/y/d/1-1-mb0028a-msmb-m-original-imaea429r8y9jwkx.jpeg,https://www.flipkart.com/msmb-women-s-shift-dress/p/itmea4dtggmq6gjv?pid=DREEA4DTCKTY3GJZ
flipkart,DREEYYFSRJVG8XYE,Women,Dresses,,La Zoire Women's A-line Dress,699,999,30,,,,https://img6a.flixcart.com/image/dress/x/y/e/lza141ifrpl22-mc-la-zoire-xs-original-imaeyvxzfgdh88pe.jpeg,https://www.flipkart.com/la-zoire-women-s-a-line-dress/p/itmeyyfrsbu8whgu?pid=DREEYYFSRJVG8XYE
flipkart,DREEBG7GWYHRYSQX,Women,Dresses,,Kasturi Women's Gathered Dress,699,2399,71,,,,https://img6a.flixcart.com/image/dress/t/s/k/1-1-kasg-92-kasturi-m-original-imaeahhjnguah9r6.jpeg,https://www.flipkart.com/kasturi-women-s-gathered-dress/p/itmebg7gwz5shqqn?pid=DREEBG7GWYHRYSQX
flipkart,DREE86ATJ2HY7ZFG,Women,Dresses,,Kwardrobe Women's Shift Dress,839,1199,30,,,,https://img5a.flixcart.com/image/dress/c/m/u/1-1-ss-231-kwardrobe-xxl-original-imae8fz6gzwzmwfs.jpeg,https://www.flipkart.com/kwardrobe-women-s-shift-dress/p/itme86atezthavff?pid=DREE86ATJ2HY7ZFG
flipkart,DREE5M4ZXSC7GRCB,Women,Dresses,,Indi Bargain Women's High Low Dress,899,1999,55,,,,https://img5a.flixcart.com/image/dress/r/c/b/1-1-112white-indi-bargain-free-1000x1000-imae5n5qjzpaatjj.jpeg,https://www.flipkart.com/indi-bargain-women-s-high-low-dress/p/itme5m4zyrceyjyy?pid=DREE5M4ZXSC7GRCB
flipkart,DREECMGFWVZMQWMM,Women,Dresses,,Hermosear Women's Maxi Dress,799,2199,64,,,,https://img5a.flixcart.com/image/dress/y/c/d/1-1-1486yflw-hermosear-m-original-imaechff5g3d3yt6.jpeg,https://www.flipkart.com/hermosear-women-s-maxi-dress/p/itmecmgfzuvmjcr2?pid=DREECMGFWVZMQWMM
flipkart,DREE2HZRJBXAVNHZ,Women,Dresses,,Meiro Women's A-line Dress,749,1499,50,,,,https://img6a.flixcart.com/image/dress/e/3/e/14101grn-meiro-m-original-imae2gkwjstfrxsn.jpeg,https://www.flipkart.com/meiro-women-s-a-line-dress/p/itme2hzrzgjm2jbc?pid=DREE2HZRJBXAVNHZ
flipkart,DREEATN8XNXRY6EY,Women,Dresses,,Hugo Chavez Women's Maxi Dress,997,2499,60,,,,https://img6a.flixcart.com/image/dress/x/3/b/1-1-hc1623-hugo-chavez-m-original-imaeaszaqyejwhjs.jpeg,https://www.flipkart.com/hugo-chavez-women-s-maxi-dress/p/itmeatn87rzspthn?pid=DREEATN8XNXRY6EY
flipkart,DREECEFSFHNGMSZN,Women,Dresses,,Jiiah Women's Sheath Dress,999,999,,,,,https://img5a.flixcart.com/image/dress/h/f/h/1-1-navy-blue-003-jiiah-s-original-imae2hsm8zsyvwer.jpeg,https://www.flipkart.com/jiiah-women-s-sheath-dress/p/itmecefrupzddvqg?pid=DREECEFSFHNGMSZN
flipkart,DREEBQF7EBNSPMG5,Women,Dresses,,Kaxiaa Women's Gathered Dress,999,999,,,,,https://img6a.flixcart.com/image/dress/3/f/v/1-1-k-1091apk-kaxiaa-l-original-imaebpx8uzecsrga.jpeg,https://www.flipkart.com/kaxiaa-women-s-gathered-dress/p/itmebqf7feyrywrg?pid=DREEBQF7EBNSPMG5
flipkart,DREEFG6HVJMSHDFF,Women,Dresses,,Indi Bargain Women's A-line Dress,699,1799,61,,,,https://img6a.flixcart.com/image/dress/d/f/f/ibls006m-indi-bargain-m-original-imadzjaxg8ktrrk2.jpeg,https://www.flipkart.com/indi-bargain-women-s-a-line-dress/p/itmefg6h97rkksxf?pid=DREEFG6HVJMSHDFF
flipkart,DREE2SZ4GMNSCZCM,Women,Dresses,,Kyma Women's Maxi Dress,699,1800,61,,,,https://img6a.flixcart.com/image/dress/c/y/d/sdk003-kyma-xl-original-imae2svdx8bfumht.jpeg,https://www.flipkart.com/kyma-women-s-maxi-dress/p/itme2sz3tttndbsn?pid=DREE2SZ4GMNSCZCM
flipkart,DREE3WY2MKZ35TZR,Women,Dresses,,Indiatrendzs Women's Gathered Dress,612,1224,50,,,,https://img6a.flixcart.com/image/dress/t/z/r/i-stk-1075-indiatrendzs-37-1100x1360-imae3vrhdtqum8bj.jpeg,https://www.flipkart.com/indiatrendzs-women-s-gathered-dress/p/itme3wy25xnxaene?pid=DREE3WY2MKZ35TZR
flipkart,DREECACWVFWUG5P2,Women,Dresses,,Legona Women's Sheath Dress,849,2499,66,5.0,,,https://img5a.flixcart.com/image/dress/5/p/2/1-1-lf000106-s-legona-xl-original-imaeca47duycg36h.jpeg,https://www.flipkart.com/legona-women-s-sheath-dress/p/itmecacvz4wgc3yv?pid=DREECACWVFWUG5P2
flipkart,DREE4BHHQKZSNPNG,Women,Dresses,,Miss Chase Women's Bandage Dress,720,1799,60,4.0,,,https://img6a.flixcart.com/image/dress/d/g/4/mcaw14d02-82-64-miss-chase-xl-original-imae4abzqzwuawh4.jpeg,https://www.flipkart.com/miss-chase-women-s-bandage-dress/p/itme4bhgdkjnsuhz?pid=DREE4BHHQKZSNPNG
flipkart,DREEATN9NFCHNWSH,Women,Dresses,,Hugo Chavez Women's Maxi Dress,997,2499,60,,,,https://img6a.flixcart.com/image/dress/w/c/e/1-1-hc1630-hugo-chavez-l-original-imaeaszawrye6jfz.jpeg,https://www.flipkart.com/hugo-chavez-women-s-maxi-dress/p/itmeatn8zdh4zmht?pid=DREEATN9NFCHNWSH
flipkart,DREEAHRFZPSGAF7N,Women,Dresses,,Kamakshi Krafts Women's A-line Dress,799,1200,33,,,,https://img6a.flixcart.com/image/dress/f/7/n/1-1-oracle-short-dress-kamakshi-krafts-l-original-imaeamkfnxqgshac.jpeg,https://www.flipkart.com/kamakshi-krafts-women-s-a-line-dress/p/itmeahrfwkapp2qg?pid=DREEAHRFZPSGAF7N
flipkart,DREED87SY2EKYB87,Women,Dresses,,India Inc Women's Gathered Dress,699,1299,46,,,,https://img6a.flixcart.com/image/dress/y/p/x/24015crbwn4-india-inc-l-original-imaebsnmnrzd9bzu.jpeg,https://www.flipkart.com/india-inc-women-s-gathered-dress/p/itmed87seyaugjfh?pid=DREED87SY2EKYB87
flipkart,DREECBJGYS4KV2HT,Women,Dresses,,Kasturi Women's Gathered Dress,699,2399,71,,,,https://img6a.flixcart.com/image/dress/2/h/t/1-1-kasg171-kasturi-s-original-imaecbc2sj4j9mzt.jpeg,https://www.flipkart.com/kasturi-women-s-gathered-dress/p/itmecbjgzyyd6vtp?pid=DREECBJGYS4KV2HT
flipkart,DREEBSFYMUHT9NJX,Women,Dresses,,LADY STARK Women's Maxi Dress,749,2890,74,5.0,,,https://img6a.flixcart.com/image/dress/n/j/x/1-1-lsdr4023-lady-stark-m-original-imaebs93qdznggsm.jpeg,https://www.flipkart.com/lady-stark-women-s-maxi-dress/p/itmebsfyg6czef3p?pid=DREEBSFYMUHT9NJX
flipkart,DREE33UPZYSYERHX,Women,Dresses,,Jaipur Kala Kendra Women's A-line Dress,699,999,30,,,,https://img6a.flixcart.com/image/dress/r/h/x/15009gr-free-jaipur-kala-kendra-free-original-imae33vyw6f36fnt.jpeg,https://www.flipkart.com/jaipur-kala-kendra-women-s-a-line-dress/p/itme33upug4ctuhp?pid=DREE33UPZYSYERHX
flipkart,DREE5E8ZVTNEJ4AU,Women,Dresses,,La Arista Women's A-line Dress,779,1299,40,,,,https://img6a.flixcart.com/image/dress/9/b/3/1-1-ladr08-la-arista-m-original-imae5ey5ghzfjtks.jpeg,https://www.flipkart.com/la-arista-women-s-a-line-dress/p/itme5e8zqgfysf4e?pid=DREE5E8ZVTNEJ4AU
flipkart,DREE2HZSZGGGFS4M,Women,Dresses,,Meiro Women's A-line Dress,749,1499,50,,,,https://img5a.flixcart.com/image/dress/z/c/w/14117offwht-meiro-s-original-imae2gkxryprhzjz.jpeg,https://www.flipkart.com/meiro-women-s-a-line-dress/p/itme2hzrqjhqmye6?pid=DREE2HZSZGGGFS4M
flipkart,DREE978EGZCF7DX8,Women,Dresses,,Kaxiaa Women's Shift Dress,649,1299,50,,,,https://img5a.flixcart.com/image/dress/5/n/k/1-1-k-1140c-kaxiaa-s-original-imae96rbyfgvp7kd.jpeg,https://www.flipkart.com/kaxiaa-women-s-shift-dress/p/itme978e3abv8mgd?pid=DREE978EGZCF7DX8
flipkart,DREE9ZYASPBJTFEZ,Women,Dresses,,Meraki Women's Maxi Dress,699,1199,42,,,,https://img5a.flixcart.com/image/dress/f/e/z/1-1-meraki045-meraki-m-original-imae9rtpzymmhq8y.jpeg,https://www.flipkart.com/meraki-women-s-maxi-dress/p/itme9zyb7aakf5gs?pid=DREE9ZYASPBJTFEZ
flipkart,DREEAZPF6H247UDF,Women,Dresses,,Holidae Women's High Low Dress,938,1250,25,,,,https://img6a.flixcart.com/image/dress/m/h/d/1-1-md084-holidae-m-original-imaeax2qhthkytzm.jpeg,https://www.flipkart.com/holidae-women-s-high-low-dress/p/itmeazpfrfgzxng3?pid=DREEAZPF6H247UDF
flipkart,DREEYJTWYH4WTCPR,Women,Dresses,,Kytes Women's Layered Dress,698,1995,65,,,,https://img5a.flixcart.com/image/dress/c/p/r/5040-1-kytes-s-original-imaeymuzzsszfgun.jpeg,https://www.flipkart.com/kytes-women-s-layered-dress/p/itmeyjtwmftwrjm9?pid=DREEYJTWYH4WTCPR
flipkart,DREEBNG3PHZZ3PKY,Women,Dresses,,L'appel Du Vide Women's Sheath Dress,699,1499,53,,,,https://img6a.flixcart.com/image/dress/b/v/p/1-1-spdr-r-16-l-appel-du-vide-xs-original-imaebgqmvhyxrszz.jpeg,https://www.flipkart.com/l-appel-du-vide-women-s-sheath-dress/p/itmebng2hsatqcnr?pid=DREEBNG3PHZZ3PKY
flipkart,DREECGQ8XDT5QSFA,Women,Dresses,,Mayra Women's Shift Dress,799,895,11,,,,https://img5a.flixcart.com/image/dress/s/f/a/1-1-1510d19222-mayra-s-original-imaecgmmuurh7ygx.jpeg,https://www.flipkart.com/mayra-women-s-shift-dress/p/itmecgq89cyhsz5e?pid=DREECGQ8XDT5QSFA
flipkart,DREEA4DUZWJZQNEU,Women,Dresses,,MSMB Women's Shift Dress,909,1299,30,,,,https://img6a.flixcart.com/image/dress/y/7/e/1-1-mb0033b-msmb-s-original-imaea429ywnxnkzs.jpeg,https://www.flipkart.com/msmb-women-s-shift-dress/p/itmea4dtt374fwgz?pid=DREEA4DUZWJZQNEU
flipkart,DREE6VTRBEX44KBP,Women,Dresses,,Hugo Chavez Women's Maxi Dress,997,2499,60,1.0,,,https://img5a.flixcart.com/image/dress/n/z/k/1-1-hc1423-hugo-chavez-s-original-imae6vdfnwueyd7j.jpeg,https://www.flipkart.com/hugo-chavez-women-s-maxi-dress/p/itme6vtrj9txwxcx?pid=DREE6VTRBEX44KBP
flipkart,DREE6BX5XNMBHGWZ,Women,Dresses,,Mona Vora Women's A-line Dress,750,1750,57,,,,https://img6a.flixcart.com/image/dress/g/w/z/1-1-mv86-mona-vora-xxl-original-imae6bg7az9k2xvc.jpeg,https://www.flipkart.com/mona-vora-women-s-a-line-dress/p/itme6bx5fbjfyyww?pid=DREE6BX5XNMBHGWZ
flipkart,DREE7GUQG4WMVEN7,Women,Dresses,,Latin Quarters Women's Gathered Dress,840,2100,60,,,,https://img6a.flixcart.com/image/dress/m/a/4/1-1-lqd3763-peach-latin-quarters-m-original-imae7gqghejfyhcd.jpeg,https://www.flipkart.com/latin-quarters-women-s-gathered-dress/p/itme7guqwtm4xxf7?pid=DREE7GUQG4WMVEN7
flipkart,DREE8RTHV24NKRJS,Women,Dresses,,Ishin Designer Studio Women's A-line Dress,799,1149,30,,,,https://img6a.flixcart.com/image/dress/y/j/u/1-1-indwt-5139-ishin-xxl-original-imae8rhcd6fc6qj7.jpeg,https://www.flipkart.com/ishin-designer-studio-women-s-a-line-dress/p/itme8rthhgfubthk?pid=DREE8RTHV24NKRJS
flipkart,DREEBCF89BPFGHGD,Women,Dresses,,Jaipur Craft Shop Women's Empire Waist Dress,749,899,17,,,,https://img6a.flixcart.com/image/dress/h/g/d/1-1-dress0001-jaipur-craft-shop-m-original-imaeb6sy2f6hvhnt.jpeg,https://www.flipkart.com/jaipur-craft-shop-women-s-empire-waist-dress/p/itmebcf8qvrvnqf3?pid=DREEBCF89BPFGHGD
flipkart,DREECCMNMNBWJUMX,Women,Dresses,,Maggie Women's A-line Dress,999,2599,62,5.0,,,https://img5a.flixcart.com/image/dress/g/j/f/1-1-mg274-maggie-48-original-imaeccanhd5ffrj4.jpeg,https://www.flipkart.com/maggie-women-s-a-line-dress/p/itmeccmn5tdxdmbd?pid=DREECCMNMNBWJUMX
flipkart,DREEAZ4HUYXZK872,Women,Dresses,,Mariemillie Women's High Low Dress,898,1199,25,,,,https://img5a.flixcart.com/image/dress/p/r/8/1-1-mms15s0741-black-f-mariemillie-m-original-imaea8syyt8rnzxs.jpeg,https://www.flipkart.com/mariemillie-women-s-high-low-dress/p/itmeaz4guregwhjf?pid=DREEAZ4HUYXZK872
flipkart,DREE5M4ZGQHEQQU7,Women,Dresses,,Indi Bargain Women's A-line Dress,699,1569,55,,,,https://img6a.flixcart.com/image/dress/q/u/7/1-1-113maroon-indi-bargain-free-1000x1000-imae5n5qqftxjd42.jpeg,https://www.flipkart.com/indi-bargain-women-s-a-line-dress/p/itme5m4zzswpyuqq?pid=DREE5M4ZGQHEQQU7
flipkart,DREE2J3FEARC9QUN,Women,Dresses,,Indi Bargain Women's Gathered Dress,899,1799,50,,,,https://img6a.flixcart.com/image/dress/q/u/n/ibls016g-indi-bargain-free-original-imae2gyuwj8z3dzd.jpeg,https://www.flipkart.com/indi-bargain-women-s-gathered-dress/p/itme2j3f2ufmhjfs?pid=DREE2J3FEARC9QUN
flipkart,DREE87GTZNUGNYP9,Women,Dresses,,Meiro Women's High Low Dress,799,1599,50,,,,https://img6a.flixcart.com/image/dress/7/h/x/1-1-15139blk-meiro-l-original-imae87cfvfgb3xxd.jpeg,https://www.flipkart.com/meiro-women-s-high-low-dress/p/itme87gtukhh6unq?pid=DREE87GTZNUGNYP9
flipkart,DREE7MGNTWZAV2VC,Women,Dresses,,Miss India Women's Shift Dress,949,1799,47,,,,https://img5a.flixcart.com/image/dress/2/v/c/1-1-mibflop-s-miss-india-s-original-imae7h8g62rfpyfr.jpeg,https://www.flipkart.com/miss-india-women-s-shift-dress/p/itme7mgznh5qz6rn?pid=DREE7MGNTWZAV2VC
flipkart,DREEAXE3JNKZDGDM,Women,Dresses,,Hugo Chavez Women's A-line Dress,739,2499,70,,,,https://img6a.flixcart.com/image/dress/h/x/e/1-1-hc1602dupq-hugo-chavez-xxl-original-imaeaszayryyebdh.jpeg,https://www.flipkart.com/hugo-chavez-women-s-a-line-dress/p/itmeaxe3buhh65yn?pid=DREEAXE3JNKZDGDM
flipkart,DREE9HZGGRRHS2SW,Women,Dresses,,Indiatrendzs Women's A-line Dress,659,1648,60,,,,https://img6a.flixcart.com/image/dress/2/s/w/1-1-f-stok-562-indiatrendzs-5xl-original-imae9hdzfwmzrjhx.jpeg,https://www.flipkart.com/indiatrendzs-women-s-a-line-dress/p/itme9hzg7jhkjb6e?pid=DREE9HZGGRRHS2SW
flipkart,DREE6DPHG6R4TWRZ,Women,Dresses,,Martini Women's Gathered Dress,686,980,30,,,,https://img6a.flixcart.com/image/dress/w/r/z/1-1-mart1417-martini-l-original-imae6cmxrpzxdqdr.jpeg,https://www.flipkart.com/martini-women-s-gathered-dress/p/itme6dphj9hn2esf?pid=DREE6DPHG6R4TWRZ
flipkart,DREE63YVZCK4JGM7,Women,Dresses,,Motif Women's A-line Dress,870,1740,50,,,,https://img5a.flixcart.com/image/dress/j/h/q/1-1-a367-motif-m-original-imae5x8wj7jc2r7s.jpeg,https://www.flipkart.com/motif-women-s-a-line-dress/p/itme63yunbfzyayt?pid=DREE63YVZCK4JGM7
flipkart,DREE9G8CPJZD3FQY,Women,Dresses,,La Stella Women's Shift Dress,979,1399,30,,,,https://img6a.flixcart.com/image/dress/3/8/h/1-1-wr15117-blk-la-stella-s-original-imae9h4frj8ne3zz.jpeg,https://www.flipkart.com/la-stella-women-s-shift-dress/p/itme9g8cpn4hgfft?pid=DREE9G8CPJZD3FQY
flipkart,DREEBXPCSAAPXUYT,Women,Dresses,,Honey by Pantaloons Women's A-line Dress,779,1199,35,,,,https://img5a.flixcart.com/image/dress/u/y/t/1-1-301236203orange-honey-by-pantaloons-xl-original-imaebvz4fzxqhtxf.jpeg,https://www.flipkart.com/honey-pantaloons-women-s-a-line-dress/p/itmebxpbqbsmydyp?pid=DREEBXPCSAAPXUYT
flipkart,DREDVC24FEG3PFGG,Women,Dresses,,Miss Chase Women's Sheath Dress,659,1099,40,,,,https://img6a.flixcart.com/image/dress/f/g/g/tp-mc-aw-12-d-01-02-01-miss-chase-xl-original-imadvc2wxqmyxprj.jpeg,https://www.flipkart.com/miss-chase-women-s-sheath-dress/p/itmdvc24hmfrbrwq?pid=DREDVC24FEG3PFGG
flipkart,DREECCMEZPBWRCFY,Women,Dresses,,Kamakshi Krafts Women's A-line Dress,799,1200,33,,,,https://img5a.flixcart.com/image/dress/e/h/z/1-1-flower-dress04-kamakshi-krafts-m-original-imaecb9ggxgrdp3c.jpeg,https://www.flipkart.com/kamakshi-krafts-women-s-a-line-dress/p/itmeccmeqagpkz3h?pid=DREECCMEZPBWRCFY
flipkart,DREE5ZCFSBQ3HPQM,Women,Dresses,,Indi Bargain Women's Maxi Dress,999,2249,56,,,,https://img6a.flixcart.com/image/dress/p/q/m/1-1-108violet-indi-bargain-free-original-imae5zh25nfzk5yj.jpeg,https://www.flipkart.com/indi-bargain-women-s-maxi-dress/p/itme5zc2yuhbzhnh?pid=DREE5ZCFSBQ3HPQM
flipkart,DREE7GTGWZHJ5GMH,Women,Dresses,,Latin Quarters Women's Shift Dress,796,1990,60,,,,https://img5a.flixcart.com/image/dress/f/m/t/1-1-lqd3917-red-latin-quarters-l-original-imae7gq5ytyxfxyt.jpeg,https://www.flipkart.com/latin-quarters-women-s-shift-dress/p/itme7gtg2x8psqzx?pid=DREE7GTGWZHJ5GMH
flipkart,DREEY9PFYAWYTCHK,Women,Dresses,,La Arista Women's Peplum Dress,749,1249,40,,,,https://img6a.flixcart.com/image/dress/g/u/k/apld023-la-arista-xs-original-imaeygkpjzrgwpjc.jpeg,https://www.flipkart.com/la-arista-women-s-peplum-dress/p/itmey9pfqvbr9suc?pid=DREEY9PFYAWYTCHK
flipkart,DREE98ASSKDWEZSR,Women,Dresses,,Limerence Women's A-line Dress,999,1499,33,,,,https://img5a.flixcart.com/image/dress/z/s/r/1-1-lapwcwd23bwh-limerence-free-original-imae983fphseptyz.jpeg,https://www.flipkart.com/limerence-women-s-a-line-dress/p/itme98asukfkhhgq?pid=DREE98ASSKDWEZSR
flipkart,DREEAHARVQVBWQJC,Women,Dresses,,LondonHouze Women's Sheath Dress,999,1999,50,,,,https://img5a.flixcart.com/image/dress/s/q/v/1-1-lhagd00120-londonhouze-m-1000x1000-imaeakz8pgzhn64c.jpeg,https://www.flipkart.com/londonhouze-women-s-sheath-dress/p/itmeaharzdnf7q3v?pid=DREEAHARVQVBWQJC
flipkart,DREE9CRGYBUGHGZG,Women,Dresses,,Meira Women's A-line Dress,699,1399,50,,,,https://img5a.flixcart.com/image/dress/u/y/z/1-1-mewt-1180-e-black-meira-xxl-original-imae9ben4rfmra4b.jpeg,https://www.flipkart.com/meira-women-s-a-line-dress/p/itme9crg86zjmgte?pid=DREE9CRGYBUGHGZG
flipkart,DREE5C9MGHCZZW9S,Women,Dresses,,Indi Bargain Women's A-line Dress,699,1799,61,,,,https://img5a.flixcart.com/image/dress/w/9/s/1-1-103brown-indi-bargain-free-original-imae5c4zdmtqe9qu.jpeg,https://www.flipkart.com/indi-bargain-women-s-a-line-dress/p/itme5c9mmvkhzfj3?pid=DREE5C9MGHCZZW9S
flipkart,DREE94JYGBPWMQ67,Women,Dresses,,Lady Heart Women's A-line Dress,925,3499,74,,,,https://img6a.flixcart.com/image/dress/q/6/7/1-1-lhbk4y-lady-heart-free-original-imae93qzxndfytpb.jpeg,https://www.flipkart.com/lady-heart-women-s-a-line-dress/p/itme94jyejz2b9ar?pid=DREE94JYGBPWMQ67
flipkart,DREE87GTNEFY272S,Women,Dresses,,Meiro Women's Peplum Dress,699,1399,50,,,,https://img5a.flixcart.com/image/dress/b/n/m/1-1-15138pink-meiro-3xl-original-imae87cfftknan87.jpeg,https://www.flipkart.com/meiro-women-s-peplum-dress/p/itme87gtgvkuargj?pid=DREE87GTNEFY272S
flipkart,DREE9HY9TRSHZHRP,Women,Dresses,,Londonhouze Women's A-line Dress,899,1799,50,,,,https://img6a.flixcart.com/image/dress/q/9/s/1-1-lhcoralck003-londonhouze-l-original-imae9dnfhbnez2kj.jpeg,https://www.flipkart.com/londonhouze-women-s-a-line-dress/p/itme9hyaamuhza5w?pid=DREE9HY9TRSHZHRP
flipkart,DREEB79FYDHVT5U9,Women,Dresses,,Kaamastra Women's Bandage Dress,999,1099,9,,,,https://img5a.flixcart.com/image/dress/5/u/9/1-1-lb5550-kaamastra-free-original-imaea8gatvzuheaq.jpeg,https://www.flipkart.com/kaamastra-women-s-bandage-dress/p/itmeb79fxmdspqhf?pid=DREEB79FYDHVT5U9
flipkart,DREECT3MPFDCTE7P,Women,Dresses,,Hoowks Trendz Women's Shift Dress,950,1500,37,,,,https://img6a.flixcart.com/image/dress/a/y/h/1-1-ht-06-hoowks-trendz-l-original-imaecsy33qgw4q54.jpeg,https://www.flipkart.com/hoowks-trendz-women-s-shift-dress/p/itmect3mfazv2ev9?pid=DREECT3MPFDCTE7P
flipkart,DREE8FZ3TSQF29KS,Women,Dresses,,Instacrush Women's A-line Dress,699,999,30,,,,https://img6a.flixcart.com/image/dress/a/a/f/1-1-fs-040-e-instacrush-m-original-imae8f9bu3rnq3mu.jpeg,https://www.flipkart.com/instacrush-women-s-a-line-dress/p/itme8fz3z7zbmcgj?pid=DREE8FZ3TSQF29KS
flipkart,DREE8UGV5YEBQKJS,Women,Dresses,,Indi Bargain Women's A-line Dress,899,1799,50,,,,https://img6a.flixcart.com/image/dress/k/j/s/1-1-119orange-indi-bargain-free-original-imae8ubae28mbufj.jpeg,https://www.flipkart.com/indi-bargain-women-s-a-line-dress/p/itme8ugwkdtmrzbp?pid=DREE8UGV5YEBQKJS
flipkart,DREEAXE3W4GCYENW,Women,Dresses,,Hugo Chavez Women's Bandage Dress,797,2499,68,5.0,,,https://img5a.flixcart.com/image/dress/z/t/9/1-1-hc1590dupq-hugo-chavez-l-original-imaeaszaahecgrv9.jpeg,https://www.flipkart.com/hugo-chavez-women-s-bandage-dress/p/itmeaxe3d6rk2zsp?pid=DREEAXE3W4GCYENW
flipkart,DREDZPX3WCZ2GKGH,Women,Dresses,,Miss Chase Women's Bandage Dress,959,1599,40,,,,https://img5a.flixcart.com/image/dress/f/p/j/1-1-mc-s-14-d-01-33-103-miss-chase-xl-original-imadzw6hcdak3zjg.jpeg,https://www.flipkart.com/miss-chase-women-s-bandage-dress/p/itmdzpx337dwdmeg?pid=DREDZPX3WCZ2GKGH
flipkart,DREDWYJ9NYYYTKZD,Women,Dresses,,Hermosear Women's Empire Waist Dress,795,1599,50,,,,https://img6a.flixcart.com/image/dress/n/t/a/1143-purple-hermosear-m-original-imadwyk8hf57dhpy.jpeg,https://www.flipkart.com/hermosear-women-s-empire-waist-dress/p/itmdwyj96g2f5mev?pid=DREDWYJ9NYYYTKZD
flipkart,DREECHMGM7Y4YEDK,Women,Dresses,,India Inc Women's Maxi Dress,899,1699,47,,,,https://img5a.flixcart.com/image/dress/p/k/j/1-1-24044tq2-india-inc-m-original-imaecjxmsvydnqmz.jpeg,https://www.flipkart.com/india-inc-women-s-maxi-dress/p/itmechmgg5x3ytzz?pid=DREECHMGM7Y4YEDK
flipkart,DREEFYYFU2SPDAZS,Women,Dresses,,Meira Women's Maxi Dress,699,1399,50,,,,https://img6a.flixcart.com/image/dress/m/k/s/mewt-1099-meira-s-original-imaefxzgrxtbuffq.jpeg,https://www.flipkart.com/meira-women-s-maxi-dress/p/itmefyyf2my2z2n2?pid=DREEFYYFU2SPDAZS
flipkart,DREDZZVYPUS4UDYA,Women,Dresses,,Ladybug Women's A-line Dress,999,999,,,,,https://img5a.flixcart.com/image/dress/s/c/d/lbd472-ladybug-xl-original-imaeym4vngsfyeqp.jpeg,https://www.flipkart.com/ladybug-women-s-a-line-dress/p/itmdzzvygchrebfs?pid=DREDZZVYPUS4UDYA
flipkart,DREEAY5YCZ3WYSMD,Women,Dresses,,Indiatrendzs Women's Maxi Dress,648,1725,62,,,,https://img5a.flixcart.com/image/dress/s/m/d/1-1-mg-poncho-37-indiatrendzs-4xl-original-imae9ymzhq9u7g6f.jpeg,https://www.flipkart.com/indiatrendzs-women-s-maxi-dress/p/itmeay5y8zyajdxj?pid=DREEAY5YCZ3WYSMD
flipkart,DREEYRF9YZYRFPYT,Women,Dresses,,Meee Women's Shift Dress,647,1295,50,,,,https://img6a.flixcart.com/image/dress/x/r/p/dr-006aqua-meee-xl-original-imae8knygbkgah6c.jpeg,https://www.flipkart.com/meee-women-s-shift-dress/p/itmeyrf9hhs26mf8?pid=DREEYRF9YZYRFPYT
flipkart,DREE3HGEK7VH4ZWP,Women,Dresses,,Miss Chase Women's A-line Dress,959,1599,40,1.0,,,https://img6a.flixcart.com/image/dress/z/w/p/mcaw14d02-69-98-miss-chase-s-original-imae3gbqrjygngpt.jpeg,https://www.flipkart.com/miss-chase-women-s-a-line-dress/p/itme3hgekeqr7gzs?pid=DREE3HGEK7VH4ZWP
flipkart,DREE8Z6DWCNSVSJS,Women,Top,,Insense by Shoppers Stop Women's Maxi Dress,,,,,,,https://img6a.flixcart.com/image/dress/g/p/y/1-1-9898492-9212-insense-by-shoppers-stop-xs-original-imae8z9yq8zpzzzg.jpeg,https://www.flipkart.com/insense-shoppers-stop-women-s-maxi-dress/p/itme8z6dxa2rj2y2?pid=DREE8Z6DWCNSVSJS
flipkart,DREE46ZEHAFQ2EUW,Women,Dresses,,Max Women's Empire Waist Dress,799,799,,,,,https://img5a.flixcart.com/image/dress/w/r/2/1-1-christinablue-max-xxl-original-imae4u79tq7bfcmz.jpeg,https://www.flipkart.com/max-women-s-empire-waist-dress/p/itme46zfwyvxta9z?pid=DREE46ZEHAFQ2EUW
flipkart,DREE8H6N5PZSQFE7,Women,Dresses,,Inmark Women's A-line Dress,658,1099,40,,,,https://img6a.flixcart.com/image/dress/j/r/m/1-1-indr000044-green-f-inmark-xs-original-imae82waeg2kfk2e.jpeg,https://www.flipkart.com/inmark-women-s-a-line-dress/p/itme8h6nghms4rkw?pid=DREE8H6N5PZSQFE7
flipkart,DREE6ZCHWDWFWGGS,Women,Dresses,,Jaipur Kala Kendra Women's A-line Dress,749,1499,50,,,,https://img5a.flixcart.com/image/dress/g/g/s/1-1-jvp2905org-jaipur-kala-kendra-m-original-imae6nueg5dwghh5.jpeg,https://www.flipkart.com/jaipur-kala-kendra-women-s-a-line-dress/p/itme6zchssffds4u?pid=DREE6ZCHWDWFWGGS
flipkart,DREE9EHEWXZYSCDU,Women,Dresses,,Maggie Women's Shift Dress,799,1899,58,5.0,,,https://img6a.flixcart.com/image/dress/c/d/u/1-1-mg11-maggie-m-original-imae9drr5z7hph2n.jpeg,https://www.flipkart.com/maggie-women-s-shift-dress/p/itme9ehegppaxgg3?pid=DREE9EHEWXZYSCDU
flipkart,DREDZHYUNBFXRK3H,Women,Dresses,,Karishma Women's A-line Dress,699,1999,65,4.0,,,https://img5a.flixcart.com/image/dress/p/j/s/kf-416-karishma-m-original-imadznutwczkwzq9.jpeg,https://www.flipkart.com/karishma-women-s-a-line-dress/p/itmdzhyujhhhrecg?pid=DREDZHYUNBFXRK3H
flipkart,DREECCMNWCGEMQYP,Women,Dresses,,Maggie Women's Maxi Dress,899,2999,70,5.0,,,https://img6a.flixcart.com/image/dress/a/j/x/1-1-mg278-maggie-44-original-imaeccanwzsgpmbz.jpeg,https://www.flipkart.com/maggie-women-s-maxi-dress/p/itmeccmnhe9n2329?pid=DREECCMNWCGEMQYP
flipkart,DREEAXE3VAX3GY9Y,Women,Dresses,,Hugo Chavez Women's Sheath Dress,997,2499,60,3.0,,,https://img5a.flixcart.com/image/dress/d/f/b/1-1-hc1594dupq-hugo-chavez-xxl-original-imaeaszazcgrv6f5.jpeg,https://www.flipkart.com/hugo-chavez-women-s-sheath-dress/p/itmeaxe3q9gbuf94?pid=DREEAXE3VAX3GY9Y
flipkart,DREE8FH9ZSJJ5YHF,Women,Dresses,,L'Elegantae Women's A-line Dress,749,1499,50,,,,https://img6a.flixcart.com/image/dress/y/h/f/1-1-ele-ss-15-351-l-elegantae-xxl-original-imae8fb9aa8qshbb.jpeg,https://www.flipkart.com/l-elegantae-women-s-a-line-dress/p/itme8fh9fh9gjbmj?pid=DREE8FH9ZSJJ5YHF
flipkart,DREE8FWR542TYSH5,Women,Dresses,,Latin Quarters Women's Shift Dress,756,1890,60,,,,https://img6a.flixcart.com/image/dress/b/4/z/1-1-lqd3415-plum-latin-quarters-xl-original-imae8gb3mxhvbgq2.jpeg,https://www.flipkart.com/latin-quarters-women-s-shift-dress/p/itme8fwq5kcrqjdd?pid=DREE8FWR542TYSH5
flipkart,DREEBPE8ERZCYPNA,Women,Dresses,,Juniper Women's Empire Waist Dress,749,1499,50,,,,https://img6a.flixcart.com/image/dress/p/n/a/1-1-30613black-white-juniper-s-original-imaebzyfrkygk34a.jpeg,https://www.flipkart.com/juniper-women-s-empire-waist-dress/p/itmebpe7jtzzawcw?pid=DREEBPE8ERZCYPNA
flipkart,DREE7GTGW5GAX4GZ,Women,Dresses,,Latin Quarters Women's A-line Dress,860,2150,60,,,,https://img6a.flixcart.com/image/dress/s/x/8/1-1-lqd3550-coral-latin-quarters-xs-original-imae7gq5yfzryqf5.jpeg,https://www.flipkart.com/latin-quarters-women-s-a-line-dress/p/itme7gtgbnmqptza?pid=DREE7GTGW5GAX4GZ
flipkart,DREEAGZYZRQJHSFE,Women,Dresses,,Kasturi Women's Gathered Dress,699,2399,71,,,,https://img5a.flixcart.com/image/dress/c/2/u/1-1-kasg-83-kasturi-l-original-imaeahj4dv95kbv8.jpeg,https://www.flipkart.com/kasturi-women-s-gathered-dress/p/itmeagzyndnpxztu?pid=DREEAGZYZRQJHSFE
flipkart,DREE9R3RXGYMEYXU,Women,Dresses,,House Of Tantrums Women's Shift Dress,699,999,30,,,,https://img6a.flixcart.com/image/dress/y/x/u/1-1-drs016-house-of-tantrums-s-original-imae9qy5s64hkeqz.jpeg,https://www.flipkart.com/house-tantrums-women-s-shift-dress/p/itme9r3rbgbarddq?pid=DREE9R3RXGYMEYXU
flipkart,DREEBMGMTXPQEAHZ,Women,Dresses,,L'appel Du Vide Women's Shift Dress,699,1599,56,,,,https://img5a.flixcart.com/image/dress/a/h/z/1-1-spdr-bl-13-l-appel-du-vide-l-original-imaebgqgk3kbxfqe.jpeg,https://www.flipkart.com/l-appel-du-vide-women-s-shift-dress/p/itmebmgmnvymhnwh?pid=DREEBMGMTXPQEAHZ
flipkart,DREEBQBXZVUJQTQQ,Women,Dresses,,Heart Made Women's Gathered Dress,750,1500,50,,,,https://img6a.flixcart.com/image/dress/n/q/h/1-1-hmd-86-b-heart-made-xl-original-imaebzyejekgbnje.jpeg,https://www.flipkart.com/heart-made-women-s-gathered-dress/p/itmebqbxpmymeyk8?pid=DREEBQBXZVUJQTQQ
flipkart,DREE36FNVWHKJQG2,Women,Dresses,,Mayra Women's Shift Dress,799,1995,60,,,,https://img6a.flixcart.com/image/dress/q/g/2/15d019006-mayra-s-1100x1360-imae2x6tc3wx22pz.jpeg,https://www.flipkart.com/mayra-women-s-shift-dress/p/itme36fmnmzjsey7?pid=DREE36FNVWHKJQG2
flipkart,DREECGQ8Y4WC3QU5,Women,Dresses,,Mayra Women's Maxi Dress,899,995,10,,,,https://img6a.flixcart.com/image/dress/q/u/5/1-1-1510d19242-mayra-l-original-imaechzytxcxwmq4.jpeg,https://www.flipkart.com/mayra-women-s-maxi-dress/p/itmecgq8jtmg5fgh?pid=DREECGQ8Y4WC3QU5
flipkart,DREDZZVYZB4V9DGN,Women,Dresses,,Ladybug Women's A-line Dress,899,899,,4.0,,,https://img5a.flixcart.com/image/dress/7/a/g/lbd478-ladybug-s-original-imaeym4rucw2xj6f.jpeg,https://www.flipkart.com/ladybug-women-s-a-line-dress/p/itmdzzvyu9d2jabs?pid=DREDZZVYZB4V9DGN
flipkart,DREE6D3EH72SVHZH,Women,Dresses,,Hugo Chavez Women's Maxi Dress,997,2499,60,,,,https://img6a.flixcart.com/image/dress/v/r/m/1-1-hc1362-hugo-chavez-m-original-imae6bfqm4ajcy6t.jpeg,https://www.flipkart.com/hugo-chavez-women-s-maxi-dress/p/itme6d3eg4y82dg2?pid=DREE6D3EH72SVHZH
flipkart,DREDQW5KQHTJGA2G,Women,Dresses,,Identiti Women's Layered Dress,899,1199,25,,,,https://img6a.flixcart.com/image/dress/z/u/4/851-3186-identiti-36-original-imadqwx8hgsenzrh.jpeg,https://www.flipkart.com/identiti-women-s-layered-dress/p/itmdqw5hvhxfxqz2?pid=DREDQW5KQHTJGA2G
flipkart,DREE6UDP3PEYZDTZ,Women,Dresses,,Inmark Women's Empire Waist Dress,718,1199,40,,,,https://img6a.flixcart.com/image/dress/n/j/g/1-1-indr000098-blue-f-inmark-l-original-imae6scytzurzrbe.jpeg,https://www.flipkart.com/inmark-women-s-empire-waist-dress/p/itme6udprywnzy6z?pid=DREE6UDP3PEYZDTZ
flipkart,DREDZT5XUWMK2MJ9,Women,Dresses,,IDK Woman Women's Shift Dress,958,1599,40,,,,https://img5a.flixcart.com/image/dress/v/6/y/kw05-dr-112-113-multi-colour-f-idk-woman-8-original-imadzu8emczh7pnm.jpeg,https://www.flipkart.com/idk-woman-women-s-shift-dress/p/itmdzt5wwque7gxh?pid=DREDZT5XUWMK2MJ9
flipkart,DREEBMGNXJWYBEKS,Women,Dresses,,L'appel Du Vide Women's Shift Dress,,,,,,,https://img6a.flixcart.com/image/dress/u/d/d/1-1-spdr-r-12-l-appel-du-vide-m-original-imaebgqgqkppy4ad.jpeg,https://www.flipkart.com/l-appel-du-vide-women-s-shift-dress/p/itmebmgmszsqtynq?pid=DREEBMGNXJWYBEKS
flipkart,DREEAHARZGWGJGHG,Women,Dresses,,LondonHouze Women's A-line Dress,799,1499,47,,,,https://img5a.flixcart.com/image/dress/v/y/9/1-1-lhagd0025-londonhouze-s-original-imaeakz8gbth8g5g.jpeg,https://www.flipkart.com/londonhouze-women-s-a-line-dress/p/itmeaharjjfvrutd?pid=DREEAHARZGWGJGHG
flipkart,DREE6BX5PH7GWZAM,Women,Dresses,,Mona Vora Women's A-line Dress,750,1750,57,,,,https://img6a.flixcart.com/image/dress/z/a/m/1-1-mv90-mona-vora-m-original-imae6bg7g8ydhnge.jpeg,https://www.flipkart.com/mona-vora-women-s-a-line-dress/p/itme6bx5wkmmfgag?pid=DREE6BX5PH7GWZAM
flipkart,DREE6D3EXMS7DAZH,Women,Dresses,,Hugo Chavez Women's Maxi Dress,997,2499,60,3.7,,,https://img5a.flixcart.com/image/dress/3/6/t/1-1-hc1364-hugo-chavez-m-original-imae6bfqntyy5w6n.jpeg,https://www.flipkart.com/hugo-chavez-women-s-maxi-dress/p/itme6d3e6rbfxj3g?pid=DREE6D3EXMS7DAZH
flipkart,DREE6D3EAYAHMAPE,Women,Dresses,,Hugo Chavez Women's Maxi Dress,997,2499,60,4.2,,,https://img5a.flixcart.com/image/dress/7/z/j/1-1-hc1363-hugo-chavez-l-original-imae6bfq26wgkfkz.jpeg,https://www.flipkart.com/hugo-chavez-women-s-maxi-dress/p/itme6d3evxhrs8zd?pid=DREE6D3EAYAHMAPE
flipkart,DREEAXE3ZTQGWGJ8,Women,Dresses,,Hugo Chavez Women's Maxi Dress,997,2499,60,,,,https://img6a.flixcart.com/image/dress/s/f/g/1-1-hc1617dupq-hugo-chavez-m-original-imaeasza7wgvtpas.jpeg,https://www.flipkart.com/hugo-chavez-women-s-maxi-dress/p/itmeaxe3tawavhh2?pid=DREEAXE3ZTQGWGJ8
flipkart,DREEAZ4HZMZ4GWJR,Women,Dresses,,Mariemillie Women's Maxi Dress,973,1299,25,,,,https://img5a.flixcart.com/image/dress/d/n/h/1-1-mms14s0741-black-f-mariemillie-xl-original-imaea48tpqurmvcn.jpeg,https://www.flipkart.com/mariemillie-women-s-maxi-dress/p/itmeaz4gvjysdhrj?pid=DREEAZ4HZMZ4GWJR
flipkart,DREE8JUHY9YPVBFG,Women,Dresses,,Mayra Women's A-line Dress,799,1995,60,2.8,,,https://img6a.flixcart.com/image/dress/k/n/6/1-1-15d021918-mayra-l-original-imae88dz39mudxst.jpeg,https://www.flipkart.com/mayra-women-s-a-line-dress/p/itme8juhyh8kxnq2?pid=DREE8JUHY9YPVBFG
flipkart,DREEAZHMPSX9JX7N,Women,Dresses,,Miss Grace Women's A-line Dress,999,999,,,,,https://img5a.flixcart.com/image/dress/b/2/u/1-1-45402-pink-miss-grace-3xl-original-imaeazajbttz63bk.jpeg,https://www.flipkart.com/miss-grace-women-s-a-line-dress/p/itmeazhmhpxxsvk3?pid=DREEAZHMPSX9JX7N
flipkart,DREECK4GKG4FNNRS,Women,Dresses,,India Inc Women's Maxi Dress,799,1299,38,,,,https://img6a.flixcart.com/image/dress/z/s/f/1-1-002bwn-india-inc-l-original-imaecjxmqwgxshrt.jpeg,https://www.flipkart.com/india-inc-women-s-maxi-dress/p/itmeck4fecnwkfhk?pid=DREECK4GKG4FNNRS
flipkart,DREDV5CVNGUJZYVS,Women,Dresses,,I Am For You Women's A-line Dress,675,1499,55,,,,https://img6a.flixcart.com/image/dress/y/v/s/imfu-686-i-am-for-you-s-1100x1360-imadv8kua6maytbg.jpeg,https://www.flipkart.com/am-you-women-s-a-line-dress/p/itmdv5cvcgwjtxdt?pid=DREDV5CVNGUJZYVS
flipkart,DREECT3MQQ3R9CVY,Women,Dresses,,Hoowks Trendz Women's Shift Dress,950,1500,37,,,,https://img5a.flixcart.com/image/dress/c/v/y/1-1-ht-09-hoowks-trendz-m-original-imaecsyekypm3zsr.jpeg,https://www.flipkart.com/hoowks-trendz-women-s-shift-dress/p/itmect3myyrrjgvh?pid=DREECT3MQQ3R9CVY
flipkart,DREE5M4ZTEFMF4W5,Women,Dresses,,Indi Bargain Women's A-line Dress,699,1569,55,,,,https://img5a.flixcart.com/image/dress/4/w/5/1-1-113violet-indi-bargain-free-1000x1000-imae5n5qryewqsfe.jpeg,https://www.flipkart.com/indi-bargain-women-s-a-line-dress/p/itme5m4zxvrkznf3?pid=DREE5M4ZTEFMF4W5
flipkart,DREE8XZBYQGFY3UH,Women,Dresses,,Motif Women's A-line Dress,949,1898,50,,,,https://img6a.flixcart.com/image/dress/3/u/h/1-1-a513-motif-l-original-imae8vhktbuwpwmw.jpeg,https://www.flipkart.com/motif-women-s-a-line-dress/p/itme8xzbzg9dwybg?pid=DREE8XZBYQGFY3UH
flipkart,DREE92AZVUY9RHZG,Women,Dresses,,Ishin Women's Layered Dress,899,1699,47,,,,https://img5a.flixcart.com/image/dress/q/s/t/1-1-indwt-5132-ishin-xxl-original-imae8rhcnkz8nhmz.jpeg,https://www.flipkart.com/ishin-women-s-layered-dress/p/itme92azm7hhzygy?pid=DREE92AZVUY9RHZG
flipkart,DREDS7SAYK2DHZXA,Women,Dresses,,My Addiction Women's Sheath Dress,719,1199,40,,,,https://img5a.flixcart.com/image/dress/8/q/v/mwsd766d-my-addiction-s-original-imads7xnzqfraq8b.jpeg,https://www.flipkart.com/my-addiction-women-s-sheath-dress/p/itmds7sagmcgyy8c?pid=DREDS7SAYK2DHZXA
flipkart,DREEBQF7QMZVYNMB,Women,Dresses,,Kaxiaa Women's A-line Dress,999,999,,,,,https://img6a.flixcart.com/image/dress/e/8/5/1-1-k-918aco-kaxiaa-s-original-imaebpx8pchz6nju.jpeg,https://www.flipkart.com/kaxiaa-women-s-a-line-dress/p/itmebqf7cdbamkgq?pid=DREEBQF7QMZVYNMB
flipkart,DREEAZADFS2BYSY5,Women,Dresses,,Kaira Women's Bandage Dress,930,930,,,,,https://img5a.flixcart.com/image/dress/s/y/5/1-1-4002896a-kaira-xl-original-imaeam7hrhfmttab.jpeg,https://www.flipkart.com/kaira-women-s-bandage-dress/p/itmeazadtfewdgpz?pid=DREEAZADFS2BYSY5
flipkart,DREE9G8BU7547PTT,Women,Dresses,,La Stella Women's Shift Dress,979,1399,30,,,,https://img5a.flixcart.com/image/dress/p/t/t/1-1-wr15118-p-la-stella-xl-original-imae9h4fhcsz2bxm.jpeg,https://www.flipkart.com/la-stella-women-s-shift-dress/p/itme9g8bazweycct?pid=DREE9G8BU7547PTT
flipkart,DREDUDJKYY8PFJJZ,Women,Dresses,,Latin Quarters Women's Shift Dress,796,1990,60,5.0,,,https://img5a.flixcart.com/image/dress/d/e/y/lqd3574yellow-latin-quarters-m-original-imadv8hhzudqy8f3.jpeg,https://www.flipkart.com/latin-quarters-women-s-shift-dress/p/itmdudjk2ggazdey?pid=DREDUDJKYY8PFJJZ
flipkart,DREE6ZCHWMYTPCVS,Women,Dresses,,Jaipur Kala Kendra Women's A-line Dress,749,1499,50,,,,https://img6a.flixcart.com/image/dress/g/2/b/1-1-jvp2905wh-jaipur-kala-kendra-m-original-imae6nueask6qtq3.jpeg,https://www.flipkart.com/jaipur-kala-kendra-women-s-a-line-dress/p/itme6zchhrkntfd8?pid=DREE6ZCHWMYTPCVS
flipkart,DREEBG9BVE3UKSST,Women,Dresses,,Kiosha Women's A-line Dress,696,1599,56,,,,https://img6a.flixcart.com/image/dress/a/6/a/1-1-ktvda-522-kiosha-m-original-imaebgyyhm2xkpfu.jpeg,https://www.flipkart.com/kiosha-women-s-a-line-dress/p/itmebg9bznj6rvaf?pid=DREEBG9BVE3UKSST
flipkart,DREE2HZRSBUVT6CJ,Women,Dresses,,Meiro Women's Shift Dress,649,1299,50,,,,https://img6a.flixcart.com/image/dress/x/u/7/14102fushcia-meiro-xxl-original-imae2gkwg2kkffrx.jpeg,https://www.flipkart.com/meiro-women-s-shift-dress/p/itme2hzrmquggkgh?pid=DREE2HZRSBUVT6CJ
flipkart,DREE88KNZCHEBWSM,Women,Dresses,,Mayra Women's A-line Dress,799,1995,60,1.0,,,https://img6a.flixcart.com/image/dress/h/y/g/1-1-15d021922-mayra-xl-original-imae88du8ggz7f3y.jpeg,https://www.flipkart.com/mayra-women-s-a-line-dress/p/itme88knmfgwajfb?pid=DREE88KNZCHEBWSM
flipkart,DREEBASYTTAK7FRP,Women,Dresses,,Hermosear Women's A-line Dress,799,1899,58,,,,https://img6a.flixcart.com/image/dress/z/3/9/1-1-1395red-hermosear-s-original-imaebahbqsngzmta.jpeg,https://www.flipkart.com/hermosear-women-s-a-line-dress/p/itmebasygh2zfhre?pid=DREEBASYTTAK7FRP
flipkart,DREDQTKGZZBVH68X,Women,Dresses,,Ladybug Women's Dress,799,799,,,,,https://img5a.flixcart.com/image/dress/6/8/x/lbd393-ladybug-xs-original-imadqtnhsh8wjfkq.jpeg,https://www.flipkart.com/ladybug-women-s-dress/p/itmdqtkg8xfmk97v?pid=DREDQTKGZZBVH68X
flipkart,DREEBRD4HT5XNDPR,Women,Dresses,,Lifestyle Preview Women's Shift Dress,799,799,,,,,https://img6a.flixcart.com/image/dress/d/p/r/1-1-ss-5053-b-lifestyle-preview-xl-original-imaebzb9rfwyvqgr.jpeg,https://www.flipkart.com/lifestyle-preview-women-s-shift-dress/p/itmebrd3crpwz9xq?pid=DREEBRD4HT5XNDPR
flipkart,DREE8AQXPWYHDYGR,Women,Dresses,,Hugo Chavez Women's Peplum Dress,897,2499,64,5.0,,,https://img6a.flixcart.com/image/dress/4/c/h/1-1-hc1455-hugo-chavez-s-original-imae8absk8ut27wb.jpeg,https://www.flipkart.com/hugo-chavez-women-s-peplum-dress/p/itme8aqxjffpgtu2?pid=DREE8AQXPWYHDYGR
flipkart,DREE5TGRJWKBAURG,Women,Dresses,,Miss Chase Women's Bandage Dress,760,1899,60,5.0,,,https://img6a.flixcart.com/image/dress/q/9/9/1-1-mcaw14d02-84-62-miss-chase-xs-original-imae5stftq3vmtzv.jpeg,https://www.flipkart.com/miss-chase-women-s-bandage-dress/p/itme5tgrfepzz5mx?pid=DREE5TGRJWKBAURG
flipkart,DREE4PY5Z7Z6HNTP,Women,Dresses,,Hugo Chavez Women's Bandage Dress,797,2599,69,,,,https://img5a.flixcart.com/image/dress/c/k/n/na-na-hc1261-hugo-chavez-xxl-original-imae4zswhyxewmzy.jpeg,https://www.flipkart.com/hugo-chavez-women-s-bandage-dress/p/itme4py5ce5zjynq?pid=DREE4PY5Z7Z6HNTP
flipkart,DREE8FWRAYKKFBQQ,Women,Dresses,,Latin Quarters Women's A-line Dress,876,2190,60,,,,https://img6a.flixcart.com/image/dress/b/q/q/1-1-lqd3941-blue-navy-latin-quarters-m-original-imae8gb4pfbhufhk.jpeg,https://www.flipkart.com/latin-quarters-women-s-a-line-dress/p/itme8fwrgu39fdyb?pid=DREE8FWRAYKKFBQQ
flipkart,DREEBD64YRVSEBWU,Women,Dresses,,Loco En Cabeza Women's Layered Dress,999,1749,43,,,,https://img5a.flixcart.com/image/dress/q/w/a/1-1-czwd0045-loco-en-cabeza-l-1000x1000-imaebcsysp5gzbwy.jpeg,https://www.flipkart.com/loco-cabeza-women-s-layered-dress/p/itmebd64hhxhyhux?pid=DREEBD64YRVSEBWU
flipkart,DREECCMNACW7K73W,Women,Dresses,,Maggie Women's Gathered Dress,999,2499,60,5.0,,,https://img6a.flixcart.com/image/dress/7/3/w/1-1-mg202-maggie-36-original-imaechwwaezqzuky.jpeg,https://www.flipkart.com/maggie-women-s-gathered-dress/p/itmeccmn6thfruqw?pid=DREECCMNACW7K73W
flipkart,DREEAF9GUWAY8DZS,Women,Dresses,,Hugo Chavez Women's A-line Dress,757,2499,70,,,,https://img5a.flixcart.com/image/dress/d/z/s/1-1-hc1573-hugo-chavez-l-original-imaeaf64sewafksz.jpeg,https://www.flipkart.com/hugo-chavez-women-s-a-line-dress/p/itmeaf9gqzp4e7f2?pid=DREEAF9GUWAY8DZS
flipkart,DREEAY8QYVQ6KWBE,Women,Dresses,,India Inc Women's A-line Dress,699,1199,42,,,,https://img5a.flixcart.com/image/dress/6/d/v/1-1-01bwn-india-inc-m-original-imae9s7hakkpy4eh.jpeg,https://www.flipkart.com/india-inc-women-s-a-line-dress/p/itmeay8qb9nnfcnj?pid=DREEAY8QYVQ6KWBE
flipkart,DREDUA8QVGCSXWAV,Women,Dresses,,Ladybug Women's Shift Dress,839,1199,30,,,,https://img6a.flixcart.com/image/dress/p/y/2/lbd437-ladybug-xs-original-imaduac5mp85mg3b.jpeg,https://www.flipkart.com/ladybug-women-s-shift-dress/p/itmdua8qzdhe9psc?pid=DREDUA8QVGCSXWAV
flipkart,DREE7M75WMJCGDQY,Women,Dresses,,Label VR Women's Gathered Dress,659,1099,40,,,,https://img5a.flixcart.com/image/dress/d/q/y/1-1-vrs1540-label-vr-m-original-imae7h7mm5yc3zcy.jpeg,https://www.flipkart.com/label-vr-women-s-gathered-dress/p/itme7m75ttqxb7ag?pid=DREE7M75WMJCGDQY
flipkart,DREE43HFHSSMAZS8,Women,Dresses,,Meraki Women's A-line Dress,649,850,24,,,,https://img5a.flixcart.com/image/dress/z/s/8/meraki003-meraki-m-original-imae43eyzfgexgcz.jpeg,https://www.flipkart.com/meraki-women-s-a-line-dress/p/itme43hf9rkxrzhh?pid=DREE43HFHSSMAZS8
flipkart,DREDZPX39ARFDBGH,Women,Dresses,,Miss Chase Women's Bandage Dress,640,1599,60,,,,https://img6a.flixcart.com/image/dress/b/g/h/1-1-mc-s-14-d-01-34-62-miss-chase-xl-original-imadzw6zd8fkzfjy.jpeg,https://www.flipkart.com/miss-chase-women-s-bandage-dress/p/itmdzpx3km8xtqhz?pid=DREDZPX39ARFDBGH
flipkart,DREE9Q9UMVPHAAM4,Women,Dresses,,Instinct Women's A-line Dress,630,1250,50,,,,https://img5a.flixcart.com/image/dress/z/z/q/1-1-a2263n-instinct-l-original-imae9qxwtsugvdj9.jpeg,https://www.flipkart.com/instinct-women-s-a-line-dress/p/itme9q9vsn22rb8y?pid=DREE9Q9UMVPHAAM4
flipkart,DREE9MFS27JGYEYZ,Women,Dresses,,Indiatrendzs Women's Gathered Dress,755,1388,46,,,,https://img5a.flixcart.com/image/dress/e/y/z/1-1-f-stok-569-indiatrendzs-xxs-original-imae9hdvwzbst3mt.jpeg,https://www.flipkart.com/indiatrendzs-women-s-gathered-dress/p/itme9mfsrwgzkwjp?pid=DREE9MFS27JGYEYZ
flipkart,DREDVC24VGNSAKFZ,Women,Dresses,,Miss Chase Women's High Low Dress,620,1549,60,3.7,,,https://img6a.flixcart.com/image/dress/e/h/j/mc-s-14-d-01-21-71-miss-chase-xs-original-imadvc2w4kzpja9d.jpeg,https://www.flipkart.com/miss-chase-women-s-high-low-dress/p/itmdvc24mjmpmzt7?pid=DREDVC24VGNSAKFZ
flipkart,DREE9Q5XTZXZ4G3S,Women,Dresses,,Msons Women's A-line Dress,742,1742,57,,,,https://img6a.flixcart.com/image/dress/5/x/z/1-1-min0159-msons-s-original-imae9pvragsxvh3p.jpeg,https://www.flipkart.com/msons-women-s-a-line-dress/p/itme9q5xv5y5v4um?pid=DREE9Q5XTZXZ4G3S
flipkart,DREE8SXG3JHPGKZA,Women,Dresses,,India Inc Women's Empire Waist Dress,699,1499,53,,,,https://img6a.flixcart.com/image/dress/x/p/5/1-1-md0011-india-inc-xl-original-imae8sfkenezcj9n.jpeg,https://www.flipkart.com/india-inc-women-s-empire-waist-dress/p/itme8sxgnzp7nmwn?pid=DREE8SXG3JHPGKZA
flipkart,DREE89GHBJZZBGFZ,Women,Dresses,,Ladybug Women's Shift Dress,849,849,,,,,https://img6a.flixcart.com/image/dress/u/c/h/1-1-lbd527-ladybug-xs-original-imae89eh9jvfguc3.jpeg,https://www.flipkart.com/ladybug-women-s-shift-dress/p/itme89ghmrhamnhz?pid=DREE89GHBJZZBGFZ
flipkart,DREEARU9CNFR3GZZ,Women,Dresses,,Magnetic Designs Women's Maxi Dress,769,1099,30,,,,https://img6a.flixcart.com/image/dress/h/v/h/1-1-mddr419-magnetic-designs-l-original-imaearjh6gqectud.jpeg,https://www.flipkart.com/magnetic-designs-women-s-maxi-dress/p/itmearu92evrkz9b?pid=DREEARU9CNFR3GZZ
flipkart,DREE7GUQUWUHCWEJ,Women,Dresses,,Latin Quarters Women's A-line Dress,796,1990,60,,,,https://img5a.flixcart.com/image/dress/y/p/a/1-1-lqd3758-green-latin-quarters-l-original-imae7gqgjfbhhj9g.jpeg,https://www.flipkart.com/latin-quarters-women-s-a-line-dress/p/itme7guqn6yfu8y8?pid=DREE7GUQUWUHCWEJ
flipkart,DREE7G2FXHSVQEG8,Women,Dresses,,Miss India Women's Gathered Dress,949,1799,47,,,,https://img6a.flixcart.com/image/dress/e/g/8/1-1-miwpop-s-miss-india-s-original-imae7fxvngp4egvm.jpeg,https://www.flipkart.com/miss-india-women-s-gathered-dress/p/itme7g2fc82whbqw?pid=DREE7G2FXHSVQEG8
flipkart,DREE6UDPXFYZMHGX,Women,Dresses,,Inmark Women's Empire Waist Dress,778,1299,40,,,,https://img6a.flixcart.com/image/dress/z/n/x/1-1-indr000104-multi-f-inmark-l-original-imae6scydh6247es.jpeg,https://www.flipkart.com/inmark-women-s-empire-waist-dress/p/itme6udpaz9xztvm?pid=DREE6UDPXFYZMHGX
flipkart,DREE6UDPZWYUGDSN,Women,Dresses,,Inmark Women's A-line Dress,658,1099,40,,,,https://img5a.flixcart.com/image/dress/x/j/b/1-1-indr000096-black-f-inmark-l-original-imae6scyurexg54s.jpeg,https://www.flipkart.com/inmark-women-s-a-line-dress/p/itme6udpzx4dz9cm?pid=DREE6UDPZWYUGDSN
flipkart,DREEYBUWQ4BWGKZG,Women,Dresses,,Miss Chase Women's A-line Dress,680,1699,60,,,,https://img5a.flixcart.com/image/dress/k/z/g/1-1-mc-pf-13-d-01-01-20-miss-chase-xl-original-imadzs4ggp26atac.jpeg,https://www.flipkart.com/miss-chase-women-s-a-line-dress/p/itmeybuwvzwyr65h?pid=DREEYBUWQ4BWGKZG
flipkart,DREE6YHWZMYWC6DC,Women,Dresses,,Imara Women's A-line Dress,999,999,,,,,https://img5a.flixcart.com/image/dress/2/v/j/1-1-sbk627bpink-imara-s-original-imae52haz3qexqbv.jpeg,https://www.flipkart.com/imara-women-s-a-line-dress/p/itme6yhwaqbyt32z?pid=DREE6YHWZMYWC6DC
flipkart,DREE8UGV234TMGDZ,Women,Dresses,,Indi Bargain Women's A-line Dress,699,1799,61,,,,https://img5a.flixcart.com/image/dress/g/d/z/1-1-115green-indi-bargain-free-original-imae8uba37mvfxgn.jpeg,https://www.flipkart.com/indi-bargain-women-s-a-line-dress/p/itme8ugwq3yjrsse?pid=DREE8UGV234TMGDZ
flipkart,DREEADBTNB5HX2EH,Women,Dresses,,Kamakshi Krafts Women's A-line Dress,799,1000,20,,,,https://img6a.flixcart.com/image/dress/2/e/h/1-1-mutli-colour03-kamakshi-krafts-xl-1000x1000-imaeaee4gb64tjb3.jpeg,https://www.flipkart.com/kamakshi-krafts-women-s-a-line-dress/p/itmeadbtmxggcr79?pid=DREEADBTNB5HX2EH
flipkart,DREDUZRKMF54XMGV,Women,Dresses,,I Am For You Women's A-line Dress,699,1499,53,,,,https://img5a.flixcart.com/image/dress/e/h/d/imfu-fk-062-i-am-for-you-m-1100x1360-imaduzth6rackygr.jpeg,https://www.flipkart.com/am-you-women-s-a-line-dress/p/itmduzrkhny5gazy?pid=DREDUZRKMF54XMGV
flipkart,DREEYBUXK2JCCGMA,Women,Dresses,,Miss Chase Women's A-line Dress,960,2399,60,,,,https://img5a.flixcart.com/image/dress/3/7/g/mc-s-14-d-02-54-20-miss-chase-m-original-imadzs4gtc72mt45.jpeg,https://www.flipkart.com/miss-chase-women-s-a-line-dress/p/itmeybuwyyxzxxbw?pid=DREEYBUXK2JCCGMA
flipkart,DREDZZTUSAHPHGUS,Women,Dresses,,Karishma Women's A-line Dress,,,,4.0,,,https://img5a.flixcart.com/image/dress/h/5/p/kf-304-karishma-s-original-imaey7zz2zy3ysnf.jpeg,https://www.flipkart.com/karishma-women-s-a-line-dress/p/itmdzztunfcwdtqr?pid=DREDZZTUSAHPHGUS
flipkart,DREEAB2FTG8PGXWJ,Women,Dresses,,Just Wow Women's A-line Dress,999,2100,52,,,,https://img5a.flixcart.com/image/dress/p/g/m/1-1-payless-jw139-payless-s-original-imaea8umknzf5kjx.jpeg,https://www.flipkart.com/just-wow-women-s-a-line-dress/p/itmeab2fdw7frhgv?pid=DREEAB2FTG8PGXWJ
flipkart,DREE7GUQGZVGJ3JM,Women,Dresses,,Latin Quarters Women's A-line Dress,796,1990,60,,,,https://img5a.flixcart.com/image/dress/3/j/m/1-1-lqd4050-black-latin-quarters-l-original-imae7gqg7gymdjem.jpeg,https://www.flipkart.com/latin-quarters-women-s-a-line-dress/p/itme7guqdgvax4t9?pid=DREE7GUQGZVGJ3JM
flipkart,DREEYB4GKJHBVSGZ,Women,Dresses,,Miss Chase Women's Sheath Dress,869,1449,40,,,,https://img6a.flixcart.com/image/dress/s/x/k/mc-s-14-d-01-35-17-miss-chase-xs-original-imadzs4fxtqzegm9.jpeg,https://www.flipkart.com/miss-chase-women-s-sheath-dress/p/itmeyb4g8qg3xkgp?pid=DREEYB4GKJHBVSGZ
flipkart,DREDV8HGDHM8D6PU,Women,Dresses,,Miss Chase Women's Bandage Dress,779,1299,40,4.3,,,https://img5a.flixcart.com/image/dress/c/j/a/mc-pf-13-d-02-11-62-miss-chase-xs-original-imadv8qeagayyg99.jpeg,https://www.flipkart.com/miss-chase-women-s-bandage-dress/p/itmdv8hgfshe6fsz?pid=DREDV8HGDHM8D6PU
flipkart,DREEB967SUFHDACG,Women,Dresses,,Hitanshindia Women's A-line Dress,999,1998,50,,,,https://img5a.flixcart.com/image/dress/q/m/y/1-1-hitanshindia-034-hitanshindia-xl-original-imae6s3kmbecwgme.jpeg,https://www.flipkart.com/hitanshindia-women-s-a-line-dress/p/itmeb967emq7yvtu?pid=DREEB967SUFHDACG
flipkart,DREE58QRW5T5T8MK,Women,Dresses,,Lady Stark Women's A-line Dress,839,3250,74,3.0,,,https://img5a.flixcart.com/image/dress/z/t/z/1-1-lsdr-2017-lady-stark-l-original-imae58h5jtgmxzkd.jpeg,https://www.flipkart.com/lady-stark-women-s-a-line-dress/p/itme58qr9eencufb?pid=DREE58QRW5T5T8MK
flipkart,DREE7UE3TTMMHCGC,Women,Dresses,,Isadora Women's Empire Waist Dress,895,1250,28,,,,https://img5a.flixcart.com/image/dress/c/g/c/1-1-wcd525019-isadora-m-original-imae7ucazcjhrkak.jpeg,https://www.flipkart.com/isadora-women-s-empire-waist-dress/p/itme7ue3zecgjtt9?pid=DREE7UE3TTMMHCGC
flipkart,DREE7UE3SH2GGG2F,Women,Dresses,,Isadora Women's Shift Dress,850,1250,32,5.0,,,https://img6a.flixcart.com/image/dress/j/8/w/1-1-wcd524018-isadora-l-original-imae7ucazjxmaqhz.jpeg,https://www.flipkart.com/isadora-women-s-shift-dress/p/itme7ue34hbccjt5?pid=DREE7UE3SH2GGG2F
flipkart,DREE6HF4ZRJU98TB,Women,Dresses,,Kook N Keech Disney Women's A-line Dress,809,1799,55,,,,https://img6a.flixcart.com/image/dress/8/t/b/1-1-414599-kook-n-keech-disney-m-original-imae6cr9mxrgrgnf.jpeg,https://www.flipkart.com/kook-n-keech-disney-women-s-a-line-dress/p/itme6hf4xdvpejzq?pid=DREE6HF4ZRJU98TB
flipkart,DREEFYYF6CJDADMW,Women,Dresses,,Meira Women's Maxi Dress,724,1449,50,,,,https://img6a.flixcart.com/image/dress/d/m/w/mewt-1103-a-meira-xl-original-imaefxzgkhkd9mrv.jpeg,https://www.flipkart.com/meira-women-s-maxi-dress/p/itmefyyf4mcvnuht?pid=DREEFYYF6CJDADMW
flipkart,DREE484RFP92ZTUF,Women,Dresses,,I Am For You Women's Bubble Dress,999,1799,44,,,,https://img6a.flixcart.com/image/dress/t/u/f/imfu-fk-213-i-am-for-you-m-1100x1360-imae487ccf7xkrzp.jpeg,https://www.flipkart.com/am-you-women-s-bubble-dress/p/itme484rfecggfhq?pid=DREE484RFP92ZTUF
flipkart,DREED4H9SRYZYAZ3,Women,Dresses,,Legona Women's Sheath Dress,749,2499,70,,,,https://img5a.flixcart.com/image/dress/9/w/r/lfddd0000105-s-legona-xl-original-imaeca47j82cmngb.jpeg,https://www.flipkart.com/legona-women-s-sheath-dress/p/itmed4h9vjjgp9gu?pid=DREED4H9SRYZYAZ3
flipkart,DREE45NNFKMHUAGK,Women,Dresses,,Kyma Women's Empire Waist Dress,799,2800,71,,,,https://img6a.flixcart.com/image/dress/e/6/m/sdk005-kyma-m-original-imae3xzsnfqdqnsb.jpeg,https://www.flipkart.com/kyma-women-s-empire-waist-dress/p/itme45nnwgp2hh62?pid=DREE45NNFKMHUAGK
flipkart,DREE9ZY9WZXZTDVD,Women,Dresses,,Lady Stark Women's High Low Dress,649,2790,77,,,,https://img5a.flixcart.com/image/dress/z/q/y/1-1-lsdr4012-lady-stark-xxl-original-imae9yqryecafqfn.jpeg,https://www.flipkart.com/lady-stark-women-s-high-low-dress/p/itme9zy96fmpa9ys?pid=DREE9ZY9WZXZTDVD
flipkart,DREE9EHE2THJWZN6,Women,Dresses,,Maggie Women's Maxi Dress,749,1899,61,,,,https://img6a.flixcart.com/image/dress/z/n/6/1-1-mg15-maggie-free-original-imae9drrzgxwgfyp.jpeg,https://www.flipkart.com/maggie-women-s-maxi-dress/p/itme9ehekeycjrtp?pid=DREE9EHE2THJWZN6
flipkart,DREECACWBGY4WYZR,Women,Dresses,,Legona Women's Sheath Dress,749,2499,70,,,,https://img6a.flixcart.com/image/dress/c/y/c/1-1-lf0000105-s-legona-l-original-imaeca47j82cmngb.jpeg,https://www.flipkart.com/legona-women-s-sheath-dress/p/itmecacvgxpkhrmg?pid=DREECACWBGY4WYZR
flipkart,DREE978EVUSGXSDW,Women,Dresses,,Kaxiaa Women's Sheath Dress,749,1499,50,,,,https://img6a.flixcart.com/image/dress/r/z/9/1-1-k-dr-31054a-kaxiaa-s-original-imae96raqkzftmez.jpeg,https://www.flipkart.com/kaxiaa-women-s-sheath-dress/p/itme978ezcdrgz7d?pid=DREE978EVUSGXSDW
flipkart,DREE644D97BN8PXV,Women,Dresses,,Iknow Women's Empire Waist Dress,679,1699,60,,,,https://img6a.flixcart.com/image/dress/k/u/m/1-1-ikwdwaw13dr141-iknow-xl-original-imae5pbykhfgazgz.jpeg,https://www.flipkart.com/iknow-women-s-empire-waist-dress/p/itme644dv2tt5pqw?pid=DREE644D97BN8PXV
flipkart,DREECGZJUXBSTHKH,Women,Dresses,,jiiah Women's Shift Dress,699,699,,,,,https://img6a.flixcart.com/image/dress/h/k/h/1-1-green-001-jiiah-l-original-imaecgt7vazh4duj.jpeg,https://www.flipkart.com/jiiah-women-s-shift-dress/p/itmecgzjdxgwqkff?pid=DREECGZJUXBSTHKH
flipkart,DREE9CRGV26DDSBH,Women,Dresses,,Meira Women's A-line Dress,699,1399,50,,,,https://img6a.flixcart.com/image/dress/c/2/n/1-1-mewt-1169-b-multi-meira-l-original-imae9benxyy5enre.jpeg,https://www.flipkart.com/meira-women-s-a-line-dress/p/itme9crg3qaaswu2?pid=DREE9CRGV26DDSBH
flipkart,DREE6YTKPUA6KTGW,Women,Dresses,,Londonhouze Women's Bandage Dress,999,1999,50,,,,https://img5a.flixcart.com/image/dress/e/a/8/1-1-prjewelblk02-londonhouze-xl-original-imae6ybbrngvvkq2.jpeg,https://www.flipkart.com/londonhouze-women-s-bandage-dress/p/itme6ytketzr5ynm?pid=DREE6YTKPUA6KTGW
flipkart,DREE4K5GYYJTFU5Z,Women,Dresses,,Hugo Chavez Women's A-line Dress,697,2599,73,,,,https://img5a.flixcart.com/image/dress/d/y/n/hc1269-hugo-chavez-xxl-original-imae4j47pgczpexc.jpeg,https://www.flipkart.com/hugo-chavez-women-s-a-line-dress/p/itme4k5g4qbmfqyw?pid=DREE4K5GYYJTFU5Z
flipkart,DREEAHARZKKBPAXE,Women,Dresses,,LondonHouze Women's Bandage Dress,799,1499,47,,,,https://img6a.flixcart.com/image/dress/a/x/e/1-1-lhagd0024-londonhouze-m-original-imaeakz8yubymejq.jpeg,https://www.flipkart.com/londonhouze-women-s-bandage-dress/p/itmeaharbynjwcch?pid=DREEAHARZKKBPAXE
flipkart,DREE4A2RZKRFZDKS,Women,Dresses,,Modimania Women's A-line Dress,999,3050,67,,,,https://img5a.flixcart.com/image/dress/d/k/s/mod0088-modimania-s-original-imae492btayqs368.jpeg,https://www.flipkart.com/modimania-women-s-a-line-dress/p/itme4a2rhuyngbek?pid=DREE4A2RZKRFZDKS
flipkart,DREEYYFRUPZRSVKS,Women,Dresses,,La Zoire Women's Shift Dress,699,699,,,,,https://img5a.flixcart.com/image/dress/t/f/h/lza12aykpl4-yl-la-zoire-m-original-imaeyvxzuyyztbnf.jpeg,https://www.flipkart.com/la-zoire-women-s-shift-dress/p/itmeyyfrxh99x67g?pid=DREEYYFRUPZRSVKS
flipkart,DREE3WY2HGZCYAV7,Women,Dresses,,Indiatrendzs Women's Gathered Dress,612,1224,50,,,,https://img5a.flixcart.com/image/dress/a/v/7/i-stk-1088-indiatrendzs-42-1100x1360-imae3vrgxz6zrh4h.jpeg,https://www.flipkart.com/indiatrendzs-women-s-gathered-dress/p/itme3wy2kxtuka8z?pid=DREE3WY2HGZCYAV7
flipkart,DREEBHCHXSTD9BMT,Women,Dresses,,Kcrimson Women's A-line Dress,689,1400,51,,,,https://img6a.flixcart.com/image/dress/w/f/y/1-1-green-lace-dress-kcrimson-xl-original-imaebj9rfv8ryxty.jpeg,https://www.flipkart.com/kcrimson-women-s-a-line-dress/p/itmebhcmjyryshgg?pid=DREEBHCHXSTD9BMT
flipkart,DREE8FZ3E5UYUEEY,Women,Dresses,,Instacrush Women's A-line Dress,999,999,,,,,https://img5a.flixcart.com/image/dress/h/y/e/1-1-fs-040-a-instacrush-s-original-imae8f9b8bepuyq3.jpeg,https://www.flipkart.com/instacrush-women-s-a-line-dress/p/itme8fz3gnhkbfhf?pid=DREE8FZ3E5UYUEEY
flipkart,DREE4MCWZYN7RGB6,Women,Dresses,,IDK Woman Women's Shift Dress,838,1399,40,,,,https://img6a.flixcart.com/image/dress/g/b/6/kw160a-dr-213-blue-f-idk-woman-12-original-imae4j8ryqrzhyhf.jpeg,https://www.flipkart.com/idk-woman-women-s-shift-dress/p/itme4mcwcdp2rvbk?pid=DREE4MCWZYN7RGB6
flipkart,DREECCMNZSVNVHHK,Women,Dresses,,maggie Women's Empire Waist Dress,999,2999,67,5.0,,,https://img6a.flixcart.com/image/dress/h/h/k/1-1-mg211-maggie-36-original-imaechwvhd9vqzdf.jpeg,https://www.flipkart.com/maggie-women-s-empire-waist-dress/p/itmeccmnhy7hqnq7?pid=DREECCMNZSVNVHHK
flipkart,DREE8FWRZXUNRJPX,Women,Dresses,,Latin Quarters Women's Gathered Dress,916,2290,60,,,,https://img5a.flixcart.com/image/dress/j/p/x/1-1-lqd3777-green-latin-quarters-s-original-imae8gb3pv8h4cfw.jpeg,https://www.flipkart.com/latin-quarters-women-s-gathered-dress/p/itme8fwqx5gtcevy?pid=DREE8FWRZXUNRJPX
flipkart,DREEBRFYZ55GGGYJ,Women,Dresses,,Lady Stark Women's Gathered Dress,739,2790,74,,,,https://img6a.flixcart.com/image/dress/t/g/r/1-1-lsdr4042-lady-stark-xs-original-imaebqvq4eccguqh.jpeg,https://www.flipkart.com/lady-stark-women-s-gathered-dress/p/itmebrfytuz4gnng?pid=DREEBRFYZ55GGGYJ
flipkart,DREE7NMEMZRGT9DM,Women,Dresses,,Meiro Women's Peplum Dress,649,1299,50,,,,https://img5a.flixcart.com/image/dress/7/t/x/1-1-14108beige-floral-meiro-m-original-imae2gkw8h5ahvfb.jpeg,https://www.flipkart.com/meiro-women-s-peplum-dress/p/itme7nmevywqyzfg?pid=DREE7NMEMZRGT9DM
flipkart,DREE6UDPHFXJDNTB,Women,Dresses,,Inmark Women's Shift Dress,838,1399,40,,,,https://img6a.flixcart.com/image/dress/t/x/z/1-1-indr000092-gold-f-inmark-xl-original-imae6scytu4k33zw.jpeg,https://www.flipkart.com/inmark-women-s-shift-dress/p/itme6udpgqrfe5nj?pid=DREE6UDPHFXJDNTB
flipkart,DREEAXE3RZMHYH94,Women,Dresses,,Hugo Chavez Women's Maxi Dress,697,2499,72,,,,https://img5a.flixcart.com/image/dress/y/j/3/1-1-hc1619dupq-hugo-chavez-l-original-imaeaszash5bhyks.jpeg,https://www.flipkart.com/hugo-chavez-women-s-maxi-dress/p/itmeaxe3vzcn4xze?pid=DREEAXE3RZMHYH94
flipkart,DREEFYYFUE9NFU8F,Women,Dresses,,Meira Women's Maxi Dress,724,1449,50,,,,https://img6a.flixcart.com/image/dress/7/g/p/mewt-1103-c-meira-xxl-original-imaefxzg5wzngnfq.jpeg,https://www.flipkart.com/meira-women-s-maxi-dress/p/itmefyyfqawnbm9j?pid=DREEFYYFUE9NFU8F
flipkart,DREEB2XCXFHZNMVM,Women,Dresses,,Motif Women's Shift Dress,720,1440,50,,,,https://img6a.flixcart.com/image/dress/n/v/r/1-1-a720-motif-m-original-imaeb2h9y3fthwre.jpeg,https://www.flipkart.com/motif-women-s-shift-dress/p/itmeb2xcenu5mcbn?pid=DREEB2XCXFHZNMVM
flipkart,DREE8H6NY5ZQFGPV,Women,Dresses,,Inmark Women's Shift Dress,838,1399,40,,,,https://img5a.flixcart.com/image/dress/a/9/w/1-1-indr000063-black-f-inmark-xs-original-imae82waumhtg6gf.jpeg,https://www.flipkart.com/inmark-women-s-shift-dress/p/itme8h6nu2qxczrn?pid=DREE8H6NY5ZQFGPV
flipkart,DREE64PGW6PNQHPK,Women,Dresses,,Motif Women's A-line Dress,675,2250,70,,,,https://img5a.flixcart.com/image/dress/f/9/7/1-1-a321-motif-l-original-imae5zbeym4dftm6.jpeg,https://www.flipkart.com/motif-women-s-a-line-dress/p/itme64phafg4uxsa?pid=DREE64PGW6PNQHPK
flipkart,DREEARMHZVHGCSJT,Women,Dresses,,Her Grace Women's A-line Dress,949,1899,50,,,,https://img6a.flixcart.com/image/dress/z/n/r/1-1-3971-blue-her-grace-xl-original-imaearh2c6jvvgag.jpeg,https://www.flipkart.com/her-grace-women-s-a-line-dress/p/itmearmhqgsgdsdc?pid=DREEARMHZVHGCSJT
flipkart,DREEBBWDWEFTZQB7,Women,Dresses,,Meira Women's Shift Dress,799,1599,50,,,,https://img6a.flixcart.com/image/dress/u/c/8/1-1-mewt-1223-black-meira-xl-original-imaebbnkjykbbyfe.jpeg,https://www.flipkart.com/meira-women-s-shift-dress/p/itmebbwdbnukbdyq?pid=DREEBBWDWEFTZQB7
flipkart,DREE8FWRYYJGFGHG,Women,Dresses,,Latin Quarters Women's Gathered Dress,840,2100,60,,,,https://img5a.flixcart.com/image/dress/g/h/h/1-1-lqd3289-blue-latin-quarters-m-original-imae8gb4wyz2pwjk.jpeg,https://www.flipkart.com/latin-quarters-women-s-gathered-dress/p/itme8fwqjhdh7fwv?pid=DREE8FWRYYJGFGHG
flipkart,DREE8FWRSMCE3BYQ,Women,Dresses,,Latin Quarters Women's A-line Dress,796,1990,60,,,,https://img5a.flixcart.com/image/dress/h/x/f/1-1-lqd3162-blue-latin-quarters-xs-original-imae8gb3ysch3uxq.jpeg,https://www.flipkart.com/latin-quarters-women-s-a-line-dress/p/itme8fwqdgrfxwxa?pid=DREE8FWRSMCE3BYQ
flipkart,DREE7FT8AQ2F9CQC,Women,Dresses,,Miss India Women's Shift Dress,949,1799,47,,,,https://img5a.flixcart.com/image/dress/c/q/c/1-1-mipeop-s-miss-india-s-original-imae7d9arsvmggqc.jpeg,https://www.flipkart.com/miss-india-women-s-shift-dress/p/itme7ft86mzcsxr4?pid=DREE7FT8AQ2F9CQC
flipkart,DREEAF9GGGUTKHXQ,Women,Dresses,,Hugo Chavez Women's A-line Dress,757,2499,70,,,,https://img5a.flixcart.com/image/dress/k/f/g/1-1-hc1575-hugo-chavez-xl-original-imaeaf64gzssx3tk.jpeg,https://www.flipkart.com/hugo-chavez-women-s-a-line-dress/p/itmeaf9gwxqgtn8p?pid=DREEAF9GGGUTKHXQ
flipkart,DREDV8HG7Z8BFFXZ,Women,Dresses,,Miss Chase Women's Sheath Dress,929,1549,40,4.0,,,https://img6a.flixcart.com/image/dress/z/p/u/mc-s-14-d-02-25-48-miss-chase-s-original-imadxv7puh5knqf4.jpeg,https://www.flipkart.com/miss-chase-women-s-sheath-dress/p/itmdv8hgrmqjp5yn?pid=DREDV8HG7Z8BFFXZ
flipkart,DREECCMNGJUWZDVF,Women,Dresses,,Maggie Women's Shift Dress,899,2499,64,5.0,,,https://img6a.flixcart.com/image/dress/d/v/f/1-1-mg222-maggie-44-original-imaechwwusmf93yb.jpeg,https://www.flipkart.com/maggie-women-s-shift-dress/p/itmeccmnzryqmftn?pid=DREECCMNGJUWZDVF
flipkart,DREEB5WFZEYGYBST,Women,Dresses,,Hugo Chavez Women's Maxi Dress,997,2499,60,,,,https://img5a.flixcart.com/image/dress/b/s/t/1-1-hc1718-hugo-chavez-xs-original-imaeb5tdh86yryrv.jpeg,https://www.flipkart.com/hugo-chavez-women-s-maxi-dress/p/itmeb5wfw3ssznea?pid=DREEB5WFZEYGYBST
flipkart,DREE978EXDA4XHRY,Women,Dresses,,Kaxiaa Women's Layered Dress,749,1499,50,,,,https://img5a.flixcart.com/image/dress/c/g/a/1-1-k-1046a-kaxiaa-m-original-imae96y4dvzdzhfy.jpeg,https://www.flipkart.com/kaxiaa-women-s-layered-dress/p/itme978eqykv8gy3?pid=DREE978EXDA4XHRY
flipkart,DREE88HJYRXGWHNG,Women,Dresses,,Modimania Women's Gathered Dress,899,2800,68,,,,https://img6a.flixcart.com/image/dress/h/n/g/1-1-mod00211-modimania-s-original-imae88cgb92vfzms.jpeg,https://www.flipkart.com/modimania-women-s-gathered-dress/p/itme88hjcqzmxkny?pid=DREE88HJYRXGWHNG
flipkart,DREE9HY9TTBYDQSZ,Women,Dresses,,Londonhouze Women's Bandage Dress,799,1599,50,,,,https://img5a.flixcart.com/image/dress/k/m/n/1-1-sophie001-londonhouze-l-original-imae9dnf8ayzht2r.jpeg,https://www.flipkart.com/londonhouze-women-s-bandage-dress/p/itme9hy99rrztaav?pid=DREE9HY9TTBYDQSZ
flipkart,DREE9ZKYZJHBS45P,Women,Dresses,,Liz Lange Women's A-line Dress,679,1699,60,5.0,,,https://img6a.flixcart.com/image/dress/a/z/h/1-1-aqmpdr1047633-liz-lange-l-original-imae9g5daczg3gxt.jpeg,https://www.flipkart.com/liz-lange-women-s-a-line-dress/p/itme9zkfzw7femcz?pid=DREE9ZKYZJHBS45P
flipkart,DREEBHBUXZUNYVGZ,Women,Dresses,,La Zoire Women's Shift Dress,849,1699,50,,,,https://img6a.flixcart.com/image/dress/v/g/z/1-1-lza389-389-cr-la-zoire-m-original-imaebbugkmhycadz.jpeg,https://www.flipkart.com/la-zoire-women-s-shift-dress/p/itmebhbupwqaxg7w?pid=DREEBHBUXZUNYVGZ
flipkart,DREE8FWRZDEXKGDT,Women,Dresses,,Latin Quarters Women's Shift Dress,876,2190,60,,,,https://img5a.flixcart.com/image/dress/g/t/w/1-1-lqd3079-blue-latin-quarters-l-original-imae8gb38gh62mmp.jpeg,https://www.flipkart.com/latin-quarters-women-s-shift-dress/p/itme8fwqyhcs8frn?pid=DREE8FWRZDEXKGDT
flipkart,DREE9RFJHSFJHVFG,Women,Dresses,,Modimania Women's A-line Dress,699,2000,65,,,,https://img6a.flixcart.com/image/dress/v/f/g/1-1-mod00445d-modimania-m-original-imae9qx8fddjdfxj.jpeg,https://www.flipkart.com/modimania-women-s-a-line-dress/p/itme9rfjt2gqgtwk?pid=DREE9RFJHSFJHVFG
flipkart,DREDZPX3HYAGG8JD,Women,Dresses,,Miss Chase Women's Bandage Dress,680,1699,60,,,,https://img6a.flixcart.com/image/dress/q/e/a/mc-s-14-d-01-31-31-miss-chase-xs-original-imadzs4gv7sjwhvh.jpeg,https://www.flipkart.com/miss-chase-women-s-bandage-dress/p/itmdzpx3xxg6yyh6?pid=DREDZPX3HYAGG8JD
flipkart,DREDT9RCUGEJ6BQU,Women,Dresses,,Miss Chase Women's A-line Dress,839,1399,40,3.6,,,https://img5a.flixcart.com/image/dress/b/q/u/mc-pf-13-d-01-01-64-64-miss-chase-s-original-imadudb59rephsmh.jpeg,https://www.flipkart.com/miss-chase-women-s-a-line-dress/p/itmdt9rcszuasbnw?pid=DREDT9RCUGEJ6BQU
flipkart,DREE88DFJHHS9RBG,Women,Dresses,,Meiro Women's Sheath Dress,749,1499,50,,,,https://img5a.flixcart.com/image/dress/r/b/g/1-1-15126royal-blue-meiro-xxl-original-imae87cfzmae68gs.jpeg,https://www.flipkart.com/meiro-women-s-sheath-dress/p/itme88dfwzg44bbu?pid=DREE88DFJHHS9RBG
flipkart,DREDVZKGM9JFTYEC,Women,Dresses,,Jealous 21 Women's Shift Dress,838,1399,40,,,,https://img6a.flixcart.com/image/dress/b/f/z/cw0009-white-f-jealous-21-40-original-imadwyfjvpjpvgdw.jpeg,https://www.flipkart.com/jealous-21-women-s-shift-dress/p/itmdvzkgv4ph5hk3?pid=DREDVZKGM9JFTYEC
flipkart,DREE6D3EYQGBEMPR,Women,Dresses,,Hugo Chavez Women's Maxi Dress,697,2499,72,,,,https://img5a.flixcart.com/image/dress/q/s/n/1-1-hc1356-hugo-chavez-m-original-imae6bfqkasjud4r.jpeg,https://www.flipkart.com/hugo-chavez-women-s-maxi-dress/p/itme6d3ekr2mc435?pid=DREE6D3EYQGBEMPR
flipkart,DREE9R3RPAGHHCT2,Women,Dresses,,House Of Tantrums Women's Empire Waist Dress,629,899,30,,,,https://img5a.flixcart.com/image/dress/g/r/s/1-1-drs021-house-of-tantrums-s-original-imae9qy5yrhkxyvc.jpeg,https://www.flipkart.com/house-tantrums-women-s-empire-waist-dress/p/itme9r3rgskhrpvm?pid=DREE9R3RPAGHHCT2
flipkart,DREE7PGWPSUCATZN,Women,Dresses,,Meee Women's Empire Waist Dress,647,1295,50,,,,https://img6a.flixcart.com/image/dress/f/a/u/1-1-dr-017off-white-meee-l-original-imae7peuzncth57h.jpeg,https://www.flipkart.com/meee-women-s-empire-waist-dress/p/itme7pgwhgcgwmsy?pid=DREE7PGWPSUCATZN
flipkart,DREE7FFM2KHANFVA,Women,Dresses,,Mayra Women's A-line Dress,799,1995,60,,,,https://img5a.flixcart.com/image/dress/h/4/m/1-1-15d021909-mayra-m-original-imae7eh7gtcknyky.jpeg,https://www.flipkart.com/mayra-women-s-a-line-dress/p/itme7fwyaszar95b?pid=DREE7FFM2KHANFVA
flipkart,DREE4K5GU54QXGKD,Women,Dresses,,Hugo Chavez Women's Bandage Dress,697,1599,56,,,,https://img5a.flixcart.com/image/dress/g/k/d/hc1258-hugo-chavez-l-original-imae4j47btnbey87.jpeg,https://www.flipkart.com/hugo-chavez-women-s-bandage-dress/p/itme4k5gfmwgccxy?pid=DREE4K5GU54QXGKD
flipkart,DREECHGKNA4HRKNH,Women,Dresses,,Maggie Women's Shift Dress,799,2699,70,,,,https://img6a.flixcart.com/image/dress/j/s/y/1-1-mg286-maggie-38-original-imaech8phajed4w9.jpeg,https://www.flipkart.com/maggie-women-s-shift-dress/p/itmechgk8rwmkuca?pid=DREECHGKNA4HRKNH
flipkart,DREE8UGVCRSUVFKF,Women,Dresses,,Indi Bargain Women's A-line Dress,899,1799,50,,,,https://img6a.flixcart.com/image/dress/f/k/f/1-1-119brown-indi-bargain-free-original-imae8ubae2vphbf6.jpeg,https://www.flipkart.com/indi-bargain-women-s-a-line-dress/p/itme8ugvpxfcwye5?pid=DREE8UGVCRSUVFKF
flipkart,DREE8RTGWJMQSAGS,Women,Dresses,,Ishin Designer Studio Women's A-line Dress,799,899,11,,,,https://img6a.flixcart.com/image/dress/f/u/y/1-1-indwt-5137-ishin-xxl-original-imae8rhckmag6hge.jpeg,https://www.flipkart.com/ishin-designer-studio-women-s-a-line-dress/p/itme8rtg3e6bk6zz?pid=DREE8RTGWJMQSAGS
flipkart,DREE9S6HRABZ75YM,Women,Dresses,,Meraki Women's Maxi Dress,699,999,30,,,,https://img6a.flixcart.com/image/dress/g/h/a/1-1-meraki042-meraki-m-original-imae9rtpuzhycgv9.jpeg,https://www.flipkart.com/meraki-women-s-maxi-dress/p/itme9s6h8z3gtuyr?pid=DREE9S6HRABZ75YM
flipkart,DREEBN4SZ8MWAUFM,Women,Dresses,,Kwardrobe Women's Gathered Dress,672,960,30,,,,https://img6a.flixcart.com/image/dress/c/z/g/1-1-ss-249-kwardrobe-xxl-original-imaebmts5am3pbft.jpeg,https://www.flipkart.com/kwardrobe-women-s-gathered-dress/p/itmebn4shubvcdr8?pid=DREEBN4SZ8MWAUFM
flipkart,DREE4CYTGTENJFA5,Women,Dresses,,Meiro Women's Empire Waist Dress,799,1599,50,,,,https://img5a.flixcart.com/image/dress/q/f/z/15106red-meiro-l-original-imae46q4u4gv2xwj.jpeg,https://www.flipkart.com/meiro-women-s-empire-waist-dress/p/itme4cytebavgwzy?pid=DREE4CYTGTENJFA5
flipkart,DREECHUGPVDQR3VW,Women,Dresses,,Mayra Women's Maxi Dress,799,1995,60,,,,https://img5a.flixcart.com/image/dress/5/m/t/1-1-1510d19237-mayra-xl-original-imaechzyy88masjz.jpeg,https://www.flipkart.com/mayra-women-s-maxi-dress/p/itmechug3xhvjhhq?pid=DREECHUGPVDQR3VW
flipkart,DREEA7P9K52ZHHMV,Women,Dresses,,Just Wow Women's A-line Dress,899,1899,53,,,,https://img6a.flixcart.com/image/dress/y/5/n/1-1-payless-jw129-payless-l-original-imaea6vwgmxkgx8d.jpeg,https://www.flipkart.com/just-wow-women-s-a-line-dress/p/itmea7p9hwdzkppt?pid=DREEA7P9K52ZHHMV
flipkart,DREDQXBBVXSNUHGE,Women,Dresses,,Ladybug Women's Gathered Dress,899,899,,,,,https://img6a.flixcart.com/image/dress/u/z/m/lbd330-ladybug-m-original-imadtxuhrrksxtfa.jpeg,https://www.flipkart.com/ladybug-women-s-gathered-dress/p/itmdqxbb4qhhzcus?pid=DREDQXBBVXSNUHGE
flipkart,DREE8ANHRUEEHQGZ,Women,Dresses,,Ladybug Women's Shift Dress,959,1199,20,,,,https://img6a.flixcart.com/image/dress/a/n/e/1-1-lbd526-ladybug-s-original-imae89ehmkvh2jrt.jpeg,https://www.flipkart.com/ladybug-women-s-shift-dress/p/itme8anhmj8ug4sx?pid=DREE8ANHRUEEHQGZ
flipkart,DREEAZAC72AY8ZGV,Women,Dresses,,Kaira Women's Shift Dress,910,910,,,,,https://img6a.flixcart.com/image/dress/z/g/v/1-1-4003638a-kaira-xl-original-imaeam7hhkb2ynjv.jpeg,https://www.flipkart.com/kaira-women-s-shift-dress/p/itmeazac24d8xnyd?pid=DREEAZAC72AY8ZGV
flipkart,DREEAYYGXSKPZMKD,Women,Dresses,,Karyn Women's Empire Waist Dress,699,1299,46,,,,https://img6a.flixcart.com/image/dress/m/k/d/1-1-klc-250-gr-l-karyn-l-original-imae9zpfvfr5ueg3.jpeg,https://www.flipkart.com/karyn-women-s-empire-waist-dress/p/itmeayygmsqffvfs?pid=DREEAYYGXSKPZMKD
flipkart,DREEBWSUYNPFACWZ,Women,Dresses,,Ladybug Women's Shift Dress,999,999,,,,,https://img6a.flixcart.com/image/dress/j/e/c/1-1-lbd545-ladybug-l-original-imaebzy7fpgggrsg.jpeg,https://www.flipkart.com/ladybug-women-s-shift-dress/p/itmebwsuyqgfpamy?pid=DREEBWSUYNPFACWZ
flipkart,DREEBMB4YH8FUSHX,Women,Dresses,,L'appel Du Vide Women's Shift Dress,949,2999,68,,,,https://img5a.flixcart.com/image/dress/y/u/c/1-1-spdr-b-14-l-appel-du-vide-xl-original-imaebgqjjqnpkczd.jpeg,https://www.flipkart.com/l-appel-du-vide-women-s-shift-dress/p/itmebmb33gfagqj3?pid=DREEBMB4YH8FUSHX
flipkart,DREE7NMEYW89MK2T,Women,Dresses,,La Arista Women's A-line Dress,699,999,30,,,,https://img6a.flixcart.com/image/dress/2/p/q/1-1-ladr30-la-arista-s-original-imae7nhnwcnvxzgc.jpeg,https://www.flipkart.com/la-arista-women-s-a-line-dress/p/itme7nmeu6v2cjsu?pid=DREE7NMEYW89MK2T
flipkart,DREEAHQZQEKXFHNX,Women,Dresses,,Honey by Pantaloons Women's Empire Waist Dress,779,1199,35,,,,https://img5a.flixcart.com/image/dress/y/q/z/1-1-301188743navy-honey-by-pantaloons-xs-original-imaeaghuhfahcqnt.jpeg,https://www.flipkart.com/honey-pantaloons-women-s-empire-waist-dress/p/itmeahqzvbfqrzhy?pid=DREEAHQZQEKXFHNX
flipkart,DREEFCFB4Z5ZNWHD,Women,Dresses,,Monica Dogra for Stylista Women's Dress,799,2350,66,,,,https://img5a.flixcart.com/image/dress/h/8/5/dre725montangerine-monica-dogra-for-stylista-s-1100x1360-imae3r8drncuvgcu.jpeg,https://www.flipkart.com/monica-dogra-stylista-women-s-dress/p/itmefcfcyvyzxd9m?pid=DREEFCFB4Z5ZNWHD
flipkart,DREEAP5YM27GQUFZ,Women,Dresses,,India Inc Women's Gathered Dress,649,1299,50,,,,https://img5a.flixcart.com/image/dress/h/q/h/1-1-20089bwn-india-inc-xl-original-imaeapjuesfk59gg.jpeg,https://www.flipkart.com/india-inc-women-s-gathered-dress/p/itmeap5yzay7bsbq?pid=DREEAP5YM27GQUFZ
flipkart,DREDZNRZY9MRHGYB,Women,Dresses,,I Am For You Women's A-line Dress,699,1399,50,,,,https://img6a.flixcart.com/image/dress/g/y/b/imfu-fk-068-i-am-for-you-s-original-imadzzetgcdruxss.jpeg,https://www.flipkart.com/am-you-women-s-a-line-dress/p/itmdznrzqmqdqe6j?pid=DREDZNRZY9MRHGYB
flipkart,DREE63YVJZEAGEGN,Women,Dresses,,Motif Women's A-line Dress,855,1710,50,,,,https://img6a.flixcart.com/image/dress/f/v/c/1-1-a375-motif-xl-original-imae5x8w4ag75bsz.jpeg,https://www.flipkart.com/motif-women-s-a-line-dress/p/itme63yuhmuusdfr?pid=DREE63YVJZEAGEGN
flipkart,DREDX8YF3YEJHEXD,Women,Dresses,,Jealous 21 Women's Gathered Dress,958,1599,40,,,,https://img5a.flixcart.com/image/dress/3/x/2/cu0036-red-f-jealous-21-40-original-imadwyfp24m39geq.jpeg,https://www.flipkart.com/jealous-21-women-s-gathered-dress/p/itmdvzkgdzvzj5zm?pid=DREDX8YF3YEJHEXD
flipkart,DREEB2XDPCBRTVHF,Women,Dresses,,Motif Women's Shift Dress,810,1620,50,,,,https://img6a.flixcart.com/image/dress/h/h/d/1-1-a721-motif-xl-original-imaeb2h9zp6ux6cd.jpeg,https://www.flipkart.com/motif-women-s-shift-dress/p/itmeb2xddgzfggzv?pid=DREEB2XDPCBRTVHF
flipkart,DREECUY9TEUTKCHT,Women,Dresses,,Maggie Women's High Low Dress,999,2799,64,,,,https://img6a.flixcart.com/image/dress/c/h/t/1-1-mg233-maggie-38-original-imaeccanzz4yhvwg.jpeg,https://www.flipkart.com/maggie-women-s-high-low-dress/p/itmecuy8mzdmetvy?pid=DREECUY9TEUTKCHT
flipkart,DREE9R3RUQVSR3FG,Women,Dresses,,House Of Tantrums Women's A-line Dress,699,999,30,,,,https://img6a.flixcart.com/image/dress/9/p/f/1-1-drs018-house-of-tantrums-l-original-imae9qy4asy2jdgu.jpeg,https://www.flipkart.com/house-tantrums-women-s-a-line-dress/p/itme9r3rshcdhw6d?pid=DREE9R3RUQVSR3FG
flipkart,DREEBPVEPGQ4DN5V,Women,Dresses,,Heart Made Women's Gathered Dress,750,1450,48,,,,https://img6a.flixcart.com/image/dress/w/6/x/1-1-hmd-87-c-heart-made-s-original-imaebzywukcax5h6.jpeg,https://www.flipkart.com/heart-made-women-s-gathered-dress/p/itmebpvddhnqhqpw?pid=DREEBPVEPGQ4DN5V
flipkart,DREDUZRK9ZWWFDU9,Women,Dresses,,I Am For You Women's Empire Waist Dress,629,1399,55,,,,https://img6a.flixcart.com/image/dress/d/u/9/imfu-679-i-am-for-you-s-1100x1360-imaduzthwwm7enn9.jpeg,https://www.flipkart.com/am-you-women-s-empire-waist-dress/p/itmduzrkudfsgagj?pid=DREDUZRK9ZWWFDU9
flipkart,DREE4CYTNEDYVGMP,Women,Dresses,,Meiro Women's Empire Waist Dress,799,1599,50,,,,https://img5a.flixcart.com/image/dress/d/d/q/15106multi-meiro-xl-original-imae46q4bbddtsgn.jpeg,https://www.flipkart.com/meiro-women-s-empire-waist-dress/p/itme4cytbnudec6c?pid=DREE4CYTNEDYVGMP
flipkart,DREEBMB4XAWWEYCT,Women,Dresses,,L'appel Du Vide Women's Shift Dress,749,1699,56,,,,https://img5a.flixcart.com/image/dress/c/z/w/1-1-spdr-bl-07-l-appel-du-vide-xxl-original-imaebgqgudjytzm2.jpeg,https://www.flipkart.com/l-appel-du-vide-women-s-shift-dress/p/itmebmb3jq5ygpen?pid=DREEBMB4XAWWEYCT
flipkart,DREE4HF6FYRN5SMG,Women,Dresses,,Maya apparels Women's A-line Dress,625,1750,64,,,,https://img6a.flixcart.com/image/dress/s/m/g/dre972-maya-apparels-free-size-original-imae4garvhym8ha2.jpeg,https://www.flipkart.com/maya-apparels-women-s-a-line-dress/p/itme4hf6ydhntgb8?pid=DREE4HF6FYRN5SMG
flipkart,DREEBJ4NZZCGUFJV,Women,Dresses,,Lynda Women's A-line Dress,699,1299,46,,,,https://img5a.flixcart.com/image/dress/e/j/h/1-1-kc101f-blackgeorgt-dress-lynda-s-original-imaebghn6yuajxge.jpeg,https://www.flipkart.com/lynda-women-s-a-line-dress/p/itmebj4ndfgpc6cg?pid=DREEBJ4NZZCGUFJV
flipkart,DREE5ZCFEGRDRVQM,Women,Dresses,,Indi Bargain Women's Maxi Dress,999,2249,56,,,,https://img5a.flixcart.com/image/dress/v/q/m/1-1-108maroon-indi-bargain-free-original-imae5zh2768bhchk.jpeg,https://www.flipkart.com/indi-bargain-women-s-maxi-dress/p/itme5zcfzszzzqgz?pid=DREE5ZCFEGRDRVQM
flipkart,DREE45ZDTGSRFUHD,Women,Dresses,,Maya Apparels Women's Gathered Dress,799,1550,48,,,,https://img5a.flixcart.com/image/dress/u/h/d/dre911-maya-apparels-free-original-imae4422wfm3hzhn.jpeg,https://www.flipkart.com/maya-apparels-women-s-gathered-dress/p/itme45zdy22gs8nc?pid=DREE45ZDTGSRFUHD
flipkart,DREEYPKZ9VUXAGYU,Women,Dresses,,Meee Women's Maxi Dress,747,1495,50,,,,https://img6a.flixcart.com/image/dress/g/y/u/dr-010mustard-meee-m-original-imaeysqbcdhz8bfa.jpeg,https://www.flipkart.com/meee-women-s-maxi-dress/p/itmeypkzztfqcnws?pid=DREEYPKZ9VUXAGYU
flipkart,DREEY9PFYPZY8P7Z,Women,Dresses,,La Arista Women's Shift Dress,809,1349,40,,,,https://img5a.flixcart.com/image/dress/h/h/m/apld013-la-arista-xs-original-imaeygkpsrtmfhzy.jpeg,https://www.flipkart.com/la-arista-women-s-shift-dress/p/itmey9pffzt7qrh4?pid=DREEY9PFYPZY8P7Z
flipkart,DREE87GTRP86YGTZ,Women,Dresses,,Meiro Women's Peplum Dress,699,1399,50,,,,https://img5a.flixcart.com/image/dress/f/a/y/1-1-15136peach-meiro-xl-original-imae87cfbgxzxy9b.jpeg,https://www.flipkart.com/meiro-women-s-peplum-dress/p/itme87gtdqhhnnuy?pid=DREE87GTRP86YGTZ
flipkart,DREECGZJQUYYNJAP,Women,Dresses,,jiiah Women's Shift Dress,999,999,,,,,https://img5a.flixcart.com/image/dress/k/v/e/1-1-peach-008-jiiah-m-original-imaecgt7ygbnzqy2.jpeg,https://www.flipkart.com/jiiah-women-s-shift-dress/p/itmecgzjhsfefp5f?pid=DREECGZJQUYYNJAP
flipkart,DREEC8AVCH2NGVPG,Women,Dresses,,Motif Women's Shift Dress,952,1360,30,,,,https://img5a.flixcart.com/image/dress/h/r/z/1-1-a722-motif-s-original-imaec4mnwfszj8gx.jpeg,https://www.flipkart.com/motif-women-s-shift-dress/p/itmec8atkpmmrc5h?pid=DREEC8AVCH2NGVPG
flipkart,FABEG8GYDAABECZH,Women,Suit,Aarushi Fashion,Aarushi Fashion Silk Striped Salwar Suit Dupatta Material,1350,2800,52,,,,https://img5a.flixcart.com/image/fabric/c/z/h/aar5033-aarushi-fashion-original-imaefh72mnhjqxak.jpeg,https://www.flipkart.com/aarushi-fashion-silk-striped-salwar-suit-dupatta-material/p/itmeg8gyfzhtxjxm?pid=FABEG8GYDAABECZH
flipkart,FABEGGHHGSVCHGFV,Women,Suit,Sinina,Sinina Chanderi Embroidered Salwar Suit Dupatta Material,1000,2000,50,,,,https://img5a.flixcart.com/image/fabric/g/f/v/122tangy0017-sinina-original-imae5qbnvghtrsvp.jpeg,https://www.flipkart.com/sinina-chanderi-embroidered-salwar-suit-dupatta-material/p/itmegghhcc3egqzj?pid=FABEGGHHGSVCHGFV
flipkart,LEHEGGEHYN4G2RPW,Women,Clothing,Ambika Lahenga,"Ambika Lahenga Embroidered Lehenga, Choli and Dupatta Set",24995,39992,38,,,,https://img6a.flixcart.com/image/lehenga/r/p/w/g55-ambika-lahenga-42-1000x1000-imaegg78ngzzsz67.jpeg,https://www.flipkart.com/ambika-lahenga-embroidered-lehenga-choli-dupatta-set/p/itmeggehqgggjktw?pid=LEHEGGEHYN4G2RPW
flipkart,FABEG8GFDUWRSNU3,Women,Suit,Aarushi Fashion,Aarushi Fashion Chanderi Embroidered Salwar Suit Dupatta Material,1300,2600,50,,,,https://img6a.flixcart.com/image/fabric/n/u/3/aar5036-aarushi-fashion-original-imaefh67gyufesq6.jpeg,https://www.flipkart.com/aarushi-fashion-chanderi-embroidered-salwar-suit-dupatta-material/p/itmeg8gf25zgyzup?pid=FABEG8GFDUWRSNU3
flipkart,FABEGGHHDFMY8BZU,Women,Suit,Sinina,Sinina Chanderi Embroidered Salwar Suit Dupatta Material,1490,2980,50,,,,https://img6a.flixcart.com/image/fabric/y/f/9/112tangy5003-tangerines-1100x1360-imaeysg7aygk3pzh.jpeg,https://www.flipkart.com/sinina-chanderi-embroidered-salwar-suit-dupatta-material/p/itmegghhvekngdpp?pid=FABEGGHHDFMY8BZU
flipkart,SWSEJYE6QNFHD46Z,Women,Sweatshirt,KAROZ,KAROZ Full Sleeve Solid Women's Sweatshirt,795,995,20,,,,https://img5a.flixcart.com/image/sweatshirt/b/a/5/ss-karoz1499green-karoz-xxl-original-imaecphupdj7ash7.jpeg,https://www.flipkart.com/karoz-full-sleeve-solid-women-s-sweatshirt/p/itmejye6pnzvpeyu?pid=SWSEJYE6QNFHD46Z
flipkart,SKIEJG7A5BAGSQCT,Women,Skirts,Antistreet,"Antistreet Printed, Self Design, Solid Women's Regular Black Skirt",530,1674,68,,,Black,https://img5a.flixcart.com/image/skirt/q/w/z/skt9001-blk-antistreet-xl-original-imae9zfnebchrgfc.jpeg,https://www.flipkart.com/antistreet-printed-self-design-solid-women-s-regular-black-skirt/p/itmejg79dzdzqyug?pid=SKIEJG7A5BAGSQCT
flipkart,SKIEJG79FNUZGFMS,Women,Skirts,Antistreet,"Antistreet Printed, Self Design, Solid Women's Regular Black Skirt",1026,3240,68,,,Black,https://img5a.flixcart.com/image/skirt/a/n/w/skt9020-blk-antistreet-xl-original-imaeghywpjcnsufr.jpeg,https://www.flipkart.com/antistreet-printed-self-design-solid-women-s-regular-black-skirt/p/itmejg79narayafu?pid=SKIEJG79FNUZGFMS
flipkart,SKIEJGNWSMZPZESB,Women,Skirt,Shopmore,Shopmore Printed Women's Regular Pink Skirt,470,800,41,,,Pink,https://img6a.flixcart.com/image/skirt/e/s/b/swsm007228-shopmore-free-original-imaejfryq5eezfgg.jpeg,https://www.flipkart.com/shopmore-printed-women-s-regular-pink-skirt/p/itmejgnwrpk6fsd7?pid=SKIEJGNWSMZPZESB
flipkart,SKIEJH4T9YCH2BCX,Women,Skirts,Pezzava,"Pezzava Self Design Women's, Girl's Regular Blue Skirt",699,1399,50,,,Blue,https://img5a.flixcart.com/image/skirt/b/c/x/skt-rkc-a0033-pezzava-38-original-imaejfzzshnjzhsw.jpeg,https://www.flipkart.com/pezzava-self-design-women-s-girl-s-regular-blue-skirt/p/itmejh4tmpyy5f3f?pid=SKIEJH4T9YCH2BCX
flipkart,SKIEJEF9UDVPHGWA,Women,Skirts,Indiatrendzs,Indiatrendzs Embellished Women's A-line Yellow Skirt,360,999,64,,,Yellow,https://img5a.flixcart.com/image/skirt/g/w/a/in-stok-2496-indiatrendzs-xl-original-imaejcarkn9yhacn.jpeg,https://www.flipkart.com/indiatrendzs-embellished-women-s-a-line-yellow-skirt/p/itmejef9h3jt98pv?pid=SKIEJEF9UDVPHGWA
flipkart,ETHEGDRC5S8PSBSZ,Women,Dupatta,Shreeka,Shreeka Women's Patiala and Dupatta Set,699,1499,53,,,,https://img6a.flixcart.com/image/ethnic-set/b/s/z/sfpt-18-shreeka-free-original-imaeg3hutnvkrmh7.jpeg,https://www.flipkart.com/shreeka-women-s-patiala-dupatta-set/p/itmegdrce7h66sh5?pid=ETHEGDRC5S8PSBSZ
flipkart,NDNEGCSFUTGDBNCP,Women,Dresses,Simrit,Simrit Women's Nighty,895,2985,70,,,,https://img5a.flixcart.com/image/night-dress-nighty/n/c/p/cn-18-ngt131-3-ngt132-4-blue-brown-simrit-free-original-imaegczcmwbqjjry.jpeg,https://www.flipkart.com/simrit-women-s-nighty/p/itmegcsgszdzygxf?pid=NDNEGCSFUTGDBNCP
flipkart,ETHEGES2YRTBVF6Z,Women,Kurta,DEEPAK N DIVYA,DEEPAK N DIVYA Women's Kurta and Pyjama Set,379,799,53,,,,https://img5a.flixcart.com/image/ethnic-set/f/6/z/deepak-kp24-deepak-n-divya-24-original-imaegepz8h2vazyh.jpeg,https://www.flipkart.com/deepak-n-divya-women-s-kurta-pyjama-set/p/itmeges2zkyaj4af?pid=ETHEGES2YRTBVF6Z
flipkart,ETHEGDXKKCQ5GHHX,Women,Kurta,Lajo,Lajo Women's Salwar and Kurta Set,1714,3400,50,,,,https://img5a.flixcart.com/image/ethnic-set/h/h/x/lfa1042-lajo-44-original-imaegbzdct2uh9kp.jpeg,https://www.flipkart.com/lajo-women-s-salwar-kurta-set/p/itmegdxkjrh4g7hj?pid=ETHEGDXKKCQ5GHHX
flipkart,NDNEGGFNYQKXNSGZ,Women,Bra,SAJNA CELEBRATIONS,SAJNA CELEBRATIONS Women's Nighty,725,1350,46,,,,https://img5a.flixcart.com/image/night-dress-nighty/s/g/z/ltxfd235-sajna-celebrations-xxl-original-imaegfxpkzjtyxva.jpeg,https://www.flipkart.com/sajna-celebrations-women-s-nighty/p/itmeggfnvwn7jh4t?pid=NDNEGGFNYQKXNSGZ
flipkart,NDNEGCRHXTP7BCQE,Women,Dresses,Simrit,Simrit Women's Nighty,895,2985,70,,,,https://img6a.flixcart.com/image/night-dress-nighty/c/q/e/cn-17-ngt131-2-ngt127-2-green-brown-simrit-free-original-imaegczcmp2zzuya.jpeg,https://www.flipkart.com/simrit-women-s-nighty/p/itmegcrht4mv7txm?pid=NDNEGCRHXTP7BCQE
flipkart,ETHEGDXN9FGTZNGZ,Women,Kurta,Lajo,Lajo Women's Salwar and Kurta Set,1714,3400,50,,,,https://img5a.flixcart.com/image/ethnic-set/n/g/z/lfa1046-lajo-44-original-imaegbzex5fpz85q.jpeg,https://www.flipkart.com/lajo-women-s-salwar-kurta-set/p/itmegdxnewxqgkas?pid=ETHEGDXN9FGTZNGZ
flipkart,ETHEGDXZCGNQNFNR,Women,Kurta,Lajo,Lajo Women's Salwar and Kurta Set,1714,3500,51,,,,https://img5a.flixcart.com/image/ethnic-set/f/n/r/lfa1049-lajo-44-original-imaegbzdmqskyqft.jpeg,https://www.flipkart.com/lajo-women-s-salwar-kurta-set/p/itmegdxzayeetjns?pid=ETHEGDXZCGNQNFNR
flipkart,NDNEGCU4QZJUYCWG,Women,Dresses,Simrit,Simrit Women's Nighty,895,2985,70,,,,https://img5a.flixcart.com/image/night-dress-nighty/c/w/g/cn-24-ngt133-1-ngt128-4-pink-red-simrit-free-original-imaegcs6g5xr8wnv.jpeg,https://www.flipkart.com/simrit-women-s-nighty/p/itmegcu4ggcerdx5?pid=NDNEGCU4QZJUYCWG
flipkart,ETHEGEZ4RUMMYBJC,Women,Dupatta,Ninecolours,Ninecolours Women's Churidar and Dupatta Set,659,2000,67,,,,https://img5a.flixcart.com/image/ethnic-set/b/j/c/sm0561055-ninecolours-free-original-imaegyjxhswvz26r.jpeg,https://www.flipkart.com/ninecolours-women-s-churidar-dupatta-set/p/itmegez4hrzdvkfg?pid=ETHEGEZ4RUMMYBJC
flipkart,ETHEGCR2FGRZBAEJ,Women,Top,Sitaram,Sitaram Women's Top and Skirt Set,1599,3299,52,,,,https://img5a.flixcart.com/image/ethnic-set/a/e/j/mb-navyblue23-sitaram-free-original-imaef2a9hv2b2nre.jpeg,https://www.flipkart.com/sitaram-women-s-top-skirt-set/p/itmegcr2bnnehzhh?pid=ETHEGCR2FGRZBAEJ
flipkart,ETHEGBVP6N5NEVGA,Women,Dupatta,Lajo,Lajo Women's Salwar and Dupatta Set,1372,2500,45,,,,https://img6a.flixcart.com/image/ethnic-set/v/g/a/lfa1261-lajo-44-original-imaegbnhbhz4cyce.jpeg,https://www.flipkart.com/lajo-women-s-salwar-dupatta-set/p/itmegbvpahzhfwkm?pid=ETHEGBVP6N5NEVGA
flipkart,ETHEGBVP9VHFZD7R,Women,Dupatta,Lajo,Lajo Women's Salwar and Dupatta Set,3372,5500,39,,,,https://img6a.flixcart.com/image/ethnic-set/d/7/r/lfa1265-lajo-44-original-imaegbnh88rpjgqq.jpeg,https://www.flipkart.com/lajo-women-s-salwar-dupatta-set/p/itmegbvp2fwfvxta?pid=ETHEGBVP9VHFZD7R
flipkart,ETHEGDXNPERZTMUZ,Women,Kurta,Lajo,Lajo Women's Salwar and Kurta Set,1714,3400,50,,,,https://img5a.flixcart.com/image/ethnic-set/m/u/z/lfa1047-lajo-44-original-imaegbzdvkzmt4qz.jpeg,https://www.flipkart.com/lajo-women-s-salwar-kurta-set/p/itmegdxnuhrudc28?pid=ETHEGDXNPERZTMUZ
flipkart,ETHEGF9FCGSZTGUN,Women,Top,Atithee,Atithee Women's Top and Skirt Set,1695,2495,32,,,,https://img6a.flixcart.com/image/ethnic-set/g/z/g/ae03-028-atithee-xl-original-imaegf2y3muudet9.jpeg,https://www.flipkart.com/atithee-women-s-top-skirt-set/p/itmegf9f2xkym9ru?pid=ETHEGF9FCGSZTGUN
flipkart,ETHEGCR3PYGB3MA4,Women,Top,Sitaram,Sitaram Women's Top and Skirt Set,1599,3999,60,,,,https://img5a.flixcart.com/image/ethnic-set/m/a/4/sf87darshti-black23-sitaram-free-original-imaeg97gtndhughb.jpeg,https://www.flipkart.com/sitaram-women-s-top-skirt-set/p/itmegcr3vgfqjcwe?pid=ETHEGCR3PYGB3MA4
flipkart,ETHEGDTGFYZ7FGFT,Women,Dupatta,Lajo,Lajo Women's Salwar and Dupatta Set,2022,4000,49,,,,https://img5a.flixcart.com/image/ethnic-set/g/f/t/lfa1287-lajo-42-original-imaegbnhwegqdhyy.jpeg,https://www.flipkart.com/lajo-women-s-salwar-dupatta-set/p/itmegdtgghqjuzuc?pid=ETHEGDTGFYZ7FGFT
flipkart,ETHEGBVZYY5VGZU4,Women,Dupatta,Lajo,Lajo Women's Salwar and Dupatta Set,2847,5500,48,,,,https://img6a.flixcart.com/image/ethnic-set/z/u/4/lfa1228-lajo-44-original-imaegbnhgx8zafph.jpeg,https://www.flipkart.com/lajo-women-s-salwar-dupatta-set/p/itmegbvztsrj6s74?pid=ETHEGBVZYY5VGZU4
flipkart,ETHEGDTGRWRVJQGP,Women,Dupatta,Lajo,Lajo Women's Salwar and Dupatta Set,2089,4000,48,,,,https://img6a.flixcart.com/image/ethnic-set/q/g/p/lfa1283-lajo-42-original-imaegbnhfdvhxafp.jpeg,https://www.flipkart.com/lajo-women-s-salwar-dupatta-set/p/itmegdtgvwyftydm?pid=ETHEGDTGRWRVJQGP
flipkart,NDNEGCSG2JYTXSYU,Women,Dresses,Simrit,Simrit Women's Nighty,895,2985,70,,,,https://img6a.flixcart.com/image/night-dress-nighty/s/y/u/cn-19-ngt131-4-ngt129-2-pink-pink-simrit-free-original-imaegczchkymdgrk.jpeg,https://www.flipkart.com/simrit-women-s-nighty/p/itmegcsgj8dd6zrk?pid=NDNEGCSG2JYTXSYU
flipkart,ETHEGDRCZHGFREBW,Women,Dupatta,Shreeka,Shreeka Women's Patiala and Dupatta Set,699,1499,53,,,,https://img6a.flixcart.com/image/ethnic-set/e/b/w/sfpt-4-shreeka-free-original-imaegbkgkdrjszgk.jpeg,https://www.flipkart.com/shreeka-women-s-patiala-dupatta-set/p/itmegdrcz5zshsbz?pid=ETHEGDRCZHGFREBW
flipkart,ETHEGBVPKX3ZDAES,Women,Dupatta,Lajo,Lajo Women's Salwar and Dupatta Set,3372,4500,25,,,,https://img6a.flixcart.com/image/ethnic-set/a/e/s/lfa1268-lajo-44-original-imaegbnhbxwz2fbk.jpeg,https://www.flipkart.com/lajo-women-s-salwar-dupatta-set/p/itmegbvpzysuybg8?pid=ETHEGBVPKX3ZDAES
flipkart,NDNEGCU36N5GTM3Y,Women,Dresses,Simrit,Simrit Women's Nighty,895,2985,70,,,,https://img6a.flixcart.com/image/night-dress-nighty/m/3/y/cn-23-ngt132-4-ngt131-4-brown-pink-simrit-free-original-imaegcs66zhxpxrm.jpeg,https://www.flipkart.com/simrit-women-s-nighty/p/itmegcu3cdcgcxfv?pid=NDNEGCU36N5GTM3Y
flipkart,ETHEGD3EJ6BMAF7H,Women,Kurta,Cynthia's Fashion,"Cynthia's Fashion Women's, Girl's Kurta, Pyjama & Dupatta Set",1999,3999,50,,,,https://img6a.flixcart.com/image/ethnic-set/c/4/v/cfk-som-dssk-ak284-peach-cynthia-s-fashion-free-original-imaegd29phxgtstp.jpeg,https://www.flipkart.com/cynthia-s-fashion-women-s-girl-s-kurta-pyjama-dupatta-set/p/itmegd3eqzcvx9fd?pid=ETHEGD3EJ6BMAF7H
flipkart,ETHEGBVPBYTNMZ7Y,Women,Dupatta,Lajo,Lajo Women's Salwar and Dupatta Set,3372,5500,39,,,,https://img5a.flixcart.com/image/ethnic-set/z/7/y/lfa1267-lajo-44-original-imaegbnhxzrpzssv.jpeg,https://www.flipkart.com/lajo-women-s-salwar-dupatta-set/p/itmegbvpp9hnndg8?pid=ETHEGBVPBYTNMZ7Y
flipkart,ETHEGBVZJYJKHKZH,Women,Dupatta,Lajo,Lajo Women's Salwar and Dupatta Set,2847,5500,48,,,,https://img5a.flixcart.com/image/ethnic-set/k/z/h/lfa1225-lajo-44-original-imaegbnhkuvrtfha.jpeg,https://www.flipkart.com/lajo-women-s-salwar-dupatta-set/p/itmegbvz8bzbjbgr?pid=ETHEGBVZJYJKHKZH
flipkart,NDNEGCSG2EKSBYHG,Women,Dresses,Simrit,Simrit Women's Nighty,895,2985,70,,,,https://img5a.flixcart.com/image/night-dress-nighty/y/h/g/cn-20-ngt132-1-ngt127-3-purple-pink-simrit-free-original-imaegczc3vnbrad4.jpeg,https://www.flipkart.com/simrit-women-s-nighty/p/itmegcsgyhzg3w8g?pid=NDNEGCSG2EKSBYHG
flipkart,ETHEGDTGZMBPGZGG,Women,Dupatta,Lajo,Lajo Women's Salwar and Dupatta Set,2022,4000,49,,,,https://img5a.flixcart.com/image/ethnic-set/z/g/g/lfa1293-lajo-42-original-imaegbnhhbhahq6h.jpeg,https://www.flipkart.com/lajo-women-s-salwar-dupatta-set/p/itmegdtgczehgfkv?pid=ETHEGDTGZMBPGZGG
flipkart,ETHEGCR4DPEVRZZF,Women,Top,Sitaram,Sitaram Women's Top and Skirt Set,1599,3999,60,,,,https://img5a.flixcart.com/image/ethnic-set/z/z/f/aashiyana-red-black23-sitaram-free-original-imaeesfsdgcndgqd.jpeg,https://www.flipkart.com/sitaram-women-s-top-skirt-set/p/itmegcr4zh7hzry6?pid=ETHEGCR4DPEVRZZF
flipkart,NDNEGCSGGMCWGFNW,Women,Dresses,Simrit,Simrit Women's Nighty,895,2985,70,,,,https://img6a.flixcart.com/image/night-dress-nighty/f/n/w/cn-19-ngt131-4-ngt128-4-pink-red-simrit-free-original-imaegczchxtzjghf.jpeg,https://www.flipkart.com/simrit-women-s-nighty/p/itmegcsgr2sgb287?pid=NDNEGCSGGMCWGFNW
flipkart,NDNEGCSGWWRHXNQV,Women,Dresses,Simrit,Simrit Women's Nighty,895,2985,70,,,,https://img6a.flixcart.com/image/night-dress-nighty/n/q/v/cn-19-ngt131-4-ngt130-4-pink-blue-simrit-free-original-imaegczcazsr6gh5.jpeg,https://www.flipkart.com/simrit-women-s-nighty/p/itmegcsgdh8yrfps?pid=NDNEGCSGWWRHXNQV
flipkart,ETHEGBVZJJWYVKVQ,Women,Dupatta,Lajo,Lajo Women's Salwar and Dupatta Set,2514,4500,44,,,,https://img5a.flixcart.com/image/ethnic-set/k/v/q/lfa1182-lajo-42-original-imaegbnhxyxsk4h7.jpeg,https://www.flipkart.com/lajo-women-s-salwar-dupatta-set/p/itmegbvzfkhxtkaq?pid=ETHEGBVZJJWYVKVQ
flipkart,NDNEGCU4WZWXZVYH,Women,Dresses,Simrit,Simrit Women's Nighty,895,2985,70,,,,https://img6a.flixcart.com/image/night-dress-nighty/v/y/h/cn-24-ngt133-1-ngt129-2-pink-pink-simrit-free-original-imaegcs6zfubzju3.jpeg,https://www.flipkart.com/simrit-women-s-nighty/p/itmegcu4egefhehb?pid=NDNEGCU4WZWXZVYH
flipkart,ETHEGDTGYZMMUAQG,Women,Dupatta,Lajo,Lajo Women's Salwar and Dupatta Set,2089,4000,48,,,,https://img6a.flixcart.com/image/ethnic-set/a/q/g/lfa1292-lajo-42-original-imaegbnhujupx6jy.jpeg,https://www.flipkart.com/lajo-women-s-salwar-dupatta-set/p/itmegdtgmgcgxzcm?pid=ETHEGDTGYZMMUAQG
flipkart,ETHEGBVZSVRDGPBC,Women,Dupatta,Lajo,Lajo Women's Salwar and Dupatta Set,2264,4500,50,,,,https://img5a.flixcart.com/image/ethnic-set/p/b/c/lfa1177-lajo-42-original-imaegbnhacexkzaa.jpeg,https://www.flipkart.com/lajo-women-s-salwar-dupatta-set/p/itmegbvzjqnbygea?pid=ETHEGBVZSVRDGPBC
flipkart,NDNEGCU6HKGDZNDE,Women,Dresses,Simrit,Simrit Women's Nighty,895,2985,70,,,,https://img5a.flixcart.com/image/night-dress-nighty/n/d/e/cn-27-ngt133-4-ngt127-2-blue-brown-simrit-free-original-imaegcs6puyhdywj.jpeg,https://www.flipkart.com/simrit-women-s-nighty/p/itmegcu6y6wqnxxm?pid=NDNEGCU6HKGDZNDE
flipkart,NDNEGCSGGYWR4CBH,Women,Dresses,Simrit,Simrit Women's Nighty,895,2985,70,,,,https://img6a.flixcart.com/image/night-dress-nighty/c/b/h/cn-18-ngt131-3-ngt133-3-blue-green-simrit-free-original-imaegczcmu4bpuwx.jpeg,https://www.flipkart.com/simrit-women-s-nighty/p/itmegcsgvnczgfte?pid=NDNEGCSGGYWR4CBH
flipkart,NDNEGCU2N8CPHWKB,Women,Dresses,Simrit,Simrit Women's Nighty,895,2985,70,,,,https://img6a.flixcart.com/image/night-dress-nighty/w/k/b/cn-23-ngt132-4-ngt129-4-brown-green-simrit-free-original-imaegcs6uekchtfh.jpeg,https://www.flipkart.com/simrit-women-s-nighty/p/itmegcu28tashgf4?pid=NDNEGCU2N8CPHWKB
flipkart,NDNEGCU4SNXHEBS2,Women,Dresses,Simrit,Simrit Women's Nighty,895,2985,70,,,,https://img5a.flixcart.com/image/night-dress-nighty/b/s/2/cn-23-ngt132-4-ngt132-2-brown-green-simrit-free-original-imaegcs6z8d4zuju.jpeg,https://www.flipkart.com/simrit-women-s-nighty/p/itmegcu4kdpgv3dx?pid=NDNEGCU4SNXHEBS2
flipkart,NDNEGCSGDCHBZYGF,Women,Dresses,Simrit,Simrit Women's Nighty,895,2985,70,,,,https://img6a.flixcart.com/image/night-dress-nighty/y/g/f/cn-18-ngt131-3-ngt133-2-blue-brown-simrit-free-original-imaegczczdmt7gew.jpeg,https://www.flipkart.com/simrit-women-s-nighty/p/itmegcsgx859s265?pid=NDNEGCSGDCHBZYGF
flipkart,ETHEGBVZG4VJZAWT,Women,Dupatta,Lajo,Lajo Women's Salwar and Dupatta Set,7664,9000,15,,,,https://img5a.flixcart.com/image/ethnic-set/a/w/t/lfa1223-lajo-44-original-imaegbnhkufkrheq.jpeg,https://www.flipkart.com/lajo-women-s-salwar-dupatta-set/p/itmegbvz5zubezpf?pid=ETHEGBVZG4VJZAWT
flipkart,NDNEGCUFGS2Z8QMM,Women,Dresses,Simrit,Simrit Women's Nighty,895,2985,70,,,,https://img6a.flixcart.com/image/night-dress-nighty/q/m/m/cn-21-ngt132-2-ngt129-3-green-blue-simrit-free-original-imaegcs6kpztzh8h.jpeg,https://www.flipkart.com/simrit-women-s-nighty/p/itmegcuf9hszmrtg?pid=NDNEGCUFGS2Z8QMM
flipkart,ETHEGDRBZRVDJUDP,Women,Dupatta,Shreeka,Shreeka Women's Patiala and Dupatta Set,699,1499,53,,,,https://img5a.flixcart.com/image/ethnic-set/u/d/p/sfpt-7-shreeka-free-1000x1000-imaeg3hudnnzydc9.jpeg,https://www.flipkart.com/shreeka-women-s-patiala-dupatta-set/p/itmegdrbggzg7vep?pid=ETHEGDRBZRVDJUDP
flipkart,ETHEGBVZX6WHXAK6,Women,Kurta,Lajo,"Lajo Women's Kurta, Pyjama & Dupatta Set",3964,5500,28,,,,https://img5a.flixcart.com/image/ethnic-set/a/k/6/lfa1134-lajo-42-original-imaegbnhtqz7fuc7.jpeg,https://www.flipkart.com/lajo-women-s-kurta-pyjama-dupatta-set/p/itmegbvzqpdcweyp?pid=ETHEGBVZX6WHXAK6
flipkart,NDNEGCSG7UGYCVR6,Women,Dresses,Simrit,Simrit Women's Nighty,895,2985,70,,,,https://img5a.flixcart.com/image/night-dress-nighty/v/r/6/cn-19-ngt131-4-ngt127-1-pink-green-simrit-free-original-imaegczdyzkwpkma.jpeg,https://www.flipkart.com/simrit-women-s-nighty/p/itmegcsgz4h9pdne?pid=NDNEGCSG7UGYCVR6
flipkart,ETHEG3ZNFDZFZHRN,Women,Dupatta,RONAKSILK,RONAKSILK Women's Churidar and Dupatta Set,1049,4999,79,,,,https://img6a.flixcart.com/image/ethnic-set/h/r/n/26-ronaksilk-free-original-imae8qehhb5samcx.jpeg,https://www.flipkart.com/ronaksilk-women-s-churidar-dupatta-set/p/itmeg3zntjvzjew6?pid=ETHEG3ZNFDZFZHRN
flipkart,NDNEGCSGHZQ3RZQ5,Women,Dresses,Simrit,Simrit Women's Nighty,895,2985,70,,,,https://img5a.flixcart.com/image/night-dress-nighty/z/q/5/cn-19-ngt131-4-ngt129-3-pink-blue-simrit-free-original-imaegczczdz4ezta.jpeg,https://www.flipkart.com/simrit-women-s-nighty/p/itmegcsgfjktmqhr?pid=NDNEGCSGHZQ3RZQ5
flipkart,ETHEGDFG6MBCVEHY,Women,Kurta,KA,"KA Women's Kurta, Pyjama & Dupatta Set",999,1450,31,,,,https://img6a.flixcart.com/image/ethnic-set/e/h/y/ka-0011-l-ka-l-original-imaegasej9qqn887.jpeg,https://www.flipkart.com/ka-women-s-kurta-pyjama-dupatta-set/p/itmegdfgv3gtchmx?pid=ETHEGDFG6MBCVEHY
flipkart,NDNEGCU2VAGYHJWE,Women,Dresses,Simrit,Simrit Women's Nighty,895,2985,70,,,,https://img6a.flixcart.com/image/night-dress-nighty/j/w/e/cn-23-ngt132-4-ngt128-4-brown-red-simrit-free-original-imaegcs65zjksvhm.jpeg,https://www.flipkart.com/simrit-women-s-nighty/p/itmegcu2ndgzhdhe?pid=NDNEGCU2VAGYHJWE
flipkart,NDNEGCREJABZSCGH,Women,Dresses,Simrit,Simrit Women's Nighty,895,2985,70,,,,https://img5a.flixcart.com/image/night-dress-nighty/c/g/h/cn-16-ngt131-1-ngt128-3-purple-green-simrit-free-original-imaegczcgkrgg7tn.jpeg,https://www.flipkart.com/simrit-women-s-nighty/p/itmegcrehfejc8qn?pid=NDNEGCREJABZSCGH
flipkart,ETHEGDTGYCFHJEEF,Women,Dupatta,Lajo,Lajo Women's Salwar and Dupatta Set,2089,4000,48,,,,https://img5a.flixcart.com/image/ethnic-set/e/e/f/lfa1294-lajo-42-original-imaegbnhrhh2hthk.jpeg,https://www.flipkart.com/lajo-women-s-salwar-dupatta-set/p/itmegdtgxghkhfh7?pid=ETHEGDTGYCFHJEEF
flipkart,ETHEGBVPYKM2GZUY,Women,Dupatta,Lajo,Lajo Women's Salwar and Dupatta Set,1388,2500,44,,,,https://img5a.flixcart.com/image/ethnic-set/z/u/y/lfa1251-lajo-44-original-imaegbnhfye2s2gb.jpeg,https://www.flipkart.com/lajo-women-s-salwar-dupatta-set/p/itmegbvpgfe5uasy?pid=ETHEGBVPYKM2GZUY
flipkart,NDNEGCSHMXV2NY4Q,Women,Dresses,Simrit,Simrit Women's Nighty,895,2985,70,,,,https://img6a.flixcart.com/image/night-dress-nighty/y/4/q/cn-20-ngt132-1-ngt129-2-purple-pink-simrit-free-original-imaegczcwxxqzxer.jpeg,https://www.flipkart.com/simrit-women-s-nighty/p/itmegcshyv5fxd6g?pid=NDNEGCSHMXV2NY4Q
flipkart,ETHEGBVZCUGD8FVA,Women,Dupatta,Lajo,Lajo Women's Salwar and Dupatta Set,7664,9000,15,,,,https://img6a.flixcart.com/image/ethnic-set/f/v/a/lfa1176-lajo-42-original-imaegbnhmp7gjthb.jpeg,https://www.flipkart.com/lajo-women-s-salwar-dupatta-set/p/itmegbvz2fkemtj9?pid=ETHEGBVZCUGD8FVA
flipkart,TOPEBKPFZSBVQMNT,Women,Tops,,Kothari Casual Short Sleeve Printed Girl's Top,699,1505,54,,,,https://img6a.flixcart.com/image/top/w/5/u/36-24-spn407cb-2-kothari-2-3-years-original-imaeb5ffzapjgqht.jpeg,https://www.flipkart.com/kothari-casual-short-sleeve-printed-girl-s-top/p/itmebkpfqgqyhprc?pid=TOPEBKPFZSBVQMNT
flipkart,KRTEH3J5FGQTYMGH,Women,Kurti,Inddus,Inddus Party Printed Women's Kurti,850,2150,60,,,,https://img5a.flixcart.com/image/kurti/m/g/h/ind-amb-5105-m-inddus-40-1000x1000-imaeh3fq3sff68zx.jpeg,https://www.flipkart.com/inddus-party-printed-women-s-kurti/p/itmeh3j5bzg6ydtj?pid=KRTEH3J5FGQTYMGH
flipkart,FABEG2WVGXFDJUHQ,Women,Clothing,Fabcart,Fabcart Chanderi Embroidered Semi-stitched Salwar Suit Material,839,4199,80,,,,https://img5a.flixcart.com/image/fabric/2/s/9/tfw148-03-g3-the-fashion-world-original-imae62jgr6ap3fbx.jpeg,https://www.flipkart.com/fabcart-chanderi-embroidered-semi-stitched-salwar-suit-material/p/itmeg2wvnru4zccr?pid=FABEG2WVGXFDJUHQ
flipkart,SPWEGBPF5DGQKAXP,Women,Shapewear,Wetex Premium,Wetex Premium Women's Shapewear,495,1299,62,,,,https://img6a.flixcart.com/image/shapewear/a/x/p/shape003-wetex-premium-xxl-original-imaegacm3hxz8cmd.jpeg,https://www.flipkart.com/wetex-premium-women-s-shapewear/p/itmegbpfpwzbgs5m?pid=SPWEGBPF5DGQKAXP
flipkart,FABEG9CY7FZQQJYE,Women,Clothing,Styleworld,"Styleworld Chanderi, Cotton Embroidered Semi-stitched Salwar Suit Dupatta Material",1392,2952,53,,,,https://img6a.flixcart.com/image/fabric/j/y/e/021-is-styleworld-original-imaeg96z2kbhkgfc.jpeg,https://www.flipkart.com/styleworld-chanderi-cotton-embroidered-semi-stitched-salwar-suit-dupatta-material/p/itmeg9cyakjfnnct?pid=FABEG9CY7FZQQJYE
flipkart,FABEEV2GHKHKJYPP,Women,Suit,Simran,Simran Synthetic Floral Print Salwar Suit Material,470,1000,53,,,,https://img5a.flixcart.com/image/fabric/y/p/p/simran-pink-simran-1000x1000-imaeem98kvwwwyn5.jpeg,https://www.flipkart.com/simran-synthetic-floral-print-salwar-suit-material/p/itmeev2gyeektghj?pid=FABEEV2GHKHKJYPP
flipkart,SPWEG9DBHFCF3MZZ,Women,Shapewear,Da intimo,Da intimo Women's Shapewear,1740,1740,,,,,https://img6a.flixcart.com/image/shapewear/m/z/z/dia-74-da-intimo-m-original-imaeg98544bffst8.jpeg,https://www.flipkart.com/da-intimo-women-s-shapewear/p/itmeg9db84gfmvke?pid=SPWEG9DBHFCF3MZZ
flipkart,SPWEGAHTJNDNSPNT,Women,Shapewear,GOLDEN GIRL,GOLDEN GIRL Women's Shapewear,485,1299,63,,,,https://img5a.flixcart.com/image/shapewear/q/9/g/shape006-golden-girl-l-original-imaegactc2tdeysr.jpeg,https://www.flipkart.com/golden-girl-women-s-shapewear/p/itmegahtcusfgndx?pid=SPWEGAHTJNDNSPNT
flipkart,SPWEF6S6SNGZWYHZ,Women,Shapewear,Sizzlacious,Sizzlacious Women's Shapewear,549,999,45,,,,https://img6a.flixcart.com/image/shapewear/y/g/g/szt-crst-pnty-blk-sizzlacious-xl-original-imaef6jb8hc5jpuj.jpeg,https://www.flipkart.com/sizzlacious-women-s-shapewear/p/itmef6s6pyzk8szm?pid=SPWEF6S6SNGZWYHZ
flipkart,SPWEGAB6HHGERCGS,Women,Shapewear,Viyasha,"Viyasha Women's, Girl's Shapewear",330,499,34,,,,https://img5a.flixcart.com/image/shapewear/d/8/k/s3-viyasha-xxl-original-imaeg9zmdgcsrffb.jpeg,https://www.flipkart.com/viyasha-women-s-girl-s-shapewear/p/itmegab6k4p6fuht?pid=SPWEGAB6HHGERCGS
flipkart,SPWEGCNKUCZFESYG,Women,Shapewear,Wonder World,Wonder World Women's Shapewear,550,2999,82,,,,https://img6a.flixcart.com/image/shapewear/s/y/g/thigh-shaper-wonder-world-l-700x700-imaebnwdqvsuqkhb.jpeg,https://www.flipkart.com/wonder-world-women-s-shapewear/p/itmegcnkugcnnwkj?pid=SPWEGCNKUCZFESYG
flipkart,SPWEGBPFJB9NHRWH,Women,Shapewear,Wetex Premium,Wetex Premium Women's Shapewear,495,1299,62,,,,https://img5a.flixcart.com/image/shapewear/h/c/f/shape002-wetex-premium-l-original-imaegackzhefey9a.jpeg,https://www.flipkart.com/wetex-premium-women-s-shapewear/p/itmegbpfhzdytrkr?pid=SPWEGBPFJB9NHRWH
flipkart,FABEGBT3NZXS32YG,Women,Clothing,texclusive,texclusive Silk Embroidered Semi-stitched Salwar Suit Dupatta Material,2190,5000,56,,,,https://img6a.flixcart.com/image/fabric/2/y/g/texvkmra-50006-texclusive-original-imaegbjh4g2gwdmq.jpeg,https://www.flipkart.com/texclusive-silk-embroidered-semi-stitched-salwar-suit-dupatta-material/p/itmegbt3d43pfueg?pid=FABEGBT3NZXS32YG
flipkart,SPWEFFPGEPTYZDNZ,Women,Shapewear,Man2 OSH Kimaka,Man2 OSH Kimaka Men's Shapewear,645,1655,61,,,,https://img6a.flixcart.com/image/shapewear/g/x/3/toyausd-indi-man2-osh-kimaka-xxl-original-imaeffhvgku29jzk.jpeg,https://www.flipkart.com/man2-osh-kimaka-men-s-shapewear/p/itmeffpgwj3kzmz3?pid=SPWEFFPGEPTYZDNZ
flipkart,FABEG4ZBHZ7K3GFY,Women,Clothing,Gopalvilla,Gopalvilla Georgette Embroidered Semi-stitched Salwar Suit Dupatta Material,1299,2499,48,,,,https://img6a.flixcart.com/image/fabric/g/f/y/sf89-gopalvilla-original-imaeg3rkcwvsyjuc.jpeg,https://www.flipkart.com/gopalvilla-georgette-embroidered-semi-stitched-salwar-suit-dupatta-material/p/itmeg4zbzbxdgu3m?pid=FABEG4ZBHZ7K3GFY
flipkart,FABEGAMP7ST6KS5F,Women,Clothing,NEWLOOK,NEWLOOK Georgette Embroidered Semi-stitched Salwar Suit Dupatta Material,1499,4599,67,,,,https://img5a.flixcart.com/image/fabric/v/j/h/nsw-smartlook-original-imaeg9emqdawhaz5.jpeg,https://www.flipkart.com/newlook-georgette-embroidered-semi-stitched-salwar-suit-dupatta-material/p/itmegamp9pgzfkvh?pid=FABEGAMP7ST6KS5F
flipkart,FABEGBT4TYKNDRXP,Women,Clothing,Awesome Fab,Awesome Fab Georgette Embroidered Semi-stitched Salwar Suit Dupatta Material,1699,3999,58,,,,https://img5a.flixcart.com/image/fabric/r/x/p/karishma-3009-01-awesome-fab-1000x1000-imaegbjspb23krqx.jpeg,https://www.flipkart.com/awesome-fab-georgette-embroidered-semi-stitched-salwar-suit-dupatta-material/p/itmegbt45hhbgqdy?pid=FABEGBT4TYKNDRXP
flipkart,FABEGEYCENJAZQF9,Women,Clothing,NEWLOOK,NEWLOOK Net Embroidered Semi-stitched Salwar Suit Dupatta Material,1599,3999,60,,,,https://img6a.flixcart.com/image/fabric/n/t/q/kjpoq-newlook-original-imae9cjn3jayxnyx.jpeg,https://www.flipkart.com/newlook-net-embroidered-semi-stitched-salwar-suit-dupatta-material/p/itmegeycm4wezett?pid=FABEGEYCENJAZQF9
flipkart,FABEGCGXCDYRFANH,Women,Clothing,kush creation,kush creation Cotton Embroidered Semi-stitched Salwar Suit Dupatta Material,1199,2200,45,,,,https://img5a.flixcart.com/image/fabric/a/n/h/vaibhav206k-kush-creation-original-imaegcg49qvywbhr.jpeg,https://www.flipkart.com/kush-creation-cotton-embroidered-semi-stitched-salwar-suit-dupatta-material/p/itmegcgx5z7dbhm4?pid=FABEGCGXCDYRFANH
flipkart,SAREJHNQXH2Y7GWV,Women,Sarees,Fashiondeal,Fashiondeal Printed Daily Wear Cotton Sari,499,1249,60,,,,https://img5a.flixcart.com/image/sari/g/w/v/1-1-dnbs178-fashiondeal-original-imaejkeugsvmpkbs.jpeg,https://www.flipkart.com/fashiondeal-printed-daily-wear-cotton-sari/p/itmejhnqs4brv6zy?pid=SAREJHNQXH2Y7GWV
flipkart,SAREJHHUWBDYMHX5,Women,Sarees,jay fashion,jay fashion Floral Print Bollywood Georgette Sari,999,1299,23,,,,https://img6a.flixcart.com/image/sari/h/x/5/na-na-aw104-jay-fashion-original-imaefgzyqbdhvyx4.jpeg,https://www.flipkart.com/jay-fashion-floral-print-bollywood-georgette-sari/p/itmejhhufughjpfa?pid=SAREJHHUWBDYMHX5
flipkart,SAREJHHUGRH4HPJX,Women,Sarees,jay fashion,jay fashion Floral Print Bollywood Georgette Sari,999,1299,23,,,,https://img6a.flixcart.com/image/sari/p/j/x/na-na-aw122-jay-fashion-original-imaefgzy6zydgpxa.jpeg,https://www.flipkart.com/jay-fashion-floral-print-bollywood-georgette-sari/p/itmejhhuqra3uhea?pid=SAREJHHUGRH4HPJX
flipkart,SAREJH8YZC3ZBPVH,Women,Sarees,KAPFAB,KAPFAB Printed Daily Wear Art Silk Sari,425,999,57,,,,https://img5a.flixcart.com/image/sari/p/v/h/1-1-aks259-kapfab-original-imaejjcefpjxzgsd.jpeg,https://www.flipkart.com/kapfab-printed-daily-wear-art-silk-sari/p/itmejh8ym7xryhrc?pid=SAREJH8YZC3ZBPVH
flipkart,RUGEHHZCGYK3YZ6J,Women,Shrug,Orange and Orchid,Orange and Orchid Women's Shrug,799,1599,50,,,Orange,https://img6a.flixcart.com/image/shrug/z/6/j/srg032-orange-and-orchid-free-original-imaehhudqq5uvyge.jpeg,https://www.flipkart.com/orange-orchid-women-s-shrug/p/itmehhzchcqxkgxy?pid=RUGEHHZCGYK3YZ6J
flipkart,RUGEHEM9NKDVTGBC,Women,Shrug,SKIDLERS,SKIDLERS Women's Shrug,375,999,62,,,,https://img6a.flixcart.com/image/shrug/g/b/c/design-20-image-24-net-all-free-skidlers-free-original-imaehdvuuqty3mgm.jpeg,https://www.flipkart.com/skidlers-women-s-shrug/p/itmehem9gasuhgec?pid=RUGEHEM9NKDVTGBC
flipkart,RUGEHKBZ2SS8TH6Q,Women,Shrug,PURYS,PURYS Women's Shrug,749,749,,,,,https://img5a.flixcart.com/image/shrug/h/6/q/e-160841sp-3351-purys-free-original-imaehjumjxeqbamz.jpeg,https://www.flipkart.com/purys-women-s-shrug/p/itmehkbzhyw8mtyy?pid=RUGEHKBZ2SS8TH6Q
flipkart,RUGEHHZCCFZWXSJA,Women,Shrug,Orange and Orchid,Orange and Orchid Women's Shrug,799,1599,50,,,Orange,https://img6a.flixcart.com/image/shrug/s/j/a/srg034-orange-and-orchid-free-original-imaehhudgc7wq65z.jpeg,https://www.flipkart.com/orange-orchid-women-s-shrug/p/itmehhzcvkzq3d9h?pid=RUGEHHZCCFZWXSJA
flipkart,NDNEG9SFKQPDB8WZ,Women,Dresses,NIROSHA,NIROSHA Women's Nighty,479,1437,67,,,,https://img5a.flixcart.com/image/night-dress-nighty/8/w/z/nighty-set-with-robe-light-pink-nirosha-free-original-imaeyw2he4ehe85b.jpeg,https://www.flipkart.com/nirosha-women-s-nighty/p/itmeg9sffjphuca4?pid=NDNEG9SFKQPDB8WZ
flipkart,TROEFJ39G5YZWHSU,Women,Trousers,UCB,UCB Baby Girl's Trousers,626,1099,43,,,,https://img5a.flixcart.com/image/trouser/h/v/2/16p3z6ni0209g1ab-ucb-11-12-years-original-imaehyzbjbvydhj7.jpeg,https://www.flipkart.com/ucb-baby-girl-s-trousers/p/itmehjaqjxgaedjw?pid=TROEFJ39G5YZWHSU
flipkart,TROEFJ39TCJCFGXN,Women,Trousers,UCB,UCB Baby Girl's Trousers,797,1399,43,,,,https://img5a.flixcart.com/image/trouser/r/a/k/16p4denc03eii901-ucb-5-6-years-1000x1000-imaegwea2shrnh8v.jpeg,https://www.flipkart.com/ucb-baby-girl-s-trousers/p/itmehjarrpxzzdjv?pid=TROEFJ39TCJCFGXN
flipkart,JEAEC87ZBHGBMVZC,Women,Jeans,Mast & Harbour,Mast & Harbour Skinny Fit Women's Jeans,1044,1899,45,5.0,,,https://img6a.flixcart.com/image/jean/h/4/y/883839-mast-harbour-26-1000x1000-imaec4c33tkfxpab.jpeg,https://www.flipkart.com/mast-harbour-skinny-fit-women-s-jeans/p/itmec87zzcxvq2k4?pid=JEAEC87ZBHGBMVZC
flipkart,RUGEJ3NKH6GBNKSF,Women,Shrug,ZALULA,ZALULA Women's Shrug,854,1800,53,,,,https://img6a.flixcart.com/image/shrug/t/c/2/cb010303161244-zalula-free-original-imaej27xuum6t56j.jpeg,https://www.flipkart.com/zalula-women-s-shrug/p/itmej3nkumsaa7km?pid=RUGEJ3NKH6GBNKSF
flipkart,SAREJWNNYX39NHC8,Women,Sarees,Khwaab Enterprise,"Khwaab Enterprise Self Design Fashion Chiffon, Satin Sari",799,1499,47,,,,https://img6a.flixcart.com/image/sari/h/c/8/1-1-wsv27-khwaab-enterprise-original-imaejgzbghyb8qkx.jpeg,https://www.flipkart.com/khwaab-enterprise-self-design-fashion-chiffon-satin-sari/p/itmejwnn2kr2j9ex?pid=SAREJWNNYX39NHC8
flipkart,SAREJWN4Y4AE8AHQ,Women,Sarees,Khwaab Enterprise,Khwaab Enterprise Solid Fashion Chiffon Sari,499,899,44,,,,https://img5a.flixcart.com/image/sari/a/h/q/1-1-wsv94-khwaab-enterprise-original-imae3f7sktkcdgxk.jpeg,https://www.flipkart.com/khwaab-enterprise-solid-fashion-chiffon-sari/p/itmejwnhfszq4yvh?pid=SAREJWN4Y4AE8AHQ
flipkart,DREEGN5RBUBWAV6G,Women,Dresses,MomToBe,MomToBe Women's A-line Green Dress,1495,1645,9,,,Green,https://img5a.flixcart.com/image/dress/c/x/f/mohgrenflorpd1114-momtobe-m-original-imaegmwy9ncyharj.jpeg,https://www.flipkart.com/momtobe-women-s-a-line-green-dress/p/itmegn5rhhvvethg?pid=DREEGN5RBUBWAV6G
flipkart,DREEGJ7G6ZAH6FUG,Women,Dresses,Lady Stark,Lady Stark Women's Maxi Multicolor Dress,655,2250,71,,,Multicolour,https://img5a.flixcart.com/image/dress/7/x/g/lsdr4504-lady-stark-xl-original-imaegj784brgxhur.jpeg,https://www.flipkart.com/lady-stark-women-s-maxi-multicolor-dress/p/itmegj7gvup53chy?pid=DREEGJ7G6ZAH6FUG
flipkart,TGTEJVS3AV9EJW7F,Women,Clothing,Creez,Creez Printed Women's Abstract Fractal Print Capri Tights,899,1499,40,,,,https://img6a.flixcart.com/image/tight/d/b/q/crc001pink-creez-m-original-imaejscxy9hzch3w.jpeg,https://www.flipkart.com/creez-printed-women-s-abstract-fractal-print-capri-tights/p/itmejvs3zjjgsamb?pid=TGTEJVS3AV9EJW7F
flipkart,PYJEGY2YNUXPEBJV,Women,Pyjama,Fabpoppy,Fabpoppy Women's Pyjama,365,799,54,,,,https://img5a.flixcart.com/image/pyjama/h/y/5/f3902-fabpoppy-l-original-imaegug5vnmmrdyu.jpeg,https://www.flipkart.com/fabpoppy-women-s-pyjama/p/itmegy2y4hzekvr6?pid=PYJEGY2YNUXPEBJV
flipkart,PYJEGWTWUFMKNCSK,Women,Pyjama,SHOP FRENZY,SHOP FRENZY Women's Pyjama,271,999,73,,,,https://img6a.flixcart.com/image/pyjama/c/s/k/green-02-shop-frenzy-free-1000x1000-imaeguzughzjahkr.jpeg,https://www.flipkart.com/shop-frenzy-women-s-pyjama/p/itmegwtwpyxcmgkz?pid=PYJEGWTWUFMKNCSK
flipkart,KRTEHYDYDQAZPTHM,Women,Kurti,Red Peach,"Red Peach Casual Printed Women's, Girl's Kurti",1199,4999,76,,,Peach,https://img5a.flixcart.com/image/kurti/b/d/9/com5krt-6063blu-6083-6052gr-6061-6082mrn-red-peach-m-original-imaehybwthrgg5xb.jpeg,https://www.flipkart.com/red-peach-casual-printed-women-s-girl-s-kurti/p/itmehydyehgwxrgt?pid=KRTEHYDYDQAZPTHM
flipkart,SWIEFMC2NQMVRXRG,Women,Suits,Speedo,Speedo Endurance10+Raceback Solid Women's,1699,1699,,,,,https://img5a.flixcart.com/image/swimsuit/m/u/v/809248a145-speedo-42-original-imaefm4xyxub2w9z.jpeg,https://www.flipkart.com/speedo-endurance10-raceback-solid-women-s/p/itmefmcyznmbhuzm?pid=SWIEFMC2NQMVRXRG
flipkart,LCHEGWKTFZNHYU2H,Women,Clothing,Great Art,"Great Art Printed Girl's Lehenga, Choli and Dupatta Set",676,1199,44,,,,https://img5a.flixcart.com/image/lehenga-choli/q/b/e/ge103-great-art-2-3-years-1000x1000-imaedgbyxjrhv5gh.jpeg,https://www.flipkart.com/great-art-printed-girl-s-lehenga-choli-dupatta-set/p/itmegwktgghvxcbm?pid=LCHEGWKTFZNHYU2H
flipkart,LCHEGWKTBT7JPRDH,Women,Clothing,Great Art,"Great Art Printed Girl's Lehenga, Choli and Dupatta Set",893,1499,40,,,,https://img6a.flixcart.com/image/lehenga-choli/b/y/y/ge116-great-art-7-8-years-1000x1000-imaedhe7xyqwgjes.jpeg,https://www.flipkart.com/great-art-printed-girl-s-lehenga-choli-dupatta-set/p/itmegwktymwfp2tz?pid=LCHEGWKTBT7JPRDH
flipkart,SHTEGZ4HBAWFMGZW,Women,Shirt,Shoprillo,Shoprillo Women's Solid Formal Shirt,805,2399,66,,,,https://img6a.flixcart.com/image/shirt/c/g/m/combo604-shoprillo-5xl-original-imaegnp4ttxsendq.jpeg,https://www.flipkart.com/shoprillo-women-s-solid-formal-shirt/p/itmegz4hhn8hjyex?pid=SHTEGZ4HBAWFMGZW
flipkart,SHTEGZ4M2DTFNYBV,Women,Shirt,Shoprillo,Shoprillo Women's Solid Formal Shirt,805,2399,66,,,,https://img5a.flixcart.com/image/shirt/c/d/h/combo612-shoprillo-4xl-original-imaegnqnbfkggxyd.jpeg,https://www.flipkart.com/shoprillo-women-s-solid-formal-shirt/p/itmegz4mnesu7jyp?pid=SHTEGZ4M2DTFNYBV
flipkart,LCHEGWZHZKTDAUYZ,Women,Clothing,Be 13,"Be 13 Self Design Girl's Lehenga, Choli and Dupatta Set",712,1485,52,,,,https://img5a.flixcart.com/image/lehenga-choli/f/s/4/13gfsa184-1-be-13-9-10-years-1000x1000-imaegq6xrgqhmywg.jpeg,https://www.flipkart.com/13-self-design-girl-s-lehenga-choli-dupatta-set/p/itmegwzhhwbd9gv2?pid=LCHEGWZHZKTDAUYZ
flipkart,SHTEGZ4NH8VHNXKX,Women,Shirt,Shoprillo,Shoprillo Women's Solid Formal Shirt,805,2399,66,,,,https://img5a.flixcart.com/image/shirt/v/b/f/combo613-shoprillo-5xl-original-imaegnquhnjvjath.jpeg,https://www.flipkart.com/shoprillo-women-s-solid-formal-shirt/p/itmegz4nxmghxjdh?pid=SHTEGZ4NH8VHNXKX
flipkart,LCHEGWZK7MCTFV5Q,Women,Clothing,Be 13,"Be 13 Self Design Girl's Lehenga, Choli and Dupatta Set",907,1890,52,,,,https://img5a.flixcart.com/image/lehenga-choli/f/h/z/13gfsa106-1-be-13-4-5-years-1000x1000-imaegq6xbhgy7krv.jpeg,https://www.flipkart.com/13-self-design-girl-s-lehenga-choli-dupatta-set/p/itmegwzkcmef7adb?pid=LCHEGWZK7MCTFV5Q
flipkart,LJGE9QGGYZHDXSGG,Women,Leggings,,AS42 Women's Leggings,259,499,48,,,,https://img6a.flixcart.com/image/legging-jegging/s/g/g/1-1-as42legging111-as42-xl-1000x1000-imae9q8e8wkgurwj.jpeg,https://www.flipkart.com/as42-women-s-leggings/p/itme9qggyjhhmypd?pid=LJGE9QGGYZHDXSGG
flipkart,LJGE72DS9A9HYFHE,Women,Leggings,,Fck3 Women's Leggings,399,499,20,,,,https://img5a.flixcart.com/image/legging-jegging/f/h/e/1-1-fck3premiumleg-23-fck3-free-original-imae727n8mk7rcys.jpeg,https://www.flipkart.com/fck3-women-s-leggings/p/itme72dsukwynbfv?pid=LJGE72DS9A9HYFHE
flipkart,LJGEYFMPJEZGZPGR,Women,Leggings,,Zadine Women's Leggings,449,755,41,,,,https://img5a.flixcart.com/image/legging-jegging/p/g/r/pu-ma-1-zadine-l-original-imaeygkshytdgdk2.jpeg,https://www.flipkart.com/zadine-women-s-leggings/p/itmeyfmpkhfmspdn?pid=LJGEYFMPJEZGZPGR
flipkart,LJGEBACDXS5FFPRY,Women,Leggings,,Shy Store Women's Leggings,555,1598,65,,,,https://img5a.flixcart.com/image/legging-jegging/p/r/y/1-1-db27-shy-store-free-original-imaefh9kfmcuxzzd.jpeg,https://www.flipkart.com/shy-store-women-s-leggings/p/itmebacdkgjcqeja?pid=LJGEBACDXS5FFPRY
flipkart,SCFEJBDK84YDCZNW,Women,Clothing,BOLLYWOOD ACCESSORY,BOLLYWOOD ACCESSORY Printed Polyester Girl's Scarf,279,279,,,,,https://img6a.flixcart.com/image/scarf/z/n/w/ba1190y-bollywood-accessory-free-original-imaeja9k6yxbt9tt.jpeg,https://www.flipkart.com/bollywood-accessory-printed-polyester-girl-s-scarf/p/itmejbdkneh5x3ju?pid=SCFEJBDK84YDCZNW
flipkart,TSHEEB9HB46HHA5R,Women,T-Shirt,Liz Lange,Liz Lange Printed Women's Round Neck Orange T-Shirt,844,1299,35,,,Orange,https://img5a.flixcart.com/image/t-shirt/a/5/r/aqmpkt1047636-liz-lange-m-1000x1000-imaeeagbghh2dggg.jpeg,https://www.flipkart.com/liz-lange-printed-women-s-round-neck-orange-t-shirt/p/itmeeb9hnnzxhpkf?pid=TSHEEB9HB46HHA5R
flipkart,TKTEE8A2GASMXG5H,Women,Top,Texco,Texco Women's Track Top,499,799,38,,,,https://img5a.flixcart.com/image/track-top/c/s/q/tc00d00207-texco-l-original-imaedujtesyhghja.jpeg,https://www.flipkart.com/texco-women-s-track-top/p/itmee8a2k4ehyb4b?pid=TKTEE8A2GASMXG5H
flipkart,TKTEJAHSWY97SDMY,Women,Top,Berge,Berge Women's Track Top,595,595,,,,,https://img6a.flixcart.com/image/track-top/r/g/7/instadry-tee-v-neck-black-berge-4xl-original-imaegzy9vst5yyhh.jpeg,https://www.flipkart.com/berge-women-s-track-top/p/itmejahs66axz3qn?pid=TKTEJAHSWY97SDMY
flipkart,JCKECYG2WD2SDYKX,Women,Jackets,,Hugo Chavez Sleeveless Solid Women's Jacket,2279,5999,62,,,,https://img6a.flixcart.com/image/jacket/c/5/s/hc1804-dupq-hugo-chavez-xxl-original-imaecuryywhh9hxs.jpeg,https://www.flipkart.com/hugo-chavez-sleeveless-solid-women-s-jacket/p/itmecyg2ypcj4pcu?pid=JCKECYG2WD2SDYKX
flipkart,JCKEC8AVHUPEFF5X,Women,Jackets,,Sassafras Full Sleeve Solid Women's Jacket,1019,1700,40,,,,https://img6a.flixcart.com/image/jacket/h/9/3/sfjckt6002-sassafras-m-original-imaec4qzungfy633.jpeg,https://www.flipkart.com/sassafras-full-sleeve-solid-women-s-jacket/p/itmec8augmvcn4kn?pid=JCKEC8AVHUPEFF5X
flipkart,WTBDPEWSAHZZSHB3,Women,Clothing,,"Fume Men, Women Wrist Band",399,499,20,4.0,,,https://img6a.flixcart.com/image/wrist-band/h/b/3/1-fume-band-47-1100x1100-imadpeyxpqcstzae.jpeg,https://www.flipkart.com/fume-men-women-wrist-band/p/itmdqfwdgfc2drje?pid=WTBDPEWSAHZZSHB3
flipkart,JCKECHXWPAZFBYCG,Women,Jackets,,Trufit Sleeveless Solid Women's Jacket,1116,1395,20,,,,https://img5a.flixcart.com/image/jacket/b/7/9/5426-yellow-trufit-l-original-imaechbzghzyvkjf.jpeg,https://www.flipkart.com/trufit-sleeveless-solid-women-s-jacket/p/itmechxwwgyvwfnn?pid=JCKECHXWPAZFBYCG
flipkart,JCKE2AF4YCJ5WTCZ,Women,Jackets,,Mustard Full Sleeve Printed Women's Quilted Jacket,1619,2699,40,,,Mustard,https://img5a.flixcart.com/image/jacket/g/j/t/j114prpe-mustard-xl-original-imae25jthbjdpxcd.jpeg,https://www.flipkart.com/mustard-full-sleeve-printed-women-s-quilted-jacket/p/itme2af4pgcswgbh?pid=JCKE2AF4YCJ5WTCZ
flipkart,JCKECHXWHUTGHZAZ,Women,Jackets,,Fayona Full Sleeve Solid Women's Jacket,839,1999,58,,,,https://img5a.flixcart.com/image/jacket/z/a/z/wc1053-fayona-free-original-imaecha7jzga8hyg.jpeg,https://www.flipkart.com/fayona-full-sleeve-solid-women-s-jacket/p/itmechxwuggrczvb?pid=JCKECHXWHUTGHZAZ
flipkart,JCKEDPVHMFWACYTF,Women,Jackets,,Slims Full Sleeve Solid Women's Jacket,1463,2090,30,,,,https://img6a.flixcart.com/image/jacket/q/y/y/153301bk-slims-m-original-imaedpcmzkr9zvfv.jpeg,https://www.flipkart.com/slims-full-sleeve-solid-women-s-jacket/p/itmedpvh6dhup4gj?pid=JCKEDPVHMFWACYTF
flipkart,FABEJQ69KC2ESRYX,Women,Suit,Satrani,Satrani Cotton Embroidered Salwar Suit Dupatta Material,1234,4330,72,,,,https://img6a.flixcart.com/image/fabric/r/y/x/300dr9007-satrani-original-imaejpsyyzdcvcfj.jpeg,https://www.flipkart.com/satrani-cotton-embroidered-salwar-suit-dupatta-material/p/itmejq69cchghvgq?pid=FABEJQ69KC2ESRYX
flipkart,BRAEHAAQYG7QBMNH,Women,Bra,C9,C9 Women's Sports Bra,599,899,33,,,,https://img6a.flixcart.com/image/bra/d/w/m/c9p2215-royal-blue-c9-m-original-imaeha5prvywveys.jpeg,https://www.flipkart.com/c9-women-s-sports-bra/p/itmehaazz6dynz5h?pid=BRAEHAAQYG7QBMNH
flipkart,BRAEGHE2XFQFFHPS,Women,Bra,Novel,Novel Sporty Women's Sports Bra,700,980,29,,,,https://img5a.flixcart.com/image/bra/h/p/s/sporty-white-c3-novel-xl-original-imaegf5v2m4gyfd2.jpeg,https://www.flipkart.com/novel-sporty-women-s-sports-bra/p/itmeghdq4pgycpnw?pid=BRAEGHE2XFQFFHPS
flipkart,BRAEGHDFXCPUVE6J,Women,Bra,Novel,Novel Sporty Women's Sports Bra,450,630,29,,,,https://img5a.flixcart.com/image/bra/r/e/m/sporty-maroon-c2-novel-xxl-1000x1000-imaegf5vencq2h9w.jpeg,https://www.flipkart.com/novel-sporty-women-s-sports-bra/p/itmeghdfh4sbx79m?pid=BRAEGHDFXCPUVE6J
flipkart,BRAEHAANSWS9HJAX,Women,Bra,C9,C9 Women's Sports Bra,599,899,33,,,,https://img6a.flixcart.com/image/bra/f/y/u/c9p2215-hot-pink-c9-s-original-imaeha5pkm3fwg5z.jpeg,https://www.flipkart.com/c9-women-s-sports-bra/p/itmehaanz5zvv39z?pid=BRAEHAANSWS9HJAX
flipkart,BRAEGHEFYQQAWYKJ,Women,Bra,Novel,Novel Sporty Women's Sports Bra,450,630,29,,,,https://img5a.flixcart.com/image/bra/6/g/7/sporty-white-c2-novel-xxl-1000x1000-imaegf5vkdhgztp5.jpeg,https://www.flipkart.com/novel-sporty-women-s-sports-bra/p/itmeghdgq8hbxgxg?pid=BRAEGHEFYQQAWYKJ
flipkart,BRAEHAAZSQWRPHBN,Women,Bra,C9,C9 Women's Sports Bra,599,599,,,,,https://img5a.flixcart.com/image/bra/9/2/5/c9p2221-purple-c9-xl-original-imaeha5p6dhnbzhh.jpeg,https://www.flipkart.com/c9-women-s-sports-bra/p/itmehaazh5wvfh9c?pid=BRAEHAAZSQWRPHBN
flipkart,BRAEHAAP9MDYUA9E,Women,Bra,C9,C9 Women's Sports Bra,599,599,,,,,https://img5a.flixcart.com/image/bra/q/b/v/c9p2221-red-c9-l-original-imaeha5pfzdjfspv.jpeg,https://www.flipkart.com/c9-women-s-sports-bra/p/itmehaap8yy3gamq?pid=BRAEHAAP9MDYUA9E
flipkart,RUGE7KJ4FNYQPT8H,Women,Shrugs,,Desi Weaves Women's Shrug,720,1199,40,,,,https://img5a.flixcart.com/image/shrug/d/h/v/1-1-dotgrsrug-desi-weaves-xl-original-imae7ea72pqb8tjf.jpeg,https://www.flipkart.com/desi-weaves-women-s-shrug/p/itme7kj4fhxpard5?pid=RUGE7KJ4FNYQPT8H
flipkart,SHTEJP22GH6GHTKR,Women,Shirts,Aarti Collections,"Aarti Collections Women's Self Design Casual, Formal Denim Light Blue Shirt",569,1150,51,5.0,,Light Blue,https://img5a.flixcart.com/image/shirt/t/k/r/mnkywashlght3-aarti-collections-m-original-imaejjg4rzbby3yq.jpeg,https://www.flipkart.com/aarti-collections-women-s-self-design-casual-formal-denim-light-blue-shirt/p/itmejp22jzguphd6?pid=SHTEJP22GH6GHTKR
flipkart,FABEGPFVGHHH2SEA,Women,Clothing,Neon,Neon Cotton Embroidered Multi-purpose Fabric,865,1730,50,,,Multi,https://img5a.flixcart.com/image/fabric/s/e/a/nad30-neon-original-imaegyunzfyyxqn9.jpeg,https://www.flipkart.com/neon-cotton-embroidered-multi-purpose-fabric/p/itmegpfvtdd2fwtm?pid=FABEGPFVGHHH2SEA
flipkart,KTAEGP95ZGVHWHT3,Women,Kurti,Jaipurkurti,Jaipurkurti Striped Women's Straight Kurta,699,1599,56,,,,https://img6a.flixcart.com/image/kurta/h/t/3/jk2647-jaipurkurti-xl-original-imaegzwjxppbyyhf.jpeg,https://www.flipkart.com/jaipurkurti-striped-women-s-straight-kurta/p/itmegp95fww2rpxv?pid=KTAEGP95ZGVHWHT3
flipkart,FABEGPFVF5CEHHDV,Women,Clothing,Neon,Neon Cotton Embroidered Multi-purpose Fabric,865,1730,50,,,Multi,https://img5a.flixcart.com/image/fabric/h/d/v/nad25-neon-1000x1000-imaegyunerzbjped.jpeg,https://www.flipkart.com/neon-cotton-embroidered-multi-purpose-fabric/p/itmegpfvgwzxx52z?pid=FABEGPFVF5CEHHDV
flipkart,FABEGPFVMDQBDMBY,Women,Clothing,Neon,Neon Cotton Embroidered Multi-purpose Fabric,640,1280,50,,,Multi,https://img6a.flixcart.com/image/fabric/m/b/y/nad41-neon-1000x1000-imaegyun7uxhm32z.jpeg,https://www.flipkart.com/neon-cotton-embroidered-multi-purpose-fabric/p/itmegpfv4fxsrasu?pid=FABEGPFVMDQBDMBY
flipkart,FABEGPFVBJGCF5GD,Women,Clothing,Neon,Neon Cotton Embroidered Multi-purpose Fabric,708,1414,50,,,Multi,https://img5a.flixcart.com/image/fabric/5/g/d/nad15-neon-1000x1000-imaegyunuezcevuw.jpeg,https://www.flipkart.com/neon-cotton-embroidered-multi-purpose-fabric/p/itmegpfv7ysxga28?pid=FABEGPFVBJGCF5GD
flipkart,FABEGPFVHSVXJ5VN,Women,Clothing,Neon,Neon Georgette Embroidered Multi-purpose Fabric,1148,2296,50,,,Multi,https://img5a.flixcart.com/image/fabric/x/g/x/adorn145-neon-700x700-imaef47qgnvyxnkf.jpeg,https://www.flipkart.com/neon-georgette-embroidered-multi-purpose-fabric/p/itmegpfvvbf8fynz?pid=FABEGPFVHSVXJ5VN
flipkart,FABEGNH4QYPJG86V,Women,Clothing,Shree Creation,Shree Creation Net Embroidered Semi-stitched Gown,999,3999,75,,,,https://img6a.flixcart.com/image/fabric/8/6/v/6754343456-shree-creation-original-imaefn9q4tw9pjjb.jpeg,https://www.flipkart.com/shree-creation-net-embroidered-semi-stitched-gown/p/itmegnh4w6xwdeg5?pid=FABEGNH4QYPJG86V
flipkart,TROEH8YQT6GWXKHZ,Women,Trousers,Rama,"Rama Regular Fit Girl's, Women's Trousers",599,1499,60,,,Rama,https://img6a.flixcart.com/image/trouser/k/h/z/15612-rama-free-original-imaeh8vau6arhgap.jpeg,https://www.flipkart.com/rama-regular-fit-girl-s-women-s-trousers/p/itmeh8yrw7sznsub?pid=TROEH8YQT6GWXKHZ
flipkart,TROEH8YNHZKBZJVB,Women,Trousers,Rama,"Rama Regular Fit Girl's, Women's Trousers",599,1499,60,,,Rama,https://img6a.flixcart.com/image/trouser/j/v/b/15604-rama-free-original-imaehh82jubrfev6.jpeg,https://www.flipkart.com/rama-regular-fit-girl-s-women-s-trousers/p/itmeh8yncxvfpnkq?pid=TROEH8YNHZKBZJVB
flipkart,LJGEGFTDKG3UPWGY,Women,Leggings,Shiyara,Shiyara Girl's Green Leggings,189,350,46,,,Green,https://img5a.flixcart.com/image/legging-jegging/6/q/b/af-bg-vx-pk-green-shiyara-7-8-years-original-imaegddusznpxuy9.jpeg,https://www.flipkart.com/shiyara-girl-s-green-leggings/p/itmegftd4rhgzsfz?pid=LJGEGFTDKG3UPWGY
flipkart,BXREJYMSM2HRZYVR,Women,Lingerie,NEXASHOP,NEXASHOP Solid Women's Boxer,249,599,58,,,,https://img5a.flixcart.com/image/boxer/y/v/r/nx-01-nexashop-44-1000x1000-imaegz6jk7ahwvfx.jpeg,https://www.flipkart.com/nexashop-solid-women-s-boxer/p/itmejymsyhjdhhzv?pid=BXREJYMSM2HRZYVR
flipkart,JCKEGH3GXZA6FPVT,Women,Jacket,Change360°,Change360° Full Sleeve Solid Women's Jacket,4049,4499,10,,,,https://img6a.flixcart.com/image/jacket/g/y/u/c360-w-jk-3-ita1-bl-change360-xl-1000x1000-imaeggy89yzyucgq.jpeg,https://www.flipkart.com/change360-full-sleeve-solid-women-s-jacket/p/itmegh3ggsfufmsm?pid=JCKEGH3GXZA6FPVT
flipkart,JCKEGNZYYYFWJTVH,Women,Jacket,Gudi,Gudi Full Sleeve Striped Women's Jacket,540,2160,75,,,,https://img5a.flixcart.com/image/jacket/a/d/m/g3102grey-gudi-l-1000x1000-imaegnj3cf6mr5tv.jpeg,https://www.flipkart.com/gudi-full-sleeve-striped-women-s-jacket/p/itmegnzyzf8brear?pid=JCKEGNZYYYFWJTVH
flipkart,KTAEJNESGJ8XQWMC,Women,Kurta,GO LUCKNOW,GO LUCKNOW Embroidered Women's Straight Kurta,949,1549,39,,,,https://img6a.flixcart.com/image/kurta/z/q/k/gl-w-kr-80black-go-lucknow-l-original-imaejmbykusyuk8h.jpeg,https://www.flipkart.com/go-lucknow-embroidered-women-s-straight-kurta/p/itmejnesxkkg6m5r?pid=KTAEJNESGJ8XQWMC
flipkart,TROEGWHHUCZVUKMQ,Women,Trousers,W,W Regular Fit Women's Trousers,1999,1999,,,,,https://img5a.flixcart.com/image/trouser/h/z/w/16fe60383-57285-w-l-original-imaegvktyewfbtva.jpeg,https://www.flipkart.com/w-regular-fit-women-s-trousers/p/itmegwhhpxf4nzzh?pid=TROEGWHHUCZVUKMQ
flipkart,CSPEGWZGHBR7FNDQ,Women,Lingerie,LIENZ,LIENZ Women's Camisole,325,850,62,,,,https://img6a.flixcart.com/image/camisole-slip/v/d/k/505-ora-red-lienz-l-original-imaegt8y5sn7jhfz.jpeg,https://www.flipkart.com/lienz-women-s-camisole/p/itmegwzghcyd4pvm?pid=CSPEGWZGHBR7FNDQ
flipkart,CSPEGWQGKUKMKYQZ,Women,Lingerie,LIENZ,LIENZ Women's Camisole,220,475,54,,,,https://img6a.flixcart.com/image/camisole-slip/k/c/x/bs-gre-lienz-m-original-imaegwg5phasgfdz.jpeg,https://www.flipkart.com/lienz-women-s-camisole/p/itmegwqgtskjryzt?pid=CSPEGWQGKUKMKYQZ
flipkart,TROEGVK5XMECKZWR,Women,Trousers,Pezzava,Pezzava Regular Fit Women's Trousers,259,699,63,,,,https://img5a.flixcart.com/image/trouser/z/w/r/ppz-a053-pezzava-free-original-imaeg96ym5rfqunf.jpeg,https://www.flipkart.com/pezzava-regular-fit-women-s-trousers/p/itmegvk5h9npbkf8?pid=TROEGVK5XMECKZWR
flipkart,PANEGUAUARDHTN9D,Women,Clothing,Red Rose,Red Rose Girl's Hipster Panty,599,699,14,,,Red,https://img6a.flixcart.com/image/panty/j/n/c/rr37-red-rose-12-13-years-original-imaegu8gh4g3husc.jpeg,https://www.flipkart.com/red-rose-girl-s-hipster-panty/p/itmeguauhyd4ufc8?pid=PANEGUAUARDHTN9D
flipkart,JEAEGTMFQQ6FUYYF,Women,Jeans,Jheel,Jheel Slim Fit Girl's Jeans,699,1044,33,,,,https://img6a.flixcart.com/image/jean/y/y/f/lightblue0628-jheel-28-original-imaegptwqcz5wyhv.jpeg,https://www.flipkart.com/jheel-slim-fit-girl-s-jeans/p/itmegtmfgjwxnrun?pid=JEAEGTMFQQ6FUYYF
flipkart,CSPEGWUYXZNXC8ZG,Women,Lingerie,Krasiv,Krasiv Women's Camisole,199,999,80,,,,https://img6a.flixcart.com/image/camisole-slip/f/f/h/kra-cam-4-krasiv-s-original-imaegregtgyjpzgg.jpeg,https://www.flipkart.com/krasiv-women-s-camisole/p/itmegwuyz7sekpfb?pid=CSPEGWUYXZNXC8ZG
flipkart,CSPEGWZGZFPPYZAY,Women,Lingerie,LIENZ,LIENZ Women's Camisole,325,850,62,,,,https://img5a.flixcart.com/image/camisole-slip/g/h/t/505-ora-whi-lienz-l-original-imaegt8yffx9a8gx.jpeg,https://www.flipkart.com/lienz-women-s-camisole/p/itmegwzg5cvpqh4w?pid=CSPEGWZGZFPPYZAY
flipkart,CSPEGWZNZBGHGXGB,Women,Lingerie,Scholar,"Scholar Girl's, Women's Camisole",799,1050,24,,,,https://img6a.flixcart.com/image/camisole-slip/x/g/b/bd1989r50-scholar-m-1000x1000-imaegvvejj7cvbyj.jpeg,https://www.flipkart.com/scholar-girl-s-women-s-camisole/p/itmegwzntufgmmgg?pid=CSPEGWZNZBGHGXGB
flipkart,CSPEGWNFZA6MGKVU,Women,Lingerie,LIENZ,LIENZ Women's Camisole,325,850,62,,,,https://img6a.flixcart.com/image/camisole-slip/y/q/3/505-blu-ski-lienz-l-original-imaegt8y6jdsbfgs.jpeg,https://www.flipkart.com/lienz-women-s-camisole/p/itmegwnf6jd6zcv3?pid=CSPEGWNFZA6MGKVU
flipkart,CSPEGWZHBGNUSUHD,Women,Lingerie,LIENZ,LIENZ Women's Camisole,325,850,62,,,,https://img6a.flixcart.com/image/camisole-slip/y/z/u/505-red-whi-lienz-xl-original-imaegt8ymakt5mdg.jpeg,https://www.flipkart.com/lienz-women-s-camisole/p/itmegwzhvyjvfnfw?pid=CSPEGWZHBGNUSUHD
flipkart,CSPEGWZGYJGRK4XZ,Women,Lingerie,LIENZ,LIENZ Women's Camisole,325,850,62,,,,https://img6a.flixcart.com/image/camisole-slip/a/t/c/505-nav-ski-lienz-l-original-imaegt8yaghjgzdy.jpeg,https://www.flipkart.com/lienz-women-s-camisole/p/itmegwzgfbyu8y94?pid=CSPEGWZGYJGRK4XZ
flipkart,PANEGZ49DCXENDSU,Women,Clothing,MRB,MRB Baby Girl's Bikini Panty,300,999,70,,,,https://img6a.flixcart.com/image/panty/d/s/u/luxcy-mrb-1-2-years-original-imaegga8urrnvjkq.jpeg,https://www.flipkart.com/mrb-baby-girl-s-bikini-panty/p/itmegggrhhgtge2m?pid=PANEGZ49DCXENDSU
flipkart,CSPEGWZH5PCQSH8E,Women,Lingerie,LIENZ,LIENZ Women's Camisole,325,850,62,,,,https://img6a.flixcart.com/image/camisole-slip/7/f/u/505-pin-ski-lienz-l-original-imaegt8yj9dwcfn8.jpeg,https://www.flipkart.com/lienz-women-s-camisole/p/itmegwzhu3rndhnw?pid=CSPEGWZH5PCQSH8E
flipkart,CSPEGWZFVYT9ZNB7,Women,Lingerie,LIENZ,LIENZ Women's Camisole,325,850,62,,,,https://img6a.flixcart.com/image/camisole-slip/b/g/n/505-nav-pin-lienz-xl-original-imaegt8yfzzwmzh6.jpeg,https://www.flipkart.com/lienz-women-s-camisole/p/itmegwzfrjaf5zgz?pid=CSPEGWZFVYT9ZNB7
flipkart,TROEGWHHRHGBEZS9,Women,Trousers,W,W Regular Fit Women's Trousers,1999,1999,,,,,https://img5a.flixcart.com/image/trouser/8/q/w/16fe60383-57148-w-m-original-imaegvktdzg7pfcm.jpeg,https://www.flipkart.com/w-regular-fit-women-s-trousers/p/itmegwhhnvbp25n5?pid=TROEGWHHRHGBEZS9
flipkart,CSPEGWN29FE8GXTY,Women,Lingerie,LIENZ,LIENZ Women's Camisole,325,850,62,,,,https://img5a.flixcart.com/image/camisole-slip/7/g/t/505-gre-gre-lienz-xl-original-imaegt8y3pfhypfh.jpeg,https://www.flipkart.com/lienz-women-s-camisole/p/itmegwn2pmhhxgjh?pid=CSPEGWN29FE8GXTY
flipkart,TMLECS55MZKC5ZPK,Women,Top,Laser X,Laser X Quilted Girl's Top - Pyjama Set,299,599,50,,,,https://img5a.flixcart.com/image/thermal/g/r/w/120-108-gth-07-laser-x-9-10-years-original-imaebudzh8m9ey4t.jpeg,https://www.flipkart.com/laser-x-quilted-girl-s-top-pyjama-set/p/itmecs554zzx8gjx?pid=TMLECS55MZKC5ZPK
flipkart,CSPEGWZGZHEDFMCG,Women,Lingerie,LIENZ,LIENZ Women's Camisole,325,850,62,,,,https://img5a.flixcart.com/image/camisole-slip/5/z/c/505-ora-pur-lienz-xl-original-imaegt8yh5usmqva.jpeg,https://www.flipkart.com/lienz-women-s-camisole/p/itmegwzgdhrupt8z?pid=CSPEGWZGZHEDFMCG
flipkart,CSPEGWZHFU2Q2ZPG,Women,Lingerie,LIENZ,LIENZ Women's Camisole,325,850,62,,,,https://img6a.flixcart.com/image/camisole-slip/z/p/g/505-pin-pin-lienz-m-original-imaegt8yuu9b4znh.jpeg,https://www.flipkart.com/lienz-women-s-camisole/p/itmegwzhgkznjsja?pid=CSPEGWZHFU2Q2ZPG
flipkart,CSPEGWZFBQYDTM7Z,Women,Lingerie,LIENZ,LIENZ Women's Camisole,325,850,62,,,,https://img6a.flixcart.com/image/camisole-slip/m/7/z/505-nav-nav-lienz-xl-original-imaegt8yzfx8z7ks.jpeg,https://www.flipkart.com/lienz-women-s-camisole/p/itmegwzfpa9hfdgd?pid=CSPEGWZFBQYDTM7Z
flipkart,CSPEGWQGHTGYCVMR,Women,Lingerie,LIENZ,LIENZ Women's Camisole,220,475,54,,,,https://img6a.flixcart.com/image/camisole-slip/v/m/r/bs-red-lienz-xl-original-imaegsjzmuxwahgu.jpeg,https://www.flipkart.com/lienz-women-s-camisole/p/itmegwqg2nbfkcvk?pid=CSPEGWQGHTGYCVMR
flipkart,JEAEGH66KZWGVWY2,Women,Jeans,T THREE,T THREE SLIM Fit Girl's Jeans,560,730,23,,,,https://img6a.flixcart.com/image/jean/x/a/2/3001stone-t-three-5-6-years-original-imaeggy46na2jxsp.jpeg,https://www.flipkart.com/t-three-slim-fit-girl-s-jeans/p/itmegh3jax9xfzwn?pid=JEAEGH66KZWGVWY2
flipkart,CSPEGWZEH6GG2CRE,Women,Lingerie,LIENZ,LIENZ Women's Camisole,325,850,62,,,,https://img6a.flixcart.com/image/camisole-slip/c/r/e/505-gre-ski-lienz-s-original-imaegt8yw7evfq9k.jpeg,https://www.flipkart.com/lienz-women-s-camisole/p/itmegwzefhjrk7j3?pid=CSPEGWZEH6GG2CRE
flipkart,CSPEGWNFWNWMCREA,Women,Lingerie,LIENZ,LIENZ Women's Camisole,325,850,62,,,,https://img5a.flixcart.com/image/camisole-slip/a/h/2/505-bla-whi-lienz-m-original-imaegt8ykzyu3nrf.jpeg,https://www.flipkart.com/lienz-women-s-camisole/p/itmegwnytymsfcbh?pid=CSPEGWNFWNWMCREA
flipkart,TROEGR9GXTNVWACF,Women,Trousers,Bottoms More,Bottoms More Slim Fit Women's Trousers,499,499,,,,,https://img5a.flixcart.com/image/trouser/c/r/z/bottmore-plazo-purple-bottoms-more-34-original-imaegq2aurpmthdt.jpeg,https://www.flipkart.com/bottoms-more-slim-fit-women-s-trousers/p/itmegr9gr4ffzqyc?pid=TROEGR9GXTNVWACF
flipkart,CSPEGWZHBHGXH8ZX,Women,Lingerie,LIENZ,LIENZ Women's Camisole,325,850,62,,,,https://img6a.flixcart.com/image/camisole-slip/b/e/h/505-pin-red-lienz-l-original-imaegt8ycevkumag.jpeg,https://www.flipkart.com/lienz-women-s-camisole/p/itmegwzhwkyz9h3j?pid=CSPEGWZHBHGXH8ZX
flipkart,CSPEGWN2Z32RHEJP,Women,Lingerie,LIENZ,LIENZ Women's Camisole,325,850,62,,,,https://img6a.flixcart.com/image/camisole-slip/e/j/p/505-blu-whi-lienz-xl-original-imaegt8yvm3mwd4b.jpeg,https://www.flipkart.com/lienz-women-s-camisole/p/itmegwn2hahsv4gs?pid=CSPEGWN2Z32RHEJP
flipkart,CSPEGWZFWWPXAQ9X,Women,Lingerie,LIENZ,LIENZ Women's Camisole,325,850,62,,,,https://img6a.flixcart.com/image/camisole-slip/g/d/f/505-gra-nav-lienz-xl-original-imaegt8y5tnzvu8f.jpeg,https://www.flipkart.com/lienz-women-s-camisole/p/itmegwzfzznc8gbj?pid=CSPEGWZFWWPXAQ9X
flipkart,TROEGWTJM3HGZ9JH,Women,Trousers,feminine,feminine Regular Fit Women's Trousers,534,656,19,,,,https://img6a.flixcart.com/image/trouser/9/j/h/dwqdqw343-feminine-free-original-imaegwmhndjzrhnp.jpeg,https://www.flipkart.com/feminine-regular-fit-women-s-trousers/p/itmegwtjjepbjdzz?pid=TROEGWTJM3HGZ9JH
flipkart,CSPEGWZGYQYTKHG4,Women,Lingerie,LIENZ,LIENZ Women's Camisole,325,850,62,,,,https://img5a.flixcart.com/image/camisole-slip/h/g/4/505-pin-whi-lienz-xl-original-imaegt8ydvfhgdth.jpeg,https://www.flipkart.com/lienz-women-s-camisole/p/itmegwzh3xyrugqp?pid=CSPEGWZGYQYTKHG4
flipkart,TROEGWHHYSE4SRBU,Women,Trousers,W,W Regular Fit Women's Trousers,1699,1699,,,,,https://img5a.flixcart.com/image/trouser/g/g/e/16fe60155-57123-w-12-original-imaegvktpfudnpwm.jpeg,https://www.flipkart.com/w-regular-fit-women-s-trousers/p/itmegwhh7cjczhgs?pid=TROEGWHHYSE4SRBU
flipkart,CSPEGWZJH5FNW3HY,Women,Lingerie,LIENZ,LIENZ Women's Camisole,325,850,62,,,,https://img5a.flixcart.com/image/camisole-slip/3/h/y/505-whi-whi-lienz-xl-original-imaegt8ygbhgyhdc.jpeg,https://www.flipkart.com/lienz-women-s-camisole/p/itmegwzjzmwwkx2f?pid=CSPEGWZJH5FNW3HY
flipkart,TROE7FCHEXK2EH3Z,Women,Trousers,United Colors of Benetton,United Colors of Benetton Slim Fit Women's Trousers,1949,2999,35,,,,https://img6a.flixcart.com/image/trouser/3/t/n/15p4d7vs53r338q-united-colors-of-benetton-42-original-imaeb2tbubxz2y6n.jpeg,https://www.flipkart.com/united-colors-benetton-slim-fit-women-s-trousers/p/itme7fchxjxt9ydt?pid=TROE7FCHEXK2EH3Z
flipkart,TROEGVK5QEZJHCXQ,Women,Trousers,Pezzava,Pezzava Regular Fit Women's Trousers,259,699,63,,,,https://img6a.flixcart.com/image/trouser/c/x/q/ppz-a046-pezzava-free-original-imaeg96ftksnswpx.jpeg,https://www.flipkart.com/pezzava-regular-fit-women-s-trousers/p/itmegvk5h4gyhkqc?pid=TROEGVK5QEZJHCXQ
flipkart,TROEGR9G8ZHYN4VT,Women,Trousers,Bottoms More,Bottoms More Slim Fit Women's Trousers,499,499,,,,,https://img5a.flixcart.com/image/trouser/4/v/t/bottmore-plazo-brown-bottoms-more-36-original-imaegq2at8gp342k.jpeg,https://www.flipkart.com/bottoms-more-slim-fit-women-s-trousers/p/itmegr9gqq4cdkgh?pid=TROEGR9G8ZHYN4VT
flipkart,CSPEGWU3EWYJJXGF,Women,Lingerie,Krasiv,Krasiv Women's Camisole,199,999,80,,,,https://img5a.flixcart.com/image/camisole-slip/m/p/v/kra-cam-7-krasiv-l-original-imaegreg2uzararb.jpeg,https://www.flipkart.com/krasiv-women-s-camisole/p/itmegwu2nnk8tccw?pid=CSPEGWU3EWYJJXGF
flipkart,CSPEGWZGQ66HYAKY,Women,Lingerie,LIENZ,LIENZ Women's Camisole,325,850,62,,,,https://img6a.flixcart.com/image/camisole-slip/g/x/t/505-ski-ski-lienz-l-original-imaegt8fhuxdhwsy.jpeg,https://www.flipkart.com/lienz-women-s-camisole/p/itmegwzhgh3dwezf?pid=CSPEGWZGQ66HYAKY
flipkart,PANEGGMANBU4TPNK,Women,Clothing,Bodycare,Bodycare Girl's Brief Panty,498,498,,,,,https://img5a.flixcart.com/image/panty/j/g/m/944-bodycare-7-8-years-original-imaegg3fwgh2gbk7.jpeg,https://www.flipkart.com/bodycare-girl-s-brief-panty/p/itmeggmaxgvkzfhs?pid=PANEGGMANBU4TPNK
flipkart,SWDEFYN8FCU6BH6K,Women,Kurta,Khushi Fashions,Khushi Fashions Printed Kurta & Pallazo,799,1299,38,,,,https://img6a.flixcart.com/image/salwar-kurta-dupatta/9/n/z/cp-suits-salwar-103-khushi-fashions-s-original-imaefyrgrync5ph9.jpeg,https://www.flipkart.com/khushi-fashions-printed-kurta-pallazo/p/itmefyn8sj6z8g42?pid=SWDEFYN8FCU6BH6K
flipkart,SWDEFYSMVAF3RY8Y,Women,Kurta,stylishvilla,stylishvilla Embroidered Kurta & Churidar,1234,3999,69,,,,https://img5a.flixcart.com/image/salwar-kurta-dupatta/y/8/y/stylishvilla016-stylishvilla-free-original-imaefyekuup7kxbf.jpeg,https://www.flipkart.com/stylishvilla-embroidered-kurta-churidar/p/itmefysmarhzavzs?pid=SWDEFYSMVAF3RY8Y
flipkart,SWDEFYSMZ6WYZFVM,Women,Kurta,stylishvilla,stylishvilla Embroidered Kurta & Patiyala,714,2999,76,,,,https://img6a.flixcart.com/image/salwar-kurta-dupatta/f/v/m/stylishvilla026-stylishvilla-free-original-imaeek76qrqwgyyd.jpeg,https://www.flipkart.com/stylishvilla-embroidered-kurta-patiyala/p/itmefysmjrtztpkz?pid=SWDEFYSMZ6WYZFVM
flipkart,TSHE8FJ2N5UKTUAP,Women,T-Shirts,,Go-Art Printed Women's Round Neck T-Shirt,699,1198,42,,,,https://img5a.flixcart.com/image/t-shirt/v/u/w/gass15wcmb51-multicolor-go-art-xl-1000x1000-imae8jjp6vd7ssga.jpeg,https://www.flipkart.com/go-art-printed-women-s-round-neck-t-shirt/p/itme8fj2xggbqnha?pid=TSHE8FJ2N5UKTUAP
flipkart,SKIE64YWMGUEGRBG,Women,Skirts,,Sttoffa Printed Women's Wrap Around Skirt,279,1249,78,,,,https://img5a.flixcart.com/image/skirt/r/b/g/1-1-ntbw24-0047-sttoffa-free-original-imae63vyezxsjyxn.jpeg,https://www.flipkart.com/sttoffa-printed-women-s-wrap-around-skirt/p/itme64ywv4tujxhw?pid=SKIE64YWMGUEGRBG
flipkart,TSHE8YJJXWZVKU5B,Women,T-Shirts,,Scott International Solid Women's Polo T-Shirt,599,895,33,,,,https://img6a.flixcart.com/image/t-shirt/n/3/a/lsp18-black-with-white-scott-international-s-original-imae7zz2xfbquudk.jpeg,https://www.flipkart.com/scott-international-solid-women-s-polo-t-shirt/p/itme8yjjrfvctjkv?pid=TSHE8YJJXWZVKU5B
flipkart,SKIEE3YWWGHNNNFV,Women,Skirts,,Typical Indian Printed Women's A-line Skirt,399,1999,80,,,,https://img6a.flixcart.com/image/skirt/n/f/v/skirtgoldenspider002-typical-indian-free-original-imaedy4g9kvqzav5.jpeg,https://www.flipkart.com/typical-indian-printed-women-s-a-line-skirt/p/itmee3ywyavjyndh?pid=SKIEE3YWWGHNNNFV
flipkart,TSHEEDQXZV79B6VF,Women,T-Shirts,,Fine Colors Printed Women's Round Neck T-Shirt,599,899,33,,,,https://img6a.flixcart.com/image/t-shirt/p/d/g/fc005-fine-colors-m-original-imaeebczyv5sgsrs.jpeg,https://www.flipkart.com/fine-colors-printed-women-s-round-neck-t-shirt/p/itmeedqxjtadcqug?pid=TSHEEDQXZV79B6VF
flipkart,NDNEGCSGYZY3N5EZ,Women,Dresses,Simrit,Simrit Women's Nighty,895,2985,70,,,,https://img6a.flixcart.com/image/night-dress-nighty/5/e/z/cn-20-ngt132-1-ngt127-2-purple-brown-simrit-free-original-imaegczcnp37bmac.jpeg,https://www.flipkart.com/simrit-women-s-nighty/p/itmegcsgvzypzq8m?pid=NDNEGCSGYZY3N5EZ
flipkart,NDNEGCSG88WCRFGS,Women,Dresses,Simrit,Simrit Women's Nighty,895,2985,70,,,,https://img5a.flixcart.com/image/night-dress-nighty/f/g/s/cn-20-ngt132-1-ngt133-4-purple-blue-simrit-free-original-imaegczchneqhfun.jpeg,https://www.flipkart.com/simrit-women-s-nighty/p/itmegcsgrbpcdsaq?pid=NDNEGCSG88WCRFGS
flipkart,NDNEGCRA6ZWHKSKG,Women,Dresses,Simrit,Simrit Women's Nighty,895,2985,70,,,,https://img5a.flixcart.com/image/night-dress-nighty/s/k/g/cn-15-ngt130-4-ngt129-2-blue-pink-simrit-free-original-imaegczce8mpqvnz.jpeg,https://www.flipkart.com/simrit-women-s-nighty/p/itmegcrarhmnktvt?pid=NDNEGCRA6ZWHKSKG
flipkart,TUNEG39HT7DZCGZQ,Women,Tunic,Ira Soleil,Ira Soleil Solid Women's Tunic,775,775,,,,,https://img6a.flixcart.com/image/tunic/g/z/q/kukn-306-pink-ira-soleil-xxl-original-imaegfh24gzxhhhe.jpeg,https://www.flipkart.com/ira-soleil-solid-women-s-tunic/p/itmeg39gyywqmz4z?pid=TUNEG39HT7DZCGZQ
flipkart,KTAEH73W75CKEGUZ,Women,Kurta,COTTON ON KIDS,COTTON ON KIDS Printed Girl's Straight Kurta,319,1499,79,,,,https://img5a.flixcart.com/image/kurta/g/u/z/cok112pink-cotton-on-kids-13-14-years-original-imaegbgpaptx5axu.jpeg,https://www.flipkart.com/cotton-kids-printed-girl-s-straight-kurta/p/itmeh73vhmxazdwh?pid=KTAEH73W75CKEGUZ
flipkart,VESEGYYH2FKDSGDV,Women,Clothing,Texco,Texco Girl's Vest,899,2999,70,,,,https://img5a.flixcart.com/image/vest/8/g/f/tc00ct00379-texco-l-original-imaegvjbbmwdcmrz.jpeg,https://www.flipkart.com/texco-girl-s-vest/p/itmegyyhdsmywxxh?pid=VESEGYYH2FKDSGDV
flipkart,KTAEH73UCVGYZHDX,Women,Kurta,COTTON ON KIDS,COTTON ON KIDS Printed Girl's Straight Kurta,319,1499,79,,,,https://img6a.flixcart.com/image/kurta/f/s/k/cok101pink-cotton-on-kids-13-14-years-original-imaehf8hz6ggzmha.jpeg,https://www.flipkart.com/cotton-kids-printed-girl-s-straight-kurta/p/itmeh73trncgtjbz?pid=KTAEH73UCVGYZHDX
flipkart,KTAEHBHXNNYXMDVW,Women,Bra,BrandMeUp,BrandMeUp Solid Women's Straight Kurta,890,1200,26,,,,https://img6a.flixcart.com/image/kurta/d/v/w/black-tropical-button-down-slit-top-brandmeup-m-original-imaehb9vhehczqkz.jpeg,https://www.flipkart.com/brandmeup-solid-women-s-straight-kurta/p/itmehbhxdkqbhwyv?pid=KTAEHBHXNNYXMDVW
flipkart,SWSEGJ4Y4JZJHWVG,Women,Sweatshirt,Roadster,Roadster Half Sleeve Solid Women's Sweatshirt,549,1099,50,,,,https://img6a.flixcart.com/image/sweatshirt/w/v/g/1117018-roadster-m-original-imaeggxys5ve5af7.jpeg,https://www.flipkart.com/roadster-half-sleeve-solid-women-s-sweatshirt/p/itmegj4ynratayby?pid=SWSEGJ4Y4JZJHWVG
flipkart,SWSEG4P3YMPMDHPW,Women,Sweatshirt,Yepme,Yepme Full Sleeve Solid Women's Sweatshirt,647,1799,64,,,,https://img6a.flixcart.com/image/sweatshirt/y/r/y/123961-yepme-m-original-imaeg2s38anjrdhh.jpeg,https://www.flipkart.com/yepme-full-sleeve-solid-women-s-sweatshirt/p/itmeg4p3xaxsc3xk?pid=SWSEG4P3YMPMDHPW
flipkart,JUMEF3BPWGGFZSNZ,Women,Suit,Oye,Oye Printed Girl's Jumpsuit,679,799,15,,,,https://img5a.flixcart.com/image/jumpsuit/f/n/c/bpy005-oye-1-2-years-original-imaeeyu7htbbcsaa.jpeg,https://www.flipkart.com/oye-printed-girl-s-jumpsuit/p/itmef3bpycjezssq?pid=JUMEF3BPWGGFZSNZ
flipkart,KTAE4HEXZZ5FGQXV,Women,Kurtas,,eStyle Solid Girl's A-line Kurta,365,1195,69,,,,https://img5a.flixcart.com/image/kurta/c/r/e/k505-04-estyle-original-imae4k97txmmwq8y.jpeg,https://www.flipkart.com/estyle-solid-girl-s-a-line-kurta/p/itme4hex4hcx9dxg?pid=KTAE4HEXZZ5FGQXV
flipkart,DUPEHPFQ9HBBE7ZF,Women,Dupatta,Urbanvillage,Urbanvillage Cotton Self Design Women's Dupatta,2016,2114,5,,,,https://img5a.flixcart.com/image/dupatta/7/z/f/na-na-skvjykldt-24-dupatta-urbanvillage-free-original-imaehh87qrbnfqv6.jpeg,https://www.flipkart.com/urbanvillage-cotton-self-design-women-s-dupatta/p/itmehpfqry7b3byy?pid=DUPEHPFQ9HBBE7ZF
flipkart,RUGEH4VHD8BTXRQD,Women,Shrug,carrol,carrol Women's Shrug,699,1299,46,,,,https://img6a.flixcart.com/image/shrug/r/q/d/cs-170-carrol-3xl-original-imaeh2fxphfkthhk.jpeg,https://www.flipkart.com/carrol-women-s-shrug/p/itmeh4vhhdgjkpkc?pid=RUGEH4VHD8BTXRQD
flipkart,RUGEH4VF7CMDHBPE,Women,Shrug,carrol,carrol Women's Shrug,499,899,44,,,,https://img6a.flixcart.com/image/shrug/b/p/e/cs-137-carrol-3xl-original-imaeh2fvs5kgp7sa.jpeg,https://www.flipkart.com/carrol-women-s-shrug/p/itmeh4vfjgy5pzpu?pid=RUGEH4VF7CMDHBPE
flipkart,RUGEH4VFEUFCVNPW,Women,Shrug,carrol,carrol Women's Shrug,499,899,44,,,,https://img6a.flixcart.com/image/shrug/n/p/w/cs-129-carrol-3xl-original-imaeh2fvyz72jjum.jpeg,https://www.flipkart.com/carrol-women-s-shrug/p/itmeh4vfzkftbkbg?pid=RUGEH4VFEUFCVNPW
flipkart,RUGEH4VGX2RJXKFS,Women,Shrug,carrol,carrol Women's Shrug,699,1299,46,,,,https://img5a.flixcart.com/image/shrug/k/f/s/cs-162-carrol-3xl-original-imaeh2fw7yn2hqff.jpeg,https://www.flipkart.com/carrol-women-s-shrug/p/itmeh4vgj9cyqtsc?pid=RUGEH4VGX2RJXKFS
flipkart,RUGEH4VFGWKXNCZT,Women,Shrug,carrol,carrol Women's Shrug,499,899,44,,,,https://img5a.flixcart.com/image/shrug/c/z/t/cs-125-carrol-3xl-original-imaeh2fv9u8aad5a.jpeg,https://www.flipkart.com/carrol-women-s-shrug/p/itmeh4vftxjnkxy9?pid=RUGEH4VFGWKXNCZT
flipkart,RUGEH4VGZFPUVSD2,Women,Shrug,carrol,carrol Women's Shrug,699,1299,46,,,,https://img6a.flixcart.com/image/shrug/s/d/2/cs-165-carrol-3xl-original-imaeh2fwvqgtvyhf.jpeg,https://www.flipkart.com/carrol-women-s-shrug/p/itmeh4vgwehfjaz6?pid=RUGEH4VGZFPUVSD2
flipkart,RUGEH4VGZBC5SHJZ,Women,Shrug,carrol,carrol Women's Shrug,699,1299,46,,,,https://img6a.flixcart.com/image/shrug/h/j/z/cs-157-carrol-3xl-original-imaeh2fxqra7zkhq.jpeg,https://www.flipkart.com/carrol-women-s-shrug/p/itmeh4vgmzsvhykm?pid=RUGEH4VGZBC5SHJZ
flipkart,RUGEH4VHFHY9CZGA,Women,Shrug,carrol,carrol Women's Shrug,599,1800,67,,,,https://img5a.flixcart.com/image/shrug/z/g/a/cs-168-carrol-3xl-original-imaeh2fvxuyhxyjj.jpeg,https://www.flipkart.com/carrol-women-s-shrug/p/itmeh4vh7h2fgbmh?pid=RUGEH4VHFHY9CZGA
flipkart,SKIEAYTRHTZTA4GB,Women,Skirts,,Panno Animal Print Women's Broomstick Skirt,494,999,51,,,,https://img5a.flixcart.com/image/skirt/4/g/b/1-1-skrt-85-panno-free-original-imae9zpfnxprgkbt.jpeg,https://www.flipkart.com/panno-animal-print-women-s-broomstick-skirt/p/itmeaytrqqv7djhe?pid=SKIEAYTRHTZTA4GB
flipkart,SKIEBEAEZWGH2JAX,Women,Skirts,,Cotton Breeze Self Design Women's Tiered Skirt,375,899,58,,,,https://img6a.flixcart.com/image/skirt/j/a/x/1-1-fp142-cotton-breeze-free-original-imaebe5a2hjp4qbe.jpeg,https://www.flipkart.com/cotton-breeze-self-design-women-s-tiered-skirt/p/itmebeaeb2najwdr?pid=SKIEBEAEZWGH2JAX
flipkart,SHTEBCJFZNQTDTJV,Women,Shirt,Regular,Hyipe Women's Geometric Print Casual Shirt,318,699,55,,,,https://img6a.flixcart.com/image/shirt/t/j/v/b-hyipe-s-original-imaebcydceegwfz6.jpeg,https://www.flipkart.com/hyipe-women-s-geometric-print-casual-shirt/p/itmebcjfd4eh9gzt?pid=SHTEBCJFZNQTDTJV
flipkart,SKIEF2Z8JUHGHKER,Women,Skirts,,Shopatplaces Animal Print Women's Regular Skirt,539,899,40,,,,https://img6a.flixcart.com/image/skirt/k/e/r/fpjrse18o23-shopatplaces-free-original-imaeffnnpdgzqnzb.jpeg,https://www.flipkart.com/shopatplaces-animal-print-women-s-regular-skirt/p/itmef2z8yuvfqunp?pid=SKIEF2Z8JUHGHKER
flipkart,SKIEBXRBCVPKHG86,Women,Skirts,,Nitein Solid Women's Tulip Skirt,475,799,41,,,,https://img5a.flixcart.com/image/skirt/g/8/6/1-1-nay110-red-nitein-free-original-imaebxcyhngwggdc.jpeg,https://www.flipkart.com/nitein-solid-women-s-tulip-skirt/p/itmebxrbxbzh45ne?pid=SKIEBXRBCVPKHG86
flipkart,SKIE9UPRZQZMSYA2,Women,Skirts,,Fashiana Floral Print Women's A-line Skirt,349,1099,68,,,,https://img5a.flixcart.com/image/skirt/n/p/n/1-1-fskt252kt-fashiana-26-original-imae9t5ynqhsusfr.jpeg,https://www.flipkart.com/fashiana-floral-print-women-s-a-line-skirt/p/itme9upsyefhznxt?pid=SKIE9UPRZQZMSYA2
flipkart,SKIEAP5UYKWH9VZP,Women,Skirts,,Alpha Lady Embroidered Women's Gathered Skirt,399,1599,75,1.0,,,https://img5a.flixcart.com/image/skirt/a/g/g/1-1-al51-alpha-lady-xxl-1000x1000-imaeahzrfcfgrkzm.jpeg,https://www.flipkart.com/alpha-lady-embroidered-women-s-gathered-skirt/p/itmeap5ugyzh8bmc?pid=SKIEAP5UYKWH9VZP
flipkart,SHTDUA8D3GGBMNTJ,Women,Shirts,,Bombay High Women's Printed Formal Shirt,584,1299,55,4.0,,,https://img5a.flixcart.com/image/shirt/n/n/5/ss12wfsht-022-brn-bombay-high-l-original-imaduaazz6wcmygn.jpeg,https://www.flipkart.com/bombay-high-women-s-printed-formal-shirt/p/itmdua8d2aqbc87q?pid=SHTDUA8D3GGBMNTJ
flipkart,TSHEBYBHZ7JYFMCV,Women,T-Shirts,,Candies by Pantaloons Solid Women's Round Neck T-Shirt,569,599,5,,,,https://img5a.flixcart.com/image/t-shirt/s/a/7/110001760grey-melange-candies-by-pantaloons-s-original-imaeaw5ekfvnvaau.jpeg,https://www.flipkart.com/candies-pantaloons-solid-women-s-round-neck-t-shirt/p/itmebybhy4namg2g?pid=TSHEBYBHZ7JYFMCV
flipkart,SKIEFFYZZXYJKT3Z,Women,Skirts,,Marusthali Printed Women's Wrap Around Skirt,499,999,50,,,,https://img6a.flixcart.com/image/skirt/t/3/z/mskw00480-marusthali-39-original-imaef2yxbgmzadzm.jpeg,https://www.flipkart.com/marusthali-printed-women-s-wrap-around-skirt/p/itmeffyzhxb2rzqp?pid=SKIEFFYZZXYJKT3Z
flipkart,SKIEE2NEVYYATBUP,Women,Skirts,,Jaipuri Bandhej Printed Women's Regular Skirt,449,799,44,,,,https://img5a.flixcart.com/image/skirt/b/u/p/mw160-jaipuri-bandhej-32-original-imaeeffz4erma6fb.jpeg,https://www.flipkart.com/jaipuri-bandhej-printed-women-s-regular-skirt/p/itmee2nedkg3gtsp?pid=SKIEE2NEVYYATBUP
flipkart,SKIE6PXK8JGJSVYZ,Women,Skirts,,Yaari Self Design Women's Wrap Around Skirt,399,799,50,,,,https://img5a.flixcart.com/image/skirt/v/y/z/1-1-yaa154-yaari-free-original-imae6py7xzner9ty.jpeg,https://www.flipkart.com/yaari-self-design-women-s-wrap-around-skirt/p/itme6pxkn4wx9uxf?pid=SKIE6PXK8JGJSVYZ
flipkart,TSHE3HJWSZ2AZGPR,Women,T-Shirts,,Cult Fiction Polka Print Women's Round Neck T-Shirt,699,699,,4.0,,,https://img6a.flixcart.com/image/t-shirt/8/v/g/cfg11pc403-cult-fiction-s-original-imae3g52hwzhf7gt.jpeg,https://www.flipkart.com/cult-fiction-polka-print-women-s-round-neck-t-shirt/p/itme3hjwfvtzdyzu?pid=TSHE3HJWSZ2AZGPR
flipkart,SHTEYX5HZDMKHRPW,Women,Shirts,,Oxolloxo Women's Printed Casual Shirt,328,1095,70,,,,https://img5a.flixcart.com/image/shirt/x/g/7/ol0307sh0001-oxolloxo-l-original-imaeyw557xmgwyzg.jpeg,https://www.flipkart.com/oxolloxo-women-s-printed-casual-shirt/p/itmeyx5h2pvpehtu?pid=SHTEYX5HZDMKHRPW
flipkart,SKIE9MT6ZYHHSGW8,Women,Skirts,,Wisstler Printed Women's Regular Skirt,549,950,42,,,,https://img6a.flixcart.com/image/skirt/g/w/8/1-1-wsk-04-wisstler-28-1000x1000-imae9zg6cbgws62h.jpeg,https://www.flipkart.com/wisstler-printed-women-s-regular-skirt/p/itme9mt62w5q5ztr?pid=SKIE9MT6ZYHHSGW8
flipkart,SKIE5AQJAEXH5GYG,Women,Skirts,,Marusthali Printed Women's Wrap Around Skirt,499,999,50,,,,https://img6a.flixcart.com/image/skirt/g/y/g/1-1-abcd66-marusthali-32-original-imae5f4wjafv6uug.jpeg,https://www.flipkart.com/marusthali-printed-women-s-wrap-around-skirt/p/itme5aqjnxhcsvqz?pid=SKIE5AQJAEXH5GYG
flipkart,TSHEARHHM8GTHY7R,Women,T-Shirts,,Cult Fiction Printed Women's Round Neck T-Shirt,599,599,,,,,https://img6a.flixcart.com/image/t-shirt/c/z/q/cfg30br735-cult-fiction-s-original-imaeattpm7zxkxmj.jpeg,https://www.flipkart.com/cult-fiction-printed-women-s-round-neck-t-shirt/p/itmearhhdvub6zdr?pid=TSHEARHHM8GTHY7R
flipkart,SKIDR879BTHK8JUF,Women,Skirts,,Arrow Striped Women's Tube Skirt,539,1799,70,,,,https://img5a.flixcart.com/image/skirt/8/a/e/armw12008ablack-arrow-26-original-imadsb34neuak5gg.jpeg,https://www.flipkart.com/arrow-striped-women-s-tube-skirt/p/itmdr87cya2acz4e?pid=SKIDR879BTHK8JUF
flipkart,SKIEAFY7HHH3RSH3,Women,Skirts,,Odisha Bazaar Solid Women's Regular Skirt,299,599,50,,,,https://img5a.flixcart.com/image/skirt/s/h/3/1-1-indresh-odih-odisha-bazaar-m-original-imaeaywmqmqn7tv9.jpeg,https://www.flipkart.com/odisha-bazaar-solid-women-s-regular-skirt/p/itmeafy7x4dhzsex?pid=SKIEAFY7HHH3RSH3
flipkart,SKIE5AQJRHMG77YZ,Women,Skirts,,Marusthali Printed Women's Wrap Around Skirt,499,999,50,,,,https://img6a.flixcart.com/image/skirt/7/y/z/1-1-abcd41-marusthali-38-original-imae5f4wesmvzhra.jpeg,https://www.flipkart.com/marusthali-printed-women-s-wrap-around-skirt/p/itme5aqjnh4qeegg?pid=SKIE5AQJRHMG77YZ
flipkart,TSHEBMZ9STP7ZVRP,Women,T-Shirts,,Again Vintage Solid Women's Round Neck T-Shirt,799,799,,,,,https://img6a.flixcart.com/image/t-shirt/w/f/k/av286-again-vintage-xs-original-imaebkehsjn7v4s9.jpeg,https://www.flipkart.com/again-vintage-solid-women-s-round-neck-t-shirt/p/itmebmz8ghvedscu?pid=TSHEBMZ9STP7ZVRP
flipkart,SKIEBBWHXJEQFVR7,Women,Skirts,,AddicShop Striped Women's Pencil Skirt,499,1699,71,,,,https://img5a.flixcart.com/image/skirt/v/r/7/1-1-trendy-striped-addicshop-free-original-imaeb875zfgucafu.jpeg,https://www.flipkart.com/addicshop-striped-women-s-pencil-skirt/p/itmebbwhfahyqg4u?pid=SKIEBBWHXJEQFVR7
flipkart,TSHEAS29JFGZRGV2,Women,T-Shirts,,Cult Fiction Printed Women's Scoop Neck T-Shirt,599,599,,,,,https://img5a.flixcart.com/image/t-shirt/g/v/2/cfg33dy717-cult-fiction-xl-original-imaeattqwetxuzf6.jpeg,https://www.flipkart.com/cult-fiction-printed-women-s-scoop-neck-t-shirt/p/itmeas29zgwbzwaa?pid=TSHEAS29JFGZRGV2
flipkart,SKIE2TFGY9RPYGC8,Women,Skirts,,Marusthali Printed Women's Wrap Around Skirt,499,999,50,,,,https://img5a.flixcart.com/image/skirt/g/c/8/mskw00521-marusthali-46-original-imae2zu4a2b48zdu.jpeg,https://www.flipkart.com/marusthali-printed-women-s-wrap-around-skirt/p/itme2tfg8x2gevrp?pid=SKIE2TFGY9RPYGC8
flipkart,SKIEBXFEBUXFRDFX,Women,Skirts,,Krishna Mart Solid Women's Regular Skirt,399,799,50,,,,https://img5a.flixcart.com/image/skirt/d/f/x/1-1-ais300-krishna-mart-free-original-imaebyrtzkz5czpz.jpeg,https://www.flipkart.com/krishna-mart-solid-women-s-regular-skirt/p/itmebxfezcjzzd5g?pid=SKIEBXFEBUXFRDFX
flipkart,SHTEYZ7ZRZGSREJB,Women,Shirts,,Oxolloxo Women's Printed Casual Shirt,328,1095,70,,,,https://img5a.flixcart.com/image/shirt/2/2/x/ad0722sh0001-oxolloxo-l-original-imaeyw54cecmsa95.jpeg,https://www.flipkart.com/oxolloxo-women-s-printed-casual-shirt/p/itmeyz7zaae7y9nb?pid=SHTEYZ7ZRZGSREJB
flipkart,SKIEBU7HGPED7CBC,Women,Skirts,,Cotton Breeze Printed Women's A-line Skirt,275,899,69,,,,https://img5a.flixcart.com/image/skirt/c/b/c/1-1-fp163-cotton-breeze-free-original-imaebtq8zxvsszxx.jpeg,https://www.flipkart.com/cotton-breeze-printed-women-s-a-line-skirt/p/itmebu7hwsfzpg3j?pid=SKIEBU7HGPED7CBC
flipkart,SKIEBXFEMA4PCGWM,Women,Skirts,,Krishna Mart Solid Women's Regular Skirt,499,799,38,,,,https://img6a.flixcart.com/image/skirt/g/w/m/1-1-ais276-krishna-mart-free-original-imaebyrtqzjf2ejj.jpeg,https://www.flipkart.com/krishna-mart-solid-women-s-regular-skirt/p/itmebxfe6dsepg4z?pid=SKIEBXFEMA4PCGWM
flipkart,SKIE2ZNJPEGBWJTX,Women,Skirts,,Shopatplaces Printed Women's Broomstick Skirt,539,899,40,,,,https://img5a.flixcart.com/image/skirt/j/t/x/pjrse10d24-shopatplaces-free-original-imae2mcym8bj2gug.jpeg,https://www.flipkart.com/shopatplaces-printed-women-s-broomstick-skirt/p/itme2znkgmdkeehn?pid=SKIE2ZNJPEGBWJTX
flipkart,SKIE7WMUUEZJXK2K,Women,Skirts,,Globus Solid Women's A-line Skirt,449,899,50,,,,https://img6a.flixcart.com/image/skirt/c/h/k/1-1-s15cwb031n-navy-globus-26-original-imae7gsppgfagxzn.jpeg,https://www.flipkart.com/globus-solid-women-s-a-line-skirt/p/itme7wmtzbdubz43?pid=SKIE7WMUUEZJXK2K
flipkart,SKIECCJJH4YNTUKM,Women,Skirts,,Freedom Daisy Solid Women's Regular Skirt,289,499,42,,,,https://img5a.flixcart.com/image/skirt/u/k/m/1-1-d129-freedom-daisy-free-original-imaec5jv3c9ey8yd.jpeg,https://www.flipkart.com/freedom-daisy-solid-women-s-regular-skirt/p/itmeccjj4ksu4whp?pid=SKIECCJJH4YNTUKM
flipkart,JEAEJTZZJS2GTZAK,Women,Jeans,BOTH11,BOTH11 Skinny Fit Women's Blue Jeans,689,1099,37,,,Blue,https://img5a.flixcart.com/image/jean/z/a/k/upr-jeans-12-both11-30-original-imaejp5hfgt4gefa.jpeg,https://www.flipkart.com/both11-skinny-fit-women-s-blue-jeans/p/itmejtzzaz3rws6v?pid=JEAEJTZZJS2GTZAK
flipkart,JEAEJTCNUNMENQBY,Women,Jeans,fourgee,fourgee Slim Fit Women's Blue Jeans,669,2000,67,,,Blue,https://img5a.flixcart.com/image/jean/q/b/y/6hs-fourgee-36-original-imaejqyz3zj4gfye.jpeg,https://www.flipkart.com/fourgee-slim-fit-women-s-blue-jeans/p/itmejtcndsfzqsnz?pid=JEAEJTCNUNMENQBY
flipkart,SCFEJXRRKEGTTH3K,Women,Clothing,Weavers Villa,"Weavers Villa Printed Set of 3 Scarves, Stoles, Dupattas Small Soft Summer Vibrant Coloured Trendy Women's Scarf",275,550,50,,,,https://img5a.flixcart.com/image/scarf/h/3/k/set-50-wv33-wv34-wv35-weavers-villa-m-original-imaejud5qpthnpnj.jpeg,https://www.flipkart.com/weavers-villa-printed-set-3-scarves-stoles-dupattas-small-soft-summer-vibrant-coloured-trendy-women-s-scarf/p/itmejxrr8tmt5ysu?pid=SCFEJXRRKEGTTH3K
flipkart,SCFEJYNQCTWQYMRA,Women,Clothing,DIVAS CHOICE,DIVAS CHOICE Graphic Print polyester Women's Stole,179,499,64,,,,https://img6a.flixcart.com/image/scarf/m/r/a/divas-choice-printed-polyester-women-s-stole19-divas-choice-free-original-imaejwhhryg54wkn.jpeg,https://www.flipkart.com/divas-choice-graphic-print-polyester-women-s-stole/p/itmejynqrzzpwhhz?pid=SCFEJYNQCTWQYMRA
flipkart,SCFEJVK9VK6U9WHE,Women,Clothing,SAJAY FASHIONS,SAJAY FASHIONS Geometric Print COTTON Women's Stole,149,599,75,,,,https://img5a.flixcart.com/image/scarf/w/h/e/sf-18-sajay-fashions-free-original-imaejtfvkmgmcw3p.jpeg,https://www.flipkart.com/sajay-fashions-geometric-print-cotton-women-s-stole/p/itmejvk9zeubuzdf?pid=SCFEJVK9VK6U9WHE
flipkart,TOPEJP3GFFHU5TFA,Women,Bra,NumBrave,NumBrave Casual 3/4 Sleeve Solid Women's Pink Top,999,2000,50,,,Pink,https://img6a.flixcart.com/image/top/g/g/x/eanlontop-pink-magetna-numbrave-l-original-imaejzggdkf7zvce.jpeg,https://www.flipkart.com/numbrave-casual-3-4-sleeve-solid-women-s-pink-top/p/itmejp39z83x3p7w?pid=TOPEJP3GFFHU5TFA
flipkart,BRAEGZYSRSZBGXGK,Women,Bra,Clovia,Clovia Clovia Cotton Lycra Nursing Bra In Pink With Embroidered Lace Women's Maternity Bra,467,999,53,,,Pink,https://img6a.flixcart.com/image/bra/j/y/f/br0561p22-clovia-34b-original-imaegmzsghyhvfzm.jpeg,https://www.flipkart.com/clovia-cotton-lycra-nursing-bra-pink-embroidered-lace-women-s-maternity/p/itmegzyshrbm2nqe?pid=BRAEGZYSRSZBGXGK
flipkart,CSPEJVPYESZ5ANEH,Women,Lingerie,Nimfill,Nimfill Women's Camisole,299,599,50,,,,https://img6a.flixcart.com/image/camisole-slip/n/e/h/nflvw011-nimfill-s-original-imaejfn2q8urepxv.jpeg,https://www.flipkart.com/nimfill-women-s-camisole/p/itmejvpxcacthcqg?pid=CSPEJVPYESZ5ANEH
flipkart,BLOEJWAKHBBUGRES,Women,Clothing,Platinum,Platinum Square Neck Women's Blouse,699,1499,53,,,,https://img6a.flixcart.com/image/blouse/v/6/q/prb554-platinum-48-1000x1000-imaejzgz4syaebvf.jpeg,https://www.flipkart.com/platinum-square-neck-women-s-blouse/p/itmejwakfkzvbxsz?pid=BLOEJWAKHBBUGRES
flipkart,SCFEJXHKBU5HUGUB,Women,Clothing,skhoza,skhoza Self Design chiffon Women's Scarf,269,550,51,,,,https://img6a.flixcart.com/image/scarf/g/u/b/scarf1black-skhoza-l-original-imaejwszgszuaquh.jpeg,https://www.flipkart.com/skhoza-self-design-chiffon-women-s-scarf/p/itmejxhkyvauhhyh?pid=SCFEJXHKBU5HUGUB
flipkart,SCFEJYNRUWMYMZEZ,Women,Clothing,DIVAS CHOICE,DIVAS CHOICE Animal Print polyester Women's Stole,179,499,64,,,,https://img6a.flixcart.com/image/scarf/z/e/z/divas-choice-printed-polyester-women-s-stole-16-divas-choice-original-imaejwhm2m3ymgqy.jpeg,https://www.flipkart.com/divas-choice-animal-print-polyester-women-s-stole/p/itmejynrkevgkhwb?pid=SCFEJYNRUWMYMZEZ
flipkart,SKIE8AYKWDYJSG5N,Women,Skirts,,Nun Printed Women's A-line Skirt,634,1295,51,,,,https://img5a.flixcart.com/image/skirt/s/v/g/1-1-nunsk5095-black-nun-m-original-imae8azmggsxgabz.jpeg,https://www.flipkart.com/nun-printed-women-s-a-line-skirt/p/itme8aykf7haamky?pid=SKIE8AYKWDYJSG5N
flipkart,BRAEJTH5VRZPMG9J,Women,Bra,SHIMZA,SHIMZA by SHIMZA - Women's Bra Women's Full Coverage Bra,333,499,33,,,,https://img5a.flixcart.com/image/bra/g/9/j/shim-00049-36-shimza-36-original-imaegy4myxfhpy5a.jpeg,https://www.flipkart.com/shimza-women-s-bra-full-coverage/p/itmejth5gubzxtc2?pid=BRAEJTH5VRZPMG9J
flipkart,BRAEJNETWZRKGQBT,Women,Bra,LIME,LIME Women's Full Coverage Bra,199,399,50,,,,https://img6a.flixcart.com/image/bra/a/4/j/bra-010-lime-38-original-imaejgwyhkegfemj.jpeg,https://www.flipkart.com/lime-women-s-full-coverage-bra/p/itmejnetcfhyfhwx?pid=BRAEJNETWZRKGQBT
flipkart,STOEFJTE2T6NWHYX,Women,Clothing,AirFlow,"AirFlow Women's, Girl's Regular Stockings",799,1949,59,,,,https://img5a.flixcart.com/image/stocking/h/y/x/45-15-aqst-1-airflow-free-original-imaefgwkp3zbc5dq.jpeg,https://www.flipkart.com/airflow-women-s-girl-s-regular-stockings/p/itmefjtecqf9dg2g?pid=STOEFJTE2T6NWHYX
flipkart,STOECMCFBZM6Z4G6,Women,Clothing,Mee Mee,Mee Mee Baby Girl's Textured Stockings,549,549,,,,,https://img6a.flixcart.com/image/stocking/t/a/z/3-2-mm-2059-14-white-red-blue-mee-mee-2-5-years-1000x1000-imaeck4efzex43g7.jpeg,https://www.flipkart.com/mee-baby-girl-s-textured-stockings/p/itmecmcfkw6cyfhs?pid=STOECMCFBZM6Z4G6
flipkart,BRAEGYX5HQTBDJEB,Women,Bra,Miss Clyra,Miss Clyra Women's Full Coverage Bra,199,349,43,,,,https://img5a.flixcart.com/image/bra/c/m/5/bmc011p04-miss-clyra-36c-original-imaegxw8ggds7baz.jpeg,https://www.flipkart.com/miss-clyra-women-s-full-coverage-bra/p/itmegyx5dbrd3v2g?pid=BRAEGYX5HQTBDJEB
flipkart,DREEHCFWWBSBXHDH,Women,Dresses,EthnicQueen,EthnicQueen Women's A-line Dress,994,2488,60,,,,https://img5a.flixcart.com/image/dress/s/x/z/be433-ethnicqueen-xxl-1000x1000-imaeh2cgp76cfycb.jpeg,https://www.flipkart.com/ethnicqueen-women-s-a-line-dress/p/itmehcfwszx6yzfz?pid=DREEHCFWWBSBXHDH
flipkart,BRAEHCDBJX2MG2EY,Women,Bra,Tipsy,"Tipsy Set of 3 Tube Bra in Red, White and Black colours Women's Tube Bra",475,480,1,,,Black,https://img5a.flixcart.com/image/bra/u/r/f/gg-ti-tubeb-rdblkwht-tipsy-m-original-imaeh5qe7k7wqqvz.jpeg,https://www.flipkart.com/tipsy-set-3-tube-bra-red-white-black-colours-women-s/p/itmehcdbvhahbngc?pid=BRAEHCDBJX2MG2EY
flipkart,PANEGYX2UKXFYWRJ,Women,Lingerie,Miss Clyra,Miss Clyra Women's Brief Panty,199,299,33,,,,https://img5a.flixcart.com/image/panty/y/j/4/pmc037p16-miss-clyra-xl-1000x1000-imaegxwa8kg3rnxw.jpeg,https://www.flipkart.com/miss-clyra-women-s-brief-panty/p/itmegyx32fephf6h?pid=PANEGYX2UKXFYWRJ
flipkart,DREEHCZDNCMHZGUG,Women,Dresses,Zeroed,Zeroed Women's Fit and Flare Dress,809,1999,60,,,,https://img5a.flixcart.com/image/dress/g/u/g/zrd0057-zeroed-m-original-imaehcndykavyuk5.jpeg,https://www.flipkart.com/zeroed-women-s-fit-flare-dress/p/itmehczdrhy9eayc?pid=DREEHCZDNCMHZGUG
flipkart,DREEHFYMBXCFZ5HB,Women,Dresses,Vero Moda,Vero Moda Women's Maxi Dress,3295,3295,,,,,https://img5a.flixcart.com/image/dress/h/h/g/10163149-vero-moda-s-original-imaehbq9resxwehk.jpeg,https://www.flipkart.com/vero-moda-women-s-maxi-dress/p/itmehfymh8pd6qnd?pid=DREEHFYMBXCFZ5HB
flipkart,BRAEHBGYHYG8K4EB,Women,Bras,Knot in Love,"Knot in Love by Disha Chadha - Sunset Orange Hand Crocheted Bikini Top Women's Plunge, Bralette Bra",749,1599,53,,,Orange,https://img6a.flixcart.com/image/bra/x/8/d/gg-kil-bibr-119m-knot-in-love-m-original-imaedsbuxmhzvhzy.jpeg,https://www.flipkart.com/knot-love-disha-chadha-sunset-orange-hand-crocheted-bikini-top-women-s-plunge-bralette-bra/p/itmehbgy6zg5fhnu?pid=BRAEHBGYHYG8K4EB
flipkart,BRAEGZY9JWRP7SZT,Women,Bra,Clovia,Clovia Women's Full Coverage Bra,249,279,11,4.4,,,https://img5a.flixcart.com/image/bra/s/z/t/br0224p23-clovia-36b-original-imae862qhtg3duhd.jpeg,https://www.flipkart.com/clovia-women-s-full-coverage-bra/p/itme8z3yhtcchcvq?pid=BRAEGZY9JWRP7SZT
flipkart,PANEGYWXD4TFXFXH,Women,Lingerie,Miss Clyra,Miss Clyra Women's Brief Panty,199,299,33,,,,https://img5a.flixcart.com/image/panty/f/x/h/pmc031p04-miss-clyra-xxl-1000x1000-imaegxwe8wyaxmvh.jpeg,https://www.flipkart.com/miss-clyra-women-s-brief-panty/p/itmegywyptfpcakx?pid=PANEGYWXD4TFXFXH
flipkart,BRAEGZYEFWNYJVTT,Women,T-Shirt,Clovia,Clovia Women's T-Shirt Bra,299,349,14,,,,https://img6a.flixcart.com/image/bra/m/2/z/br0379p03-clovia-34b-original-imaef5gqfrmc6sd3.jpeg,https://www.flipkart.com/clovia-women-s-t-shirt-bra/p/itmeevd95pdhd8t3?pid=BRAEGZYEFWNYJVTT
flipkart,BRAEGYXFUM7FARNG,Women,Bra,Miss Clyra,Miss Clyra Women's Full Coverage Bra,299,698,57,,,,https://img6a.flixcart.com/image/bra/z/r/j/bmc010p20-miss-clyra-38b-original-imaegxw5zdrfzspa.jpeg,https://www.flipkart.com/miss-clyra-women-s-full-coverage-bra/p/itmegywxyfhxhwhb?pid=BRAEGYXFUM7FARNG
flipkart,DREEHBCEEQ5GDHHG,Women,Dresses,Prym,Prym Women's A-line Dress,1299,1299,,,,,https://img5a.flixcart.com/image/dress/h/h/g/1011639172-prym-m-original-imaehb5aswwnm8w5.jpeg,https://www.flipkart.com/prym-women-s-a-line-dress/p/itmehbceqetffygj?pid=DREEHBCEEQ5GDHHG
flipkart,BRAEGZYDHFHZ6WRN,Women,Bra,Clovia,Clovia Women's Full Coverage Bra,272,549,50,4.3,,,https://img5a.flixcart.com/image/bra/t/d/k/br0261p47-clovia-34c-original-imae7tyfwzjybwhz.jpeg,https://www.flipkart.com/clovia-women-s-full-coverage-bra/p/itme87gjcdd9qqxx?pid=BRAEGZYDHFHZ6WRN
flipkart,PANEGYX2YQ8GGZHE,Women,Lingerie,Miss Clyra,Miss Clyra Women's Brief Panty,199,299,33,,,,https://img5a.flixcart.com/image/panty/z/h/e/pmc039p12-miss-clyra-m-1000x1000-imaegxw8cnr4kxpk.jpeg,https://www.flipkart.com/miss-clyra-women-s-brief-panty/p/itmegywy5e4rpf7x?pid=PANEGYX2YQ8GGZHE
flipkart,DREEH7YJQESC9GMV,Women,Dresses,AHAANA FASHION,AHAANA FASHION Women's Shift Dress,1399,1899,26,,,,https://img6a.flixcart.com/image/dress/4/m/n/drs1026-pnk-ahaana-fashion-xl-original-imaeytsaqk3z7npv.jpeg,https://www.flipkart.com/ahaana-fashion-women-s-shift-dress/p/itmeh7ygnhvyra3p?pid=DREEH7YJQESC9GMV
flipkart,PANEGYX3QGNMWHNF,Women,Lingerie,Miss Clyra,Miss Clyra Women's Brief Panty,199,299,33,,,,https://img5a.flixcart.com/image/panty/h/n/f/pmc031p30-miss-clyra-s-original-imaegxwehkxzb5h4.jpeg,https://www.flipkart.com/miss-clyra-women-s-brief-panty/p/itmegyxyvjzrqhwb?pid=PANEGYX3QGNMWHNF
flipkart,BRAEHD9FNNJHVHQG,Women,T-Shirt,Triumph,Triumph Women's T-Shirt Bra,1616,1649,2,,,,https://img5a.flixcart.com/image/bra/b/r/z/110i43004-triumph-36d-original-imaehd7jkktzudff.jpeg,https://www.flipkart.com/triumph-women-s-t-shirt-bra/p/itmehd9fwezd6unf?pid=BRAEHD9FNNJHVHQG
flipkart,DREEHFYM6BFM8XJ2,Women,Dresses,Vero Moda,Vero Moda Women's Shift Dress,2695,2695,,,,,https://img5a.flixcart.com/image/dress/e/3/m/10163156-vero-moda-s-original-imaehyyfemgt9mcu.jpeg,https://www.flipkart.com/vero-moda-women-s-shift-dress/p/itmehfymfteq9ywf?pid=DREEHFYM6BFM8XJ2
flipkart,SWSEF8J52UAQGMRP,Women,Sweatshirt,Bio kid,Bio kid Full Sleeve Printed Girl's Sweatshirt,349,599,42,,,,https://img6a.flixcart.com/image/sweatshirt/m/r/p/w15-btg-802-bio-kid-12-13-years-original-imaef7qygcpt4bgy.jpeg,https://www.flipkart.com/bio-kid-full-sleeve-printed-girl-s-sweatshirt/p/itmef8gupc8k5uzp?pid=SWSEF8J52UAQGMRP
flipkart,PANEH9Y39GF5NNHR,Women,Lingerie,Amante,Amante Women's Thong Panty,345,345,,,,,https://img5a.flixcart.com/image/panty/n/h/r/pan26001-mink-whitesmoke-amant-m-original-imaehbbcftgbpaxx.jpeg,https://www.flipkart.com/amante-women-s-thong-panty/p/itmehc3fgvgkhzgy?pid=PANEH9Y39GF5NNHR
flipkart,BRAEHAK4GXTYFVJS,Women,T-Shirt,Coucou,Coucou by Zivame - Pro Women's T-Shirt Bra,525,525,,,,,https://img6a.flixcart.com/image/bra/r/7/y/cme2-liberty-coucou-38b-original-imaeh2bf9jgtznt8.jpeg,https://www.flipkart.com/coucou-zivame-pro-women-s-t-shirt-bra/p/itmeh2ehruhxqzkh?pid=BRAEHAK4GXTYFVJS
flipkart,BRAEHAK3U54EUAWJ,Women,Bra,Rosaline,Rosaline by Zivame - Pro Women's Full Coverage Bra,399,399,,,,,https://img5a.flixcart.com/image/bra/e/s/3/rocs12-blue-floral-print-rosaline-38d-original-imaeh2bfyjkt4myv.jpeg,https://www.flipkart.com/rosaline-zivame-pro-women-s-full-coverage-bra/p/itmehak33hwhafzp?pid=BRAEHAK3U54EUAWJ
flipkart,SWSEF8GTHZYK8SFV,Women,Sweatshirt,Bio kid,Bio kid Full Sleeve Printed Girl's Sweatshirt,349,599,42,,,,https://img5a.flixcart.com/image/sweatshirt/a/t/q/w15-btg-798-bio-kid-12-13-years-original-imaef7qygxmpybpj.jpeg,https://www.flipkart.com/bio-kid-full-sleeve-printed-girl-s-sweatshirt/p/itmef8gtqggzxj2b?pid=SWSEF8GTHZYK8SFV
flipkart,PANEGYXYBKQZZHFZ,Women,Lingerie,Miss Clyra,Miss Clyra Women's Brief Panty,199,299,33,,,,https://img6a.flixcart.com/image/panty/h/t/z/pmc033p22-miss-clyra-xxl-1000x1000-imaegxw9y7edrcdu.jpeg,https://www.flipkart.com/miss-clyra-women-s-brief-panty/p/itmegyxyhpgfubgy?pid=PANEGYXYBKQZZHFZ
flipkart,DREEHCFHBPXKYRCK,Women,Dresses,EthnicQueen,EthnicQueen Women's A-line Dress,994,2488,60,,,,https://img6a.flixcart.com/image/dress/r/c/k/bl440-ethnicqueen-xxl-1000x1000-imaeh2dsdghs9yd5.jpeg,https://www.flipkart.com/ethnicqueen-women-s-a-line-dress/p/itmehcfhxdjbz4dk?pid=DREEHCFHBPXKYRCK
flipkart,DREEHFYMH2TU4G5V,Women,Dresses,Vero Moda,Vero Moda Women's Maxi Dress,2495,2495,,,,,https://img5a.flixcart.com/image/dress/h/e/z/10153508-vero-moda-l-original-imaehyyycurjfvjy.jpeg,https://www.flipkart.com/vero-moda-women-s-maxi-dress/p/itmehfym79q5ywhs?pid=DREEHFYMH2TU4G5V
flipkart,PANEGYWYNG3DTDCZ,Women,Lingerie,Miss Clyra,Miss Clyra Women's Brief Panty,299,648,54,,,,https://img5a.flixcart.com/image/panty/d/c/z/pmc025p20-miss-clyra-xxl-original-imaegxw6dzksntya.jpeg,https://www.flipkart.com/miss-clyra-women-s-brief-panty/p/itmegywyqhgqsvxg?pid=PANEGYWYNG3DTDCZ
flipkart,PANEGYX7FTRXDEQD,Women,Lingerie,Miss Clyra,Miss Clyra Women's Brief Panty,199,299,33,,,,https://img5a.flixcart.com/image/panty/e/q/d/pmc031p12-miss-clyra-l-1000x1000-imaegxwe22jv9zun.jpeg,https://www.flipkart.com/miss-clyra-women-s-brief-panty/p/itmegyx3m96xgbzz?pid=PANEGYX7FTRXDEQD
flipkart,SWSEF8J6YU8BKAKW,Women,Sweatshirt,Bio kid,Bio kid Full Sleeve Printed Girl's Sweatshirt,349,599,42,,,,https://img5a.flixcart.com/image/sweatshirt/a/k/w/w15-btg-796-bio-kid-12-13-years-original-imaef7qy2rjmzqrx.jpeg,https://www.flipkart.com/bio-kid-full-sleeve-printed-girl-s-sweatshirt/p/itmef8gthg9jh2gz?pid=SWSEF8J6YU8BKAKW
flipkart,PANEGYX2Z7KEPTPA,Women,Lingerie,Miss Clyra,Miss Clyra Women's Brief Panty,199,299,33,,,,https://img5a.flixcart.com/image/panty/m/a/m/pmc033p12-miss-clyra-m-1000x1000-imaegxw9tzbzbext.jpeg,https://www.flipkart.com/miss-clyra-women-s-brief-panty/p/itmegyx2rvkhuuad?pid=PANEGYX2Z7KEPTPA
flipkart,PANEGYWYSHWEZSRH,Women,Lingerie,Miss Clyra,Miss Clyra Women's Brief Panty,199,324,39,,,,https://img5a.flixcart.com/image/panty/t/z/x/pmc025p12-miss-clyra-xl-1000x1000-imaegxwc9zfyrh2t.jpeg,https://www.flipkart.com/miss-clyra-women-s-brief-panty/p/itmegywyzkczxax8?pid=PANEGYWYSHWEZSRH
flipkart,CRGE8VZFBQHC3NZF,Women,Trousers,Quechua,Quechua MOD TECHFRESH Girl's Cargos,800,1999,60,,,,https://img5a.flixcart.com/image/cargo/f/r/g/8241329beige-quechua-free-original-imae4epd5hvnyhz4.jpeg,https://www.flipkart.com/quechua-mod-techfresh-girl-s-cargos/p/itme8vzf9p577z32?pid=CRGE8VZFBQHC3NZF
flipkart,BXREFP5MUQBJU2DE,Women,Clothing,BelleGirl,BelleGirl Floral Print Baby Girl's Boxer,316,540,41,5.0,,,https://img5a.flixcart.com/image/boxer/2/d/e/blkw-draw-ligh-bellegirl-6-9-months-original-imaefyfm74hhfndm.jpeg,https://www.flipkart.com/bellegirl-floral-print-baby-girl-s-boxer/p/itmefp5mkzdpgsy6?pid=BXREFP5MUQBJU2DE
flipkart,PANEGYWYVSTHAZQE,Women,Lingerie,Miss Clyra,Miss Clyra Women's Brief Panty,199,299,33,,,,https://img5a.flixcart.com/image/panty/d/v/q/pmc034p06-miss-clyra-xxl-1000x1000-imaegxwaq2mdpkaq.jpeg,https://www.flipkart.com/miss-clyra-women-s-brief-panty/p/itmegywzyqezhkk6?pid=PANEGYWYVSTHAZQE
flipkart,PANEHA7QXHBX9UYE,Women,Lingerie,Selfcare,Selfcare Women's Thong Panty,349,598,42,,,,https://img5a.flixcart.com/image/panty/r/j/y/679-selfcare-l-original-imaeh9zwawbdzfq2.jpeg,https://www.flipkart.com/selfcare-women-s-thong-panty/p/itmeha7qtqcutu57?pid=PANEHA7QXHBX9UYE
flipkart,JCKEGCUYZS97FXDN,Women,Jacket,Lolaski,"Lolaski Sleeveless Striped Girl's, Women's Jacket",1899,3800,50,,,,https://img6a.flixcart.com/image/jacket/6/g/g/maty-colour-cotton-jacket-lolaski-xl-original-imaegcp96jhxehcy.jpeg,https://www.flipkart.com/lolaski-sleeveless-striped-girl-s-women-s-jacket/p/itmegcuyz52hxyyk?pid=JCKEGCUYZS97FXDN
flipkart,DREEGJ3EUZ2PFKKJ,Women,Dresses,ATHENA,ATHENA Women's Maxi Dress,1795,1795,,,,,https://img6a.flixcart.com/image/dress/k/k/j/adr-796-athena-s-original-imaegzvsc7zg9xsz.jpeg,https://www.flipkart.com/athena-women-s-maxi-dress/p/itmegj3ehvnaa4r7?pid=DREEGJ3EUZ2PFKKJ
flipkart,PYJEGVHHUAZWURVK,Women,Pyjama,SUNWIN,SUNWIN Women's Pyjama,345,999,65,,,,https://img5a.flixcart.com/image/pyjama/t/n/p/swpyjama01-sunwin-xl-original-imaeeh33hqgz5zjs.jpeg,https://www.flipkart.com/sunwin-women-s-pyjama/p/itmegvhhkjrhtgvr?pid=PYJEGVHHUAZWURVK
flipkart,JCKEGCRW4FGJAY6X,Women,Jackets,Lolaski,"Lolaski Sleeveless Self Design Girl's, Women's Jacket",1999,4000,50,,,,https://img6a.flixcart.com/image/jacket/h/t/v/cotton-patched-work-lolaski-3xl-original-imaegczkhbagygzb.jpeg,https://www.flipkart.com/lolaski-sleeveless-self-design-girl-s-women-s-jacket/p/itmegcrwrxbfmzg9?pid=JCKEGCRW4FGJAY6X
flipkart,JCKEFJRCGHXDAHUJ,Women,Jackets,Lilpicks Couture,Lilpicks Couture Full Sleeve Floral Print Girl's Jacket,1750,1750,,,,,https://img6a.flixcart.com/image/jacket/j/z/a/lps004-lilpicks-couture-4-5-years-original-imaefgpzuzrxympe.jpeg,https://www.flipkart.com/lilpicks-couture-full-sleeve-floral-print-girl-s-jacket/p/itmefjrcqcuahjzs?pid=JCKEFJRCGHXDAHUJ
flipkart,JCKEEQP3QGVECNG7,Women,Jacket,Cutecumber,Cutecumber Sleeveless Animal Print Girl's Jacket,1375,1375,,,,,https://img5a.flixcart.com/image/jacket/z/3/r/cc156j-red-cutecumber-8-9-years-original-imaeepknekqqzv9z.jpeg,https://www.flipkart.com/cutecumber-sleeveless-animal-print-girl-s-jacket/p/itmeeqp3znsgzp3q?pid=JCKEEQP3QGVECNG7
flipkart,JCKEGDFGPZZFBJ63,Women,Jackets,Lolaski,"Lolaski Sleeveless Striped Women's, Girl's Denim Jacket",1499,3000,50,,,,https://img6a.flixcart.com/image/jacket/j/6/3/denim-patch-work-lolaski-xl-1000x1000-imaegcypzjp3mayb.jpeg,https://www.flipkart.com/lolaski-sleeveless-striped-women-s-girl-s-denim-jacket/p/itmegdfge3zxgz3f?pid=JCKEGDFGPZZFBJ63
flipkart,PYJEGNFFEEHFFPSG,Women,Pyjama,Nite Flite,Nite Flite Women's Pyjama,529,529,,,,,https://img5a.flixcart.com/image/pyjama/3/q/s/lt-207-18-nite-flite-m-original-imaegmurhzkuz54z.jpeg,https://www.flipkart.com/nite-flite-women-s-pyjama/p/itmegnffqxmjbdhm?pid=PYJEGNFFEEHFFPSG
flipkart,PANEH9YW9U62ETCS,Women,Short,Amante,Amante Women's Boy Short Panty,445,445,,,,,https://img6a.flixcart.com/image/panty/t/c/s/pan26003-denim-white-amant-m-original-imaehb3vnfmgy4xn.jpeg,https://www.flipkart.com/amante-women-s-boy-short-panty/p/itmehc3f5ffjbfd2?pid=PANEH9YW9U62ETCS
flipkart,SWSEF8J6HHU3V4FA,Women,Sweatshirt,Bio kid,Bio kid Full Sleeve Printed Girl's Sweatshirt,349,599,42,,,,https://img5a.flixcart.com/image/sweatshirt/b/5/j/w15-btg-793-bio-kid-12-13-years-original-imaef7qyvrgquye6.jpeg,https://www.flipkart.com/bio-kid-full-sleeve-printed-girl-s-sweatshirt/p/itmef8gtgqzfhgm4?pid=SWSEF8J6HHU3V4FA
flipkart,JCKEEVK3ZNGQVWV7,Women,Jacket,INDIRANG,INDIRANG Sleeveless Solid Girl's Jacket,499,799,38,,,,https://img6a.flixcart.com/image/jacket/x/p/z/abj-49-indirang-7-8-years-original-imaeevaezugmqt7h.jpeg,https://www.flipkart.com/indirang-sleeveless-solid-girl-s-jacket/p/itmeevk3ephtugxf?pid=JCKEEVK3ZNGQVWV7
flipkart,PYJEGWJSSB8EEH5A,Women,Pyjama,Simrit,Simrit Women's Pyjama,1095,3650,70,,,,https://img5a.flixcart.com/image/pyjama/h/5/a/lwr-7-lwr101-8-lwr101-13-grey-pink-simrit-xl-original-imaegvmjxspkkvhh.jpeg,https://www.flipkart.com/simrit-women-s-pyjama/p/itmegwjsqzdg6dkv?pid=PYJEGWJSSB8EEH5A
flipkart,PYJEGVQPZYZ2T3TP,Women,Pyjama,SUNWIN,SUNWIN Women's Pyjama,345,999,65,,,,https://img6a.flixcart.com/image/pyjama/3/t/p/swpyjama19-sunwin-xl-original-imaeeh3fbxwzj972.jpeg,https://www.flipkart.com/sunwin-women-s-pyjama/p/itmegvqp33c6dz85?pid=PYJEGVQPZYZ2T3TP
flipkart,PYJEGWJUXDDSVXZM,Women,Pyjama,Simrit,Simrit Women's Pyjama,1095,3650,70,,,,https://img6a.flixcart.com/image/pyjama/p/t/e/lwr-5-lwr101-6-lwr101-8-blue-grey-simrit-xl-original-imaegvmkhutsscvh.jpeg,https://www.flipkart.com/simrit-women-s-pyjama/p/itmegwjtqdehkrzj?pid=PYJEGWJUXDDSVXZM
flipkart,PANEHA7QZPSGQHZX,Women,Lingerie,Selfcare,Selfcare Women's Thong Panty,349,598,42,,,,https://img6a.flixcart.com/image/panty/q/m/t/681-selfcare-l-original-imaeh9zwntf3kgzx.jpeg,https://www.flipkart.com/selfcare-women-s-thong-panty/p/itmeha7qx3hggtaf?pid=PANEHA7QZPSGQHZX
flipkart,PANEGYX3KVGCYUWZ,Women,Lingerie,Miss Clyra,Miss Clyra Women's Brief Panty,199,299,33,,,,https://img5a.flixcart.com/image/panty/4/u/5/pmc033p04-miss-clyra-xxl-1000x1000-imaegxweymgtrsgg.jpeg,https://www.flipkart.com/miss-clyra-women-s-brief-panty/p/itmegyx2bw3xdzyr?pid=PANEGYX3KVGCYUWZ
flipkart,DREEGJ3ED8GZZF3E,Women,Dresses,ATHENA,ATHENA Women's Wrap Dress,1595,1595,,,,,https://img6a.flixcart.com/image/dress/h/c/h/adr-801-athena-l-original-imaegzv73tqgavgz.jpeg,https://www.flipkart.com/athena-women-s-wrap-dress/p/itmegj3eyzunuvgh?pid=DREEGJ3ED8GZZF3E
flipkart,JCKEEPUH5H8YAWRD,Women,Jacket,Toddla,Toddla Full Sleeve Solid Girl's Jacket,1800,4500,60,,,,https://img6a.flixcart.com/image/jacket/w/r/d/tjk12-toddla-5-6-years-original-imaeepnmzqq4eqfd.jpeg,https://www.flipkart.com/toddla-full-sleeve-solid-girl-s-jacket/p/itmeepugfsdescxz?pid=JCKEEPUH5H8YAWRD
flipkart,PYJEGWJQMTQTMGGT,Women,Pyjama,Simrit,Simrit Women's Pyjama,1095,3650,70,,,,https://img6a.flixcart.com/image/pyjama/g/g/t/lwr-6-lwr101-7-lwr101-1-grey-purple-simrit-xl-original-imaegvmkg9ga6f89.jpeg,https://www.flipkart.com/simrit-women-s-pyjama/p/itmegwjqqsfz2yyx?pid=PYJEGWJQMTQTMGGT
flipkart,KRTEE5UJNCV72YNF,Women,Kurtis,,Kyzaa Embroidered Women's Kurti,2375,3395,30,,,,https://img6a.flixcart.com/image/kurti/r/g/f/1134-pink-kyzaa-xxl-original-imaee4zd58ruqjmt.jpeg,https://www.flipkart.com/kyzaa-embroidered-women-s-kurti/p/itmee5ujbpnns2jy?pid=KRTEE5UJNCV72YNF
flipkart,BRAEJPHBUCZAAZUY,Women,Bras,UR Image,UR Image by Ur Image - Fashion Women's Full Coverage Bra,499,999,50,,,,https://img5a.flixcart.com/image/bra/t/t/e/bindi-red-aqua-ur-image-28-1000x1000-imaejmftcxzar4me.jpeg,https://www.flipkart.com/ur-image-fashion-women-s-full-coverage-bra/p/itmejphb4kuvhanc?pid=BRAEJPHBUCZAAZUY
flipkart,BRAEJPHBYXAKTVZJ,Women,Bras,UR Image,UR Image by Ur Image - Fashion Women's Full Coverage Bra,599,1199,50,,,,https://img6a.flixcart.com/image/bra/g/t/m/a5124-white-pink-ur-image-38-1000x1000-imaejmftezgzfvhm.jpeg,https://www.flipkart.com/ur-image-fashion-women-s-full-coverage-bra/p/itmejphafdgme6gt?pid=BRAEJPHBYXAKTVZJ
flipkart,BRAEJPHB6KF8NGBK,Women,Bras,UR Image,UR Image by Ur Image - Fashion Women's Full Coverage Bra,499,999,50,,,,https://img6a.flixcart.com/image/bra/a/h/4/juhi-yellow-red-ur-image-28-1000x1000-imaejmftmpz2xpje.jpeg,https://www.flipkart.com/ur-image-fashion-women-s-full-coverage-bra/p/itmejphb8wxh9hqa?pid=BRAEJPHB6KF8NGBK
flipkart,LJGEJBEFGXFTJVMM,Women,Leggings,New tastemaker,"New tastemaker Women's Black, Blue, Red Leggings",749,999,25,,,Black,https://img6a.flixcart.com/image/legging-jegging/g/s/x/ntm007-3combo-blburd-new-tastemaker-l-original-imaejabb6hkjusz4.jpeg,https://www.flipkart.com/new-tastemaker-women-s-black-blue-red-leggings/p/itmejbefkhs4fyzf?pid=LJGEJBEFGXFTJVMM
flipkart,SWTEEXZQHGBRYQDY,Women,Sweaters,KIDS VILLAGE,KIDS VILLAGE Applique Round Neck Casual Girl's Sweater,599,1199,50,,,,https://img5a.flixcart.com/image/sweater/9/7/c/s-109-kids-village-9-10-years-original-imaedea4uxw9ufgw.jpeg,https://www.flipkart.com/kids-village-applique-round-neck-casual-girl-s-sweater/p/itmeduzq2jbhchae?pid=SWTEEXZQHGBRYQDY
flipkart,SWTEGTFFZWCFRT9P,Women,Sweater,ELLE,ELLE Self Design Round Neck Casual Girl's Sweater,1399,1399,,,,,https://img5a.flixcart.com/image/sweater/u/z/z/egfld7301ma-elle-8-9-years-1000x1000-imaegta7vq2hzazy.jpeg,https://www.flipkart.com/elle-self-design-round-neck-casual-girl-s-sweater/p/itmegtffamxxbpg6?pid=SWTEGTFFZWCFRT9P
flipkart,PANEJZUWRASJDZHH,Women,Lingerie,mae,mae Women's Hipster Panty,179,599,70,,,,https://img5a.flixcart.com/image/panty/q/e/2/mae-215-mae-s-original-imaejmh5khuq3pzv.jpeg,https://www.flipkart.com/mae-women-s-hipster-panty/p/itmejzuwhxrvdejh?pid=PANEJZUWRASJDZHH
flipkart,FABEJUNWFPKBXCJY,Women,Kurti,aahnafashion,aahnafashion Crepe Printed Kurti Fabric,799,3000,73,,,,https://img6a.flixcart.com/image/fabric/c/j/y/sweta048-aahnafashion-original-imaejs3rmyphg8mx.jpeg,https://www.flipkart.com/aahnafashion-crepe-printed-kurti-fabric/p/itmejunwfgzgpgjd?pid=FABEJUNWFPKBXCJY
flipkart,FABEJRR8CQWSR9NS,Women,Kurta,VIHA,VIHA Cotton Embroidered Semi-stitched Salwar Suit Dupatta Material,949,2999,68,,,,https://img6a.flixcart.com/image/fabric/9/n/s/wt-aysh-grey-f01-viha-original-imaejkbdq5hkcppj.jpeg,https://www.flipkart.com/viha-cotton-embroidered-semi-stitched-salwar-suit-dupatta-material/p/itmejrr8y7zr8sef?pid=FABEJRR8CQWSR9NS
flipkart,LJGEJAAC89UGZXGG,Women,Jeggings,Glitterss,"Glitterss Women's White, Beige, Blue Jeggings",1499,2998,50,,,White,https://img6a.flixcart.com/image/legging-jegging/z/v/2/ikl-jeg-b-2-4-9-ikl-30-original-imaej7umyhkjhh5k.jpeg,https://www.flipkart.com/glitterss-women-s-white-beige-blue-jeggings/p/itmejaa9wzppp4zg?pid=LJGEJAAC89UGZXGG
flipkart,DREEJPN3WPA36R7P,Women,Dresses,Hunny Bunny,Hunny Bunny Girl's Sheath Dark Blue Dress,1128,2350,52,,,Dark Blue,https://img5a.flixcart.com/image/dress/h/x/q/m1018nb-hunny-bunny-7-8-years-original-imaejzxyxzqqmvhp.jpeg,https://www.flipkart.com/hunny-bunny-girl-s-sheath-dark-blue-dress/p/itmejpn3p8vgwdvd?pid=DREEJPN3WPA36R7P
flipkart,DREEHV4NEFZEANSB,Women,Dresses,Trackdeal,Trackdeal Girl's Fit and Flare Black Dress,549,999,45,,,Black,https://img5a.flixcart.com/image/dress/y/w/e/tddrs1496-trackdeal-s-1000x1000-imaegn3vsgdqtqyk.jpeg,https://www.flipkart.com/trackdeal-girl-s-fit-flare-black-dress/p/itmehv4nhuhwyggg?pid=DREEHV4NEFZEANSB
flipkart,DREEJQ6B6EYCJQB2,Women,Dresses,Garlynn,Garlynn Girl's Gathered White Dress,549,1099,50,,,White,https://img5a.flixcart.com/image/dress/q/b/2/gln-drs-396-garlynn-3-4-years-original-imaejzfutsy9zbux.jpeg,https://www.flipkart.com/garlynn-girl-s-gathered-white-dress/p/itmejq65nafgyw9n?pid=DREEJQ6B6EYCJQB2
flipkart,DREEHV4MP3YRKVJN,Women,Dresses,Trackdeal,Trackdeal Girl's Fit and Flare Black Dress,549,999,45,,,Black,https://img5a.flixcart.com/image/dress/v/j/n/tddrs1488-trackdeal-m-1000x1000-imaegn3vvgh4ferc.jpeg,https://www.flipkart.com/trackdeal-girl-s-fit-flare-black-dress/p/itmehv4mebasz5qz?pid=DREEHV4MP3YRKVJN
flipkart,DREEJNG9HTFF476T,Women,Dresses,LILZIZU,LILZIZU Girl's Fit and Flare Multicolor Dress,699,999,30,,,Multicolour,https://img6a.flixcart.com/image/dress/m/h/g/off-white-lilzizu-7-8-years-original-imaejmmyvtfumnmj.jpeg,https://www.flipkart.com/lilzizu-girl-s-fit-flare-multicolor-dress/p/itmejng93p4zwfj3?pid=DREEJNG9HTFF476T
flipkart,DREEJZWWQGZRNSUK,Women,Dresses,lil zizu,lil zizu Girl's Fit and Flare Multicolor Dress,649,999,35,,,Multicolour,https://img5a.flixcart.com/image/dress/2/x/m/green-fly-print-lil-zizu-6-7-years-original-imaejnhj8tydqrbh.jpeg,https://www.flipkart.com/lil-zizu-girl-s-fit-flare-multicolor-dress/p/itmejzwwc5fhujvy?pid=DREEJZWWQGZRNSUK
flipkart,TKPEC8ARNMYYQJM3,Women,Track Pants,,"Menthol Solid, Printed Girl's Track Pants",220,549,60,,,,https://img6a.flixcart.com/image/track-pant/k/f/p/gbt-01-1049-fuschia-menthol-5-6-years-original-imaec2cvtwtcvrdh.jpeg,https://www.flipkart.com/menthol-solid-printed-girl-s-track-pants/p/itmec8arerrrf9b5?pid=TKPEC8ARNMYYQJM3
flipkart,TKPEYPGFPY4FZZ7Z,Women,Track Pants,,Sweet Angel Printed Girl's Track Pants,599,1099,45,,,,https://img6a.flixcart.com/image/track-pant/4/z/7/1803lower-sweet-angel-xl-original-imaeyrmm2rfxsgeg.jpeg,https://www.flipkart.com/sweet-angel-printed-girl-s-track-pants/p/itmeypgffh7zffj5?pid=TKPEYPGFPY4FZZ7Z
flipkart,TKPEYPECGWCK5HH7,Women,Track Pants,,Sweet Angel Printed Girl's Track Pants,499,1099,55,4.0,,,https://img5a.flixcart.com/image/track-pant/h/b/f/1809lower-sweet-angel-1100x1360-imaeyrfknsfshdzz.jpeg,https://www.flipkart.com/sweet-angel-printed-girl-s-track-pants/p/itmeypeczkh5cgmj?pid=TKPEYPECGWCK5HH7
flipkart,SKIECBAAGZJYWFUH,Women,Skirts,,Change360° Floral Print Women's A-line Skirt,1499,1499,,,,,https://img6a.flixcart.com/image/skirt/c/c/h/1-1-1witc2-change360-xxl-original-imaecb48vxzn5rrz.jpeg,https://www.flipkart.com/change360-floral-print-women-s-a-line-skirt/p/itmecbaagrcpzgge?pid=SKIECBAAGZJYWFUH
flipkart,TKPE7ZNGFYGRHUFA,Women,Track Pants,,Mint 1351\P28 Solid Girl's Track Pants,655,1008,35,,,,https://img6a.flixcart.com/image/track-pant/r/b/h/111009589-3-mint-1000x1000-imae7zp4vr8zsvcg.jpeg,https://www.flipkart.com/mint-1351-p28-solid-girl-s-track-pants/p/itme7zngyyzpkfet?pid=TKPE7ZNGFYGRHUFA
flipkart,TKPE7DH2GGGYGJAM,Women,Top,,Stop To Start Solid Girl's Track Pants,349,499,30,,,,https://img6a.flixcart.com/image/track-pant/y/p/z/9537491-9463-stop-to-start-original-imae7cfq7qudyree.jpeg,https://www.flipkart.com/stop-start-solid-girl-s-track-pants/p/itme7dh2why8qbxz?pid=TKPE7DH2GGGYGJAM
flipkart,SWTEC9Z2URZYRBGR,Women,Sweaters,,Roadster Solid Round Neck Casual Men's Sweater,909,1299,30,,,,https://img6a.flixcart.com/image/sweater/b/g/r/872859-roadster-l-original-imaecf73nvaarxek.jpeg,https://www.flipkart.com/roadster-solid-round-neck-casual-men-s-sweater/p/itmec9z2wkybsmyf?pid=SWTEC9Z2URZYRBGR
flipkart,ACBECT5UXKDWDRRE,Women,Clothing,,Abhira Top Girl's  Combo,859,1999,57,,,,https://img6a.flixcart.com/image/apparels-combo/5/n/h/mp1035-abhira-1000x1000-imaecrtmczkns52e.jpeg,https://www.flipkart.com/abhira-top-girl-s-combo/p/itmect5u7v4wywyg?pid=ACBECT5UXKDWDRRE
flipkart,ACBECSFFCM9GJXHK,Women,Clothing,,Abhira Top Girl's  Combo,859,2099,59,,,,https://img5a.flixcart.com/image/apparels-combo/h/z/t/mp1011-abhira-1000x1000-imaecrtmspjzwspz.jpeg,https://www.flipkart.com/abhira-top-girl-s-combo/p/itmecsffa9gghzeh?pid=ACBECSFFCM9GJXHK
flipkart,ACBECT5UP4YDFNXH,Women,Clothing,,Abhira Top Girl's  Combo,999,2599,62,,,,https://img5a.flixcart.com/image/apparels-combo/m/f/g/mp1033-abhira-1000x1000-imaecrtma6xbhwcw.jpeg,https://www.flipkart.com/abhira-top-girl-s-combo/p/itmect5uuuhpddeh?pid=ACBECT5UP4YDFNXH
flipkart,ACBECT5UXYVB6EHX,Women,Clothing,,Abhira Top Girl's  Combo,999,2599,62,,,,https://img5a.flixcart.com/image/apparels-combo/m/f/g/mp1033-abhira-1000x1000-imaecrtma6xbhwcw.jpeg,https://www.flipkart.com/abhira-top-girl-s-combo/p/itmect5ujzzgffxt?pid=ACBECT5UXYVB6EHX
flipkart,ACBECSFFNEUFZSYE,Women,Clothing,,Abhira Top Girl's  Combo,1029,2499,59,,,,https://img6a.flixcart.com/image/apparels-combo/8/n/f/mp1019-abhira-1000x1000-imaecrtmhjmpnxdj.jpeg,https://www.flipkart.com/abhira-top-girl-s-combo/p/itmecsffjgzpgnhg?pid=ACBECSFFNEUFZSYE
flipkart,TKPE7DH2BQNDHNAK,Women,Top,,Stop To Start Solid Girl's Track Pants,419,599,30,,,,https://img6a.flixcart.com/image/track-pant/y/p/z/9537491-9463-stop-to-start-original-imae7cfq7qudyree.jpeg,https://www.flipkart.com/stop-start-solid-girl-s-track-pants/p/itme7dh2why8qbxz?pid=TKPE7DH2BQNDHNAK
flipkart,TKPE9GRBBH8G4SHX,Women,Track Pants,,Shaun TrackPant Solid Girl's Track Pants,399,999,60,5.0,,,https://img6a.flixcart.com/image/pyjama/v/n/5/645rpyjamasetofthree-shaun-2-3-years-original-imae7guazzm5uqww.jpeg,https://www.flipkart.com/shaun-trackpant-solid-girl-s-track-pants/p/itme9grbpwzvzgfr?pid=TKPE9GRBBH8G4SHX
flipkart,TKPEC89TSZG47HHQ,Women,Track Pants,,"Menthol Solid, Printed Girl's Track Pants",220,549,60,,,,https://img6a.flixcart.com/image/track-pant/t/z/g/ggb-01-black-menthol-5-6-years-original-imaec23vq82zhhr8.jpeg,https://www.flipkart.com/menthol-solid-printed-girl-s-track-pants/p/itmec89tumrv97bf?pid=TKPEC89TSZG47HHQ
flipkart,TKPE7ZNGUGSACZJ2,Women,Track Pants,,Mint 1351\34B Solid Girl's Track Pants,655,1008,35,,,,https://img5a.flixcart.com/image/track-pant/5/v/g/111009595-4-mint-1000x1000-imae7zp4f8yvtj7a.jpeg,https://www.flipkart.com/mint-1351-34b-solid-girl-s-track-pants/p/itme7zng9q6c6htt?pid=TKPE7ZNGUGSACZJ2
flipkart,TKPEYPC7GHJ2ZNCV,Women,Track Pants,,Sweet Angel Printed Girl's Track Pants,599,1099,45,,,,https://img5a.flixcart.com/image/track-pant/g/h/d/1804lower-sweet-angel-xxl-1100x1360-imaeypfuhsufc4ec.jpeg,https://www.flipkart.com/sweet-angel-printed-girl-s-track-pants/p/itmeypc7tbzhanfp?pid=TKPEYPC7GHJ2ZNCV
flipkart,ACBEAKUFWNGHDNXZ,Women,Clothing,,Hawai Combo Girl's  Combo,1099,2749,60,,,,https://img6a.flixcart.com/image/apparels-combo/w/5/j/dfg00033-hawai-original-imaeahhs3rwpydhm.jpeg,https://www.flipkart.com/hawai-combo-girl-s/p/itmecjtcfygqmnxe?pid=ACBEAKUFWNGHDNXZ
flipkart,FABEG7D8C8MMFGNJ,Women,Clothing,Abhinl Fashion,Abhinl Fashion Cotton Printed Semi-stitched Salwar Suit Dupatta Material,999,2599,62,,,,https://img5a.flixcart.com/image/fabric/y/k/e/sg527-i0878996s7018-indian-wear-online-1000x1000-imaeh8ysuccxyyys.jpeg,https://www.flipkart.com/abhinl-fashion-cotton-printed-semi-stitched-salwar-suit-dupatta-material/p/itmeg7d8gsjvd9tx?pid=FABEG7D8C8MMFGNJ
flipkart,FABEG7D8CVH8YJAQ,Women,Clothing,Abhinl Fashion,Abhinl Fashion Cotton Printed Semi-stitched Salwar Suit Dupatta Material,999,2599,62,,,,https://img6a.flixcart.com/image/fabric/a/z/d/sg525-r56828745w25695-indian-wear-online-1000x1000-imaeh8ysxfxgt8bn.jpeg,https://www.flipkart.com/abhinl-fashion-cotton-printed-semi-stitched-salwar-suit-dupatta-material/p/itmeg7d8xchsvq65?pid=FABEG7D8CVH8YJAQ
flipkart,KRTEJM6SMN9ZEDGD,Women,Kurti,Cotton Fab,Cotton Fab Solid Women's Maternity Wear Kurti,990,4950,80,,,,https://img5a.flixcart.com/image/kurti/e/w/r/cf-khg-krt-plzo-15-l-cotton-fab-l-original-imaeghpzzuw4a5bc.jpeg,https://www.flipkart.com/cotton-fab-solid-women-s-maternity-wear-kurti/p/itmejm6shcg249da?pid=KRTEJM6SMN9ZEDGD
flipkart,KTAEJM2HDVVMKKSD,Women,Kurta,Shwetna.com,Shwetna.com Embroidered Women's Straight Kurta,950,1950,51,,,,https://img6a.flixcart.com/image/kurta/p/e/z/1068-shwetna-com-xxl-original-imaejhaynprbz8um.jpeg,https://www.flipkart.com/shwetna-com-embroidered-women-s-straight-kurta/p/itmejm2hnwqabzph?pid=KTAEJM2HDVVMKKSD
flipkart,TROEJFPS83H8QSXH,Women,Trousers,Meera,Meera Regular Fit Women's Black Trousers,399,999,60,,,Black,https://img5a.flixcart.com/image/trouser/s/x/h/pz2100-meera-free-original-imaeh9uq4vcc2yjx.jpeg,https://www.flipkart.com/meera-regular-fit-women-s-black-trousers/p/itmejfpsaf5gtzg6?pid=TROEJFPS83H8QSXH
flipkart,TROEJGQ4FEHRNNNU,Women,Trousers,Alobha,Alobha Regular Fit Women's White Trousers,499,1099,55,,,White,https://img5a.flixcart.com/image/trouser/n/n/u/apa-102-alobha-free-original-imaejfqnvwwcjspm.jpeg,https://www.flipkart.com/alobha-regular-fit-women-s-white-trousers/p/itmejgq4yjrbfvnc?pid=TROEJGQ4FEHRNNNU
flipkart,TROEJGY23MHWX7UD,Women,Trousers,CHIKFAB,"CHIKFAB Regular Fit Women's Blue, Black, Pink, Pink, White Trousers",1449,4999,71,,,Black,https://img5a.flixcart.com/image/trouser/u/s/7/women-stylish-blue-black-pink-light-pink-white-plazzo-chikfab-34-original-imaejfw4c7by3nka.jpeg,https://www.flipkart.com/chikfab-regular-fit-women-s-blue-black-pink-white-trousers/p/itmejgy2tgswpuwz?pid=TROEJGY23MHWX7UD
flipkart,KRTEJ8F5XHAG6AXH,Women,Kurti,Cotton Fab,Cotton Fab Printed Women's Maternity Wear Kurti,630,3150,80,,,,https://img6a.flixcart.com/image/kurti/f/z/y/cf-khg-cmb2-krt6065-wht-blu-6071-red-trq-l-cotton-fab-l-original-imaegx2fw2ykf7ey.jpeg,https://www.flipkart.com/cotton-fab-printed-women-s-maternity-wear-kurti/p/itmej8f5hg2hhpse?pid=KRTEJ8F5XHAG6AXH
flipkart,KTAEJMAHHPF7UD7G,Women,Kurta,Gulmohar Jaipur,Gulmohar Jaipur Printed Women's Straight Kurta,474,999,53,,,,https://img6a.flixcart.com/image/kurta/d/7/g/gc26black-gulmohar-jaipur-l-original-imaejhfzatnahvqb.jpeg,https://www.flipkart.com/gulmohar-jaipur-printed-women-s-straight-kurta/p/itmejmahgyx3p6fc?pid=KTAEJMAHHPF7UD7G
flipkart,KRTEJ8FYEHAESH7B,Women,Kurti,Cotton Fab,Cotton Fab Printed Women's Maternity Wear Kurti,630,3150,80,,,,https://img6a.flixcart.com/image/kurti/e/b/h/cf-khg-cmb2-krt6061-multi-6066-yllw-m-cotton-fab-m-original-imaegx2fgynshzhn.jpeg,https://www.flipkart.com/cotton-fab-printed-women-s-maternity-wear-kurti/p/itmej8fy8kynr5nv?pid=KRTEJ8FYEHAESH7B
flipkart,KRTEJ6Z95RVHZXFS,Women,Kurti,Cotton Fab,Cotton Fab Printed Women's Maternity Wear Kurti,630,3150,80,,,,https://img5a.flixcart.com/image/kurti/n/m/r/cf-khg-cmb2-krt6076mlti-krt6085red-s-cotton-fab-s-original-imaegx2f3zmwnuhc.jpeg,https://www.flipkart.com/cotton-fab-printed-women-s-maternity-wear-kurti/p/itmej6zaps7ah8vf?pid=KRTEJ6Z95RVHZXFS
flipkart,KTAEJMAGQYBUW7QG,Women,Kurta,Gulmohar Jaipur,Gulmohar Jaipur Embroidered Women's Straight Kurta,474,999,53,,,,https://img5a.flixcart.com/image/kurta/r/f/8/gc37black-gulmohar-jaipur-l-original-imaejhfzesvwm5f3.jpeg,https://www.flipkart.com/gulmohar-jaipur-embroidered-women-s-straight-kurta/p/itmejmaggz3kxnhz?pid=KTAEJMAGQYBUW7QG
flipkart,KTAEJJCGNBEVSDFZ,Women,Kurta,Baalaa,Baalaa Solid Women's Flared Kurta,799,1299,38,,,,https://img6a.flixcart.com/image/kurta/7/a/q/baalaa1044-baalaa-xxl-original-imaejgyfsxh2nwrw.jpeg,https://www.flipkart.com/baalaa-solid-women-s-flared-kurta/p/itmejjc8kbguptjg?pid=KTAEJJCGNBEVSDFZ
flipkart,KRTEJ8EU4XNGWMFQ,Women,Kurti,Cotton Fab,Cotton Fab Printed Women's Maternity Wear Kurti,780,3900,80,,,,https://img6a.flixcart.com/image/kurti/m/f/q/cf-khg-cmb2-krt6076mlti-krt6084pnk-s-cotton-fab-s-original-imaegx2faqbv3azt.jpeg,https://www.flipkart.com/cotton-fab-printed-women-s-maternity-wear-kurti/p/itmej8eu8jzhyyef?pid=KRTEJ8EU4XNGWMFQ
flipkart,KTAEJJCMAW9AZGZY,Women,Kurta,Baalaa,Baalaa Printed Women's Straight Kurta,379,799,53,,,,https://img6a.flixcart.com/image/kurta/g/d/h/baalaa1068-baalaa-xxl-original-imaejgygztxh3rgg.jpeg,https://www.flipkart.com/baalaa-printed-women-s-straight-kurta/p/itmejjcmmcngz6b5?pid=KTAEJJCMAW9AZGZY
flipkart,KRTEJ6ZDJMD6MCWS,Women,Kurti,Cotton Fab,Cotton Fab Printed Women's Maternity Wear Kurti,780,3900,80,,,,https://img6a.flixcart.com/image/kurti/c/w/s/cf-khg-cmb2-krt6076mlti-krt6087pnk-xl-cotton-fab-xl-original-imaegx2fzrsqrgck.jpeg,https://www.flipkart.com/cotton-fab-printed-women-s-maternity-wear-kurti/p/itmej6zdwznzerqx?pid=KRTEJ6ZDJMD6MCWS
flipkart,KRTEJ6ZCVHZAD9C9,Women,Kurti,Cotton Fab,Cotton Fab Printed Women's Maternity Wear Kurti,660,3300,80,,,,https://img5a.flixcart.com/image/kurti/9/c/9/cf-khg-cmb2-krt6076mlti-krt6086trq-m-cotton-fab-m-original-imaegx2fuyn4z8vd.jpeg,https://www.flipkart.com/cotton-fab-printed-women-s-maternity-wear-kurti/p/itmej6zcyzre6cj5?pid=KRTEJ6ZCVHZAD9C9
flipkart,KRTEJ8F4UY22RXWV,Women,Kurti,Cotton Fab,Cotton Fab Printed Women's Maternity Wear Kurti,630,3150,80,,,,https://img6a.flixcart.com/image/kurti/f/z/y/cf-khg-cmb2-krt6065-wht-blu-6071-red-trq-l-cotton-fab-l-original-imaegx2fw2ykf7ey.jpeg,https://www.flipkart.com/cotton-fab-printed-women-s-maternity-wear-kurti/p/itmej8f4ha4syfhs?pid=KRTEJ8F4UY22RXWV
flipkart,KTAEJHDKFWHH7YC8,Women,Kurta,AaliyaB,AaliyaB Embellished Women's Flared Kurta,2750,3950,30,,,,https://img6a.flixcart.com/image/kurta/y/c/8/kareena-aaliyab-xl-original-imaejfqskdsagzmx.jpeg,https://www.flipkart.com/aaliyab-embellished-women-s-flared-kurta/p/itmejhdkws3tuwwz?pid=KTAEJHDKFWHH7YC8
flipkart,KRTEJHFEDSHWJXKA,Women,Kurti,Port,Port Party Embroidered Women's Maternity Wear Kurti,664,1999,67,,,,https://img6a.flixcart.com/image/kurti/x/k/a/001-port-free-original-imaejj4zr86h8yga.jpeg,https://www.flipkart.com/port-party-embroidered-women-s-maternity-wear-kurti/p/itmejhfeybgg5j2m?pid=KRTEJHFEDSHWJXKA
flipkart,KRTEJ8EWCZNMX9YM,Women,Kurti,Cotton Fab,Cotton Fab Printed Women's Maternity Wear Kurti,630,3150,80,,,,https://img6a.flixcart.com/image/kurti/g/6/k/cf-khg-cmb2-krt6065-wht-blu-6066-yllw-xl-cotton-fab-xl-original-imaegx2f8frt94ta.jpeg,https://www.flipkart.com/cotton-fab-printed-women-s-maternity-wear-kurti/p/itmej8ewqqb9htmz?pid=KRTEJ8EWCZNMX9YM
flipkart,KRTEJ6YJPMV2RM9Y,Women,Kurti,Cotton Fab,Cotton Fab Printed Women's Maternity Wear Kurti,630,3150,80,,,,https://img6a.flixcart.com/image/kurti/g/g/j/cf-khg-cmb2-krt6076mlti-krt6082mrn-s-cotton-fab-s-original-imaegx2fjjg6f3nh.jpeg,https://www.flipkart.com/cotton-fab-printed-women-s-maternity-wear-kurti/p/itmej6yjggtvz5zt?pid=KRTEJ6YJPMV2RM9Y
flipkart,KRTEJ7ATWVYZT3QZ,Women,Kurti,Cotton Fab,Cotton Fab Printed Women's Maternity Wear Kurti,630,3150,80,,,,https://img6a.flixcart.com/image/kurti/3/q/z/cmb2-krt6076mlti-krt6082blk-l-cotton-fab-l-original-imaegx2f7zhrrhd8.jpeg,https://www.flipkart.com/cotton-fab-printed-women-s-maternity-wear-kurti/p/itmej7at7tbfscpg?pid=KRTEJ7ATWVYZT3QZ
flipkart,KRTEJ7ATQGNMW6QV,Women,Kurti,Cotton Fab,Cotton Fab Printed Women's Maternity Wear Kurti,630,3150,80,,,,https://img6a.flixcart.com/image/kurti/g/g/j/cf-khg-cmb2-krt6076mlti-krt6082mrn-s-cotton-fab-s-original-imaegx2fjjg6f3nh.jpeg,https://www.flipkart.com/cotton-fab-printed-women-s-maternity-wear-kurti/p/itmej7at6f54gbtm?pid=KRTEJ7ATQGNMW6QV
flipkart,KTAEJJCJSRQGZMZR,Women,Kurta,Baalaa,Baalaa Printed Women's Straight Kurta,474,999,53,,,,https://img5a.flixcart.com/image/kurta/e/n/s/baalaa1045-baalaa-xxl-original-imaejgyfd4garysz.jpeg,https://www.flipkart.com/baalaa-printed-women-s-straight-kurta/p/itmejjcjnydmvgeb?pid=KTAEJJCJSRQGZMZR
flipkart,KTAEJJCHWJGMMF5Y,Women,Kurta,Baalaa,Baalaa Striped Women's Straight Kurta,499,899,44,,,,https://img6a.flixcart.com/image/kurta/f/5/y/baalaa1047-baalaa-xxl-original-imaejgyfgeczkfqg.jpeg,https://www.flipkart.com/baalaa-striped-women-s-straight-kurta/p/itmejjchzvgkuyev?pid=KTAEJJCHWJGMMF5Y
flipkart,KTAEJM2HBGVBURPX,Women,Kurta,Shwetna.com,Shwetna.com Checkered Women's Straight Kurta,850,1750,51,,,,https://img6a.flixcart.com/image/kurta/r/p/x/1064-shwetna-com-xxl-original-imaejhay4scacyh6.jpeg,https://www.flipkart.com/shwetna-com-checkered-women-s-straight-kurta/p/itmejm2h5yankbrf?pid=KTAEJM2HBGVBURPX
flipkart,KRTEJ7FYEUYZJQHX,Women,Kurti,Cotton Fab,Cotton Fab Printed Women's Maternity Wear Kurti,780,3900,80,,,,https://img6a.flixcart.com/image/kurti/q/h/x/cf-khg-cmb2-krt6076mlti-krt6084trq-l-cotton-fab-l-original-imaegx2fpytkyztq.jpeg,https://www.flipkart.com/cotton-fab-printed-women-s-maternity-wear-kurti/p/itmej7fykdqc4yan?pid=KRTEJ7FYEUYZJQHX
flipkart,KTAEJJCHNHBQ9YFN,Women,Kurta,Baalaa,Baalaa Printed Women's Straight Kurta,379,799,53,,,,https://img6a.flixcart.com/image/kurta/j/b/g/baalaa1048-baalaa-xxl-original-imaejgyf98gy3agh.jpeg,https://www.flipkart.com/baalaa-printed-women-s-straight-kurta/p/itmejjchbgzmzj2n?pid=KTAEJJCHNHBQ9YFN
flipkart,KRTEJ6YN6AWRYHFH,Women,Kurti,Cotton Fab,Cotton Fab Printed Women's Maternity Wear Kurti,780,3900,80,,,,https://img6a.flixcart.com/image/kurti/h/f/h/cf-khg-cmb2-krt6076mlti-krt6084trq-s-cotton-fab-s-original-imaegx2fpytkyztq.jpeg,https://www.flipkart.com/cotton-fab-printed-women-s-maternity-wear-kurti/p/itmej6ynaujwgepa?pid=KRTEJ6YN6AWRYHFH
flipkart,KTAEJMAGF5PPDETQ,Women,Kurta,Gulmohar Jaipur,Gulmohar Jaipur Embroidered Women's Straight Kurta,474,999,53,,,,https://img6a.flixcart.com/image/kurta/h/p/q/gc37blue-gulmohar-jaipur-xxl-original-imaejhfz5rvwbbp3.jpeg,https://www.flipkart.com/gulmohar-jaipur-embroidered-women-s-straight-kurta/p/itmejmagzkxk3g3u?pid=KTAEJMAGF5PPDETQ
flipkart,KTAEJ8C64UYYN8M8,Women,Kurta,RANGSUTRA,RANGSUTRA Embroidered Women's A-line Kurta,1500,1500,,,,,https://img5a.flixcart.com/image/kurta/c/8/j/wi-258-tulsi-ms-rangsutra-s-1000x1000-imaej3jvuwthxy9y.jpeg,https://www.flipkart.com/rangsutra-embroidered-women-s-a-line-kurta/p/itmej8c6g42ypnmq?pid=KTAEJ8C64UYYN8M8
flipkart,DREEGQ4E6YAHVS6Q,Women,Dresses,Morph Maternity,Morph Maternity Women's A-line Blue Dress,1295,1295,,,,Blue,https://img6a.flixcart.com/image/dress/e/q/y/ckdr1115stblu-morph-maternity-l-1000x1000-imaegqysuagvja5z.jpeg,https://www.flipkart.com/morph-maternity-women-s-a-line-blue-dress/p/itmegq4efhmfxgtz?pid=DREEGQ4E6YAHVS6Q
flipkart,FABEGD5GGRMN7HTV,Women,Clothing,Shayona,Shayona Net Embroidered Multi-purpose Fabric,799,3599,78,,,Multi,https://img6a.flixcart.com/image/dress/f/v/e/zbmdadok21-zombom-free-1000x1000-imaehgfyxfjjahez.jpeg,https://www.flipkart.com/shayona-net-embroidered-multi-purpose-fabric/p/itmegd5g8ucpydhy?pid=FABEGD5GGRMN7HTV
flipkart,FABEHEKDFBMVKSRG,Women,Clothing,JDK NOVELTY,"JDK NOVELTY Brocade, Art Silk, Organza Floral Print Multi-purpose Fabric, Kurti Fabric, Blouse Material, Dress/Top Material, Jacket Fabric, Salwar Suit Material, Kurta & Pallazo Material, Lehenga Choli Material, Lace, Kurta Fabric, Kurta & Patiyala Material, Kurta & Churidar Material, Sherwani Fabric",449,800,44,,,Multi,https://img6a.flixcart.com/image/fabric/s/r/g/black-floral-gold-base-jdk-novelty-2-meters-original-imaehed3wttw3jpw.jpeg,https://www.flipkart.com/jdk-novelty-brocade-art-silk-organza-floral-print-multi-purpose-fabric-kurti-blouse-material-dress-top-jacket-salwar-suit-kurta-pallazo-lehenga-choli-lace-patiyala-churidar-sherwani-fabric/p/itmehekd3jmuznbh?pid=FABEHEKDFBMVKSRG
flipkart,FABEGC2G3CVZUT5Y,Women,Clothing,JDK NOVELTY,"JDK NOVELTY Brocade, Art Silk, Organza Floral Print Multi-purpose Fabric, Kurta & Pallazo Material, Kurti Fabric, Lace, Salwar Suit Material, Jacket Fabric, Kurta Fabric, Lehenga Choli Material, Blouse Material, Kurta & Churidar Material, Kurta & Patiyala Material, Dress/Top Material, Sherwani Fabric",434,750,42,,,Multi,https://img5a.flixcart.com/image/fabric/t/5/y/a11-2-jdk-novelty-2-meter-original-imaeg9zyhzh9nyyp.jpeg,https://www.flipkart.com/jdk-novelty-brocade-art-silk-organza-floral-print-multi-purpose-fabric-kurta-pallazo-material-kurti-lace-salwar-suit-jacket-lehenga-choli-blouse-churidar-patiyala-dress-top-sherwani-fabric/p/itmegc2gf4y77gzn?pid=FABEGC2G3CVZUT5Y
flipkart,FABEHAEDAWVHTXB2,Women,Clothing,JDK NOVELTY,"JDK NOVELTY Brocade, Art Silk, Organza Floral Print Multi-purpose Fabric, Kurti Fabric, Blouse Material, Kurta Fabric, Dress/Top Material, Jacket Fabric, Lehenga Choli Material, Kurta & Patiyala Material, Salwar Suit Material, Lace, Kurta & Churidar Material, Sherwani Fabric, Kurta & Pallazo Material",425,825,48,,,Multi,https://img6a.flixcart.com/image/fabric/e/c/q/royal-blue-3m-jdk-novelty-original-imaeh98srrgjx3b3.jpeg,https://www.flipkart.com/jdk-novelty-brocade-art-silk-organza-floral-print-multi-purpose-fabric-kurti-blouse-material-kurta-dress-top-jacket-lehenga-choli-patiyala-salwar-suit-lace-churidar-sherwani-pallazo-material/p/itmehaedgtfw9fvq?pid=FABEHAEDAWVHTXB2
flipkart,FABEH7XBBN6P9JEE,Women,Clothing,JDK NOVELTY,"JDK NOVELTY Brocade, Art Silk, Organza Self Design Multi-purpose Fabric, Kurti Fabric, Blouse Material, Kurta Fabric, Dress/Top Material, Jacket Fabric, Kurta & Pallazo Material, Sherwani Fabric, Kurta & Churidar Material, Lace, Salwar Suit Material, Kurta & Patiyala Material, Lehenga Choli Material",475,690,31,,,Multi,https://img6a.flixcart.com/image/fabric/j/e/e/black-base-gold-design-jdk-novelty-original-imaeh7pxxwxhd27h.jpeg,https://www.flipkart.com/jdk-novelty-brocade-art-silk-organza-self-design-multi-purpose-fabric-kurti-blouse-material-kurta-dress-top-jacket-pallazo-sherwani-churidar-lace-salwar-suit-patiyala-lehenga-choli-material/p/itmeh7xbzhzzx8xn?pid=FABEH7XBBN6P9JEE
flipkart,FABEHAED9RGAMGHN,Women,Clothing,JDK NOVELTY,"JDK NOVELTY Brocade, Art Silk, Organza Floral Print Multi-purpose Fabric, Kurti Fabric, Blouse Material, Kurta Fabric, Dress/Top Material, Jacket Fabric, Kurta & Pallazo Material, Sherwani Fabric, Kurta & Churidar Material, Lace, Salwar Suit Material, Kurta & Patiyala Material, Lehenga Choli Material",435,799,46,,,Multi,https://img6a.flixcart.com/image/fabric/g/h/n/blue-red-with-gold-leaf-jdk-novelty-original-imaeha73zvhmbszh.jpeg,https://www.flipkart.com/jdk-novelty-brocade-art-silk-organza-floral-print-multi-purpose-fabric-kurti-blouse-material-kurta-dress-top-jacket-pallazo-sherwani-churidar-lace-salwar-suit-patiyala-lehenga-choli-material/p/itmehaedtff25hgb?pid=FABEHAED9RGAMGHN
flipkart,FABEGCZQPT3VWTQU,Women,Clothing,Fashion Forever,Fashion Forever Georgette Embroidered Multi-purpose Fabric,2649,3699,28,,,Multi,https://img5a.flixcart.com/image/fabric/t/q/u/ffmv-1980-fashion-forever-original-imaegczzwyerxntv.jpeg,https://www.flipkart.com/fashion-forever-georgette-embroidered-multi-purpose-fabric/p/itmegczqkwhur4rj?pid=FABEGCZQPT3VWTQU
flipkart,SKIEGJZT9JNHSV3B,Women,Skirt,Bella Moda,Bella Moda Printed Girl's Gathered Orange Skirt,397,1147,65,,,Orange,https://img6a.flixcart.com/image/skirt/g/6/a/om238-bella-moda-6-7-years-original-imaegjphpugya5qy.jpeg,https://www.flipkart.com/bella-moda-printed-girl-s-gathered-orange-skirt/p/itmegjzsxseat4aj?pid=SKIEGJZT9JNHSV3B
flipkart,SKIEGRUNUJ353ZTY,Women,Skirt,Sharleez,Sharleez Solid Women's A-line Red Skirt,599,2999,80,,,Red,https://img6a.flixcart.com/image/skirt/z/t/y/skt9020-rd-sharleez-l-original-imadzzty36cntyk6.jpeg,https://www.flipkart.com/sharleez-solid-women-s-a-line-red-skirt/p/itmegrunt6rq4mkt?pid=SKIEGRUNUJ353ZTY
flipkart,SKIEGGBVBJHENQ8C,Women,Skirt,Sera,Sera Printed Girl's Gathered Pink Skirt,287,599,52,,,Pink,https://img6a.flixcart.com/image/skirt/a/n/z/gl3135-fushia-sera-11-12-years-1000x1000-imaegg9hmepqph9g.jpeg,https://www.flipkart.com/sera-printed-girl-s-gathered-pink-skirt/p/itmeggbvgcabtmjy?pid=SKIEGGBVBJHENQ8C
flipkart,FABEJNWZUDGDCMBZ,Women,Suit,k shopping,k shopping Cotton Printed Salwar Suit Dupatta Material,449,1299,65,,,,https://img5a.flixcart.com/image/fabric/m/b/z/sff56sr-k-shopping-original-imaeh5rhskpv5h7z.jpeg,https://www.flipkart.com/k-shopping-cotton-printed-salwar-suit-dupatta-material/p/itmejnwzj5whfzc3?pid=FABEJNWZUDGDCMBZ
flipkart,FABEJKJ2UAWA3JXC,Women,Clothing,Shonaya,"Shonaya Georgette, Crepe Embroidered Semi-stitched Gown",3985,15940,75,,,,https://img6a.flixcart.com/image/fabric/j/x/c/sh-viclt-606-shonaya-original-imaejg2ku7d5hezz.jpeg,https://www.flipkart.com/shonaya-georgette-crepe-embroidered-semi-stitched-gown/p/itmejkj2ysnzbhdp?pid=FABEJKJ2UAWA3JXC
flipkart,KRTEDE5JSEMGBTYJ,Women,Kurtis,,"Shop Rajasthan Casual, Formal Embroidered, Printed Women's Kurti",499,1099,55,,,,https://img5a.flixcart.com/image/kurti/h/w/a/sre2477-shop-rajasthan-46-original-imaede2jtnbky8hq.jpeg,https://www.flipkart.com/shop-rajasthan-casual-formal-embroidered-printed-women-s-kurti/p/itmede5jpwagqdcv?pid=KRTEDE5JSEMGBTYJ
flipkart,KRTECEKTKDYZFYH3,Women,Kurtis,,Salona Bichona Casual Printed Women's Kurti,299,999,70,,,,https://img5a.flixcart.com/image/kurti/9/8/y/1-1-k001381-xxl-salona-bichona-xxl-original-imaecycfpttp7dfq.jpeg,https://www.flipkart.com/salona-bichona-casual-printed-women-s-kurti/p/itmecekthtsnrjav?pid=KRTECEKTKDYZFYH3
flipkart,KRTE6RHPFXYBVXVQ,Women,Kurtis,,Salona Bichona Casual Printed Women's Kurti,299,999,70,,,,https://img6a.flixcart.com/image/kurti/x/v/q/1-1-k00821-salona-bichona-38-original-imae6dxzpyxsjwjg.jpeg,https://www.flipkart.com/salona-bichona-casual-printed-women-s-kurti/p/itme6rhphswbuqkf?pid=KRTE6RHPFXYBVXVQ
flipkart,KRTE6Z7AGW3UF68Q,Women,Kurtis,,Salona Bichona Casual Printed Women's Kurti,299,999,70,,,,https://img6a.flixcart.com/image/kurti/h/f/k/1-1-k001206-salona-bichona-38-original-imae6dxzg6y9njhh.jpeg,https://www.flipkart.com/salona-bichona-casual-printed-women-s-kurti/p/itme6z7argrgxs4p?pid=KRTE6Z7AGW3UF68Q
flipkart,KRTEAKYFHATYPAGJ,Women,Kurtis,,Viniyog Casual Solid Women's Kurti,1000,1099,9,,,,https://img5a.flixcart.com/image/kurti/m/y/e/1-1-vnclwkmgct-09-viniyog-xl-original-imaeakudhpdsgg3x.jpeg,https://www.flipkart.com/viniyog-casual-solid-women-s-kurti/p/itmeakyfw4xgugam?pid=KRTEAKYFHATYPAGJ
flipkart,KRTE67ZQ5XYDYZNH,Women,Kurtis,,D2Nine Casual Printed Women's Kurti,735,1399,47,,,,https://img6a.flixcart.com/image/kurti/j/d/5/1-1-d2nine-pat32g-d2nine-m-original-imae65aqnpueeppq.jpeg,https://www.flipkart.com/d2nine-casual-printed-women-s-kurti/p/itme67zqxqgsfja6?pid=KRTE67ZQ5XYDYZNH
flipkart,KRTE5F842WBVE5NQ,Women,Kurtis,,Nandy Casual Striped Women's Kurti,299,850,65,2.2,,,https://img5a.flixcart.com/image/kurti/5/n/q/1-1-rne016-nandy-xl-original-imae5fyqgkwqyk7f.jpeg,https://www.flipkart.com/nandy-casual-striped-women-s-kurti/p/itme5f84agpgxcm9?pid=KRTE5F842WBVE5NQ
flipkart,KRTE5SS9GKZ6FWDG,Women,Kurtis,,TeeMoods Casual Woven Women's Kurti,349,1499,77,5.0,,,https://img5a.flixcart.com/image/kurti/w/d/g/1-1-tm-1561-redprint-teemoods-m-original-imae5qeqth32aqak.jpeg,https://www.flipkart.com/teemoods-casual-woven-women-s-kurti/p/itme5ss9z4nzvpxa?pid=KRTE5SS9GKZ6FWDG
flipkart,KRTEDQ3VXKYHSHFS,Women,Kurti,,Thraya Casual Striped Women's Kurti,910,1299,30,,,,https://img5a.flixcart.com/image/kurti/f/5/c/mc2030-yellow-thraya-xxl-original-imaedq2fqcqnyfyq.jpeg,https://www.flipkart.com/thraya-casual-striped-women-s-kurti/p/itmedq3v2fzhhvdz?pid=KRTEDQ3VXKYHSHFS
flipkart,KRTEDGXBEATBAB2Y,Women,Kurtis,,Anchy Striped Women's Kurti,1199,2999,60,,,,https://img5a.flixcart.com/image/kurti/a/x/h/dt346-miss-mrs-38-original-imaebzyx24qvgzpp.jpeg,https://www.flipkart.com/anchy-striped-women-s-kurti/p/itmedgxbrcbnhuzh?pid=KRTEDGXBEATBAB2Y
flipkart,KRTE7DBHH9GHYGUD,Women,Kurtis,,"Shop Rajasthan Casual, Formal Striped, Printed Women's Kurti",349,999,65,,,,https://img6a.flixcart.com/image/kurti/f/d/2/frua-6028-spenta-corp-xl-original-imae7cfgrzxgg2dy.jpeg,https://www.flipkart.com/shop-rajasthan-casual-formal-striped-printed-women-s-kurti/p/itme7dbhxsxbaxxk?pid=KRTE7DBHH9GHYGUD
flipkart,KRTECH8XA8YFA5TP,Women,Kurti,,Lookslady Formal Striped Women's Kurti,579,1999,71,,,,https://img6a.flixcart.com/image/kurti/2/s/p/1-1-5000078753-lookslady-s-original-imaech422xhkgrar.jpeg,https://www.flipkart.com/lookslady-formal-striped-women-s-kurti/p/itmech8xzhzqfcgh?pid=KRTECH8XA8YFA5TP
flipkart,KRTEE4V2SHSGTNHG,Women,Kurtis,,Revinfashions Formal Striped Women's Kurti,399,999,60,,,,https://img5a.flixcart.com/image/kurti/n/h/g/revin-branded-zebra-collar-neck-long-kurti-revinfashions-38-original-imaee3d3uutt4yvc.jpeg,https://www.flipkart.com/revinfashions-formal-striped-women-s-kurti/p/itmee4v2tm5kvtmj?pid=KRTEE4V2SHSGTNHG
flipkart,KRTEBSF5NPC5EVE5,Women,Kurti,,Indigocart Casual Embroidered Women's Kurti,549,1599,66,,,,https://img6a.flixcart.com/image/kurti/4/j/5/1-1-kur307-indigocart-38-original-imaebs2fg6nghwq3.jpeg,https://www.flipkart.com/indigocart-casual-embroidered-women-s-kurti/p/itmebsf4zwt9wuam?pid=KRTEBSF5NPC5EVE5
flipkart,KRTEDWJ9FWAXRUYD,Women,Kurti,,Craftsnstyles Embroidered Women's Kurti,749,949,21,,,,https://img6a.flixcart.com/image/kurti/s/s/p/fct005-craftsnstyles-l-original-imaeduzgfwhhcwr8.jpeg,https://www.flipkart.com/craftsnstyles-embroidered-women-s-kurti/p/itmedvkcz7f4farj?pid=KRTEDWJ9FWAXRUYD
flipkart,KRTEBUHFKFMUYGEG,Women,Kurti,,Varanga Casual Self Design Women's Kurti,549,1399,61,,,,https://img5a.flixcart.com/image/kurti/z/j/r/1-1-varaw15210520-varanga-l-original-imaebxyywndp5h4p.jpeg,https://www.flipkart.com/varanga-casual-self-design-women-s-kurti/p/itmebuhfqf8abnnf?pid=KRTEBUHFKFMUYGEG
flipkart,KRTEBUNTZB7PSB9N,Women,Kurti,,We Desi Casual Self Design Women's Kurti,549,1399,61,,,,https://img6a.flixcart.com/image/kurti/q/z/8/1-1-varaw15210520-we-desi-m-original-imaec8j6hkzbeh7f.jpeg,https://www.flipkart.com/desi-casual-self-design-women-s-kurti/p/itmebuntmcwwcy8t?pid=KRTEBUNTZB7PSB9N
flipkart,KRTEBY572BTUAQFD,Women,Kurtis,,We Desi Casual Self Design Women's Kurti,499,1299,62,,,,https://img6a.flixcart.com/image/kurti/q/f/d/1-1-varaw15210558-we-desi-xxl-1000x1000-imaec5hb9ahk4yyx.jpeg,https://www.flipkart.com/desi-casual-self-design-women-s-kurti/p/itmeby57ccxeysan?pid=KRTEBY572BTUAQFD
flipkart,KRTECTF4GCCTTX3H,Women,Kurtis,,Janasya Casual Printed Women's Kurti,299,1299,77,,,,https://img5a.flixcart.com/image/kurti/7/m/j/kr048-janasya-s-original-imaeea2syhxskgq7.jpeg,https://www.flipkart.com/janasya-casual-printed-women-s-kurti/p/itmectf4fnz5zxne?pid=KRTECTF4GCCTTX3H
flipkart,KRTECTDVFEZTMBBN,Women,Kurtis,,Janasya Casual Printed Women's Kurti,359,1899,81,,,,https://img5a.flixcart.com/image/kurti/n/f/3/1-1-kr049-janasya-m-original-imaebwq5zdbfwnnu.jpeg,https://www.flipkart.com/janasya-casual-printed-women-s-kurti/p/itmectdvv8qugwwf?pid=KRTECTDVFEZTMBBN
flipkart,KRTECGBJWSYTBFHR,Women,Kurtis,,Govind Chikan Formal Solid Women's Kurti,725,999,27,,,,https://img5a.flixcart.com/image/kurti/f/h/r/1-1-puja-govind-chikan-xl-original-imaecfzhvgrxjady.jpeg,https://www.flipkart.com/govind-chikan-formal-solid-women-s-kurti/p/itmecgbj3akuxhkc?pid=KRTECGBJWSYTBFHR
flipkart,KRTECB9GQYNDQ2XE,Women,Kurtis,,"Shop Rajasthan Casual, Formal Embroidered, Solid Women's Kurti",499,1099,55,,,,https://img5a.flixcart.com/image/kurti/p/w/v/1-1-sre2462-shop-rajasthan-46-original-imaecb5r8tespnzy.jpeg,https://www.flipkart.com/shop-rajasthan-casual-formal-embroidered-solid-women-s-kurti/p/itmecb9gfnqz4xfa?pid=KRTECB9GQYNDQ2XE
flipkart,KRTECBJ6FVXKPP2X,Women,Kurtis,,S.B Textiles Casual Solid Women's Kurti,399,1099,64,,,,https://img5a.flixcart.com/image/kurti/3/j/4/1-1-ptfkurti0113b-s-b-textiles-l-original-imae9j42dv2jvpca.jpeg,https://www.flipkart.com/s-b-textiles-casual-solid-women-s-kurti/p/itmecbj6cy9gphxg?pid=KRTECBJ6FVXKPP2X
flipkart,KRTEBZNZ8PEXYAZS,Women,Kurtis,,Rama Festive Graphic Print Women's Kurti,399,1399,71,,,Rama,https://img5a.flixcart.com/image/kurti/p/f/5/1-1-10139-rama-3xl-original-imaebzfq2zrkrz5g.jpeg,https://www.flipkart.com/rama-festive-graphic-print-women-s-kurti/p/itmebznzwnkbhtk3?pid=KRTEBZNZ8PEXYAZS
flipkart,KRTEDNFBBYXFESXD,Women,Kurtis,,Shreenathprint Casual Printed Women's Kurti,219,398,45,,,,https://img6a.flixcart.com/image/kurti/s/x/d/sp-74-green-shreenathprint-xl-original-imaedmvk5f2tgqty.jpeg,https://www.flipkart.com/shreenathprint-casual-printed-women-s-kurti/p/itmednfbm3msxasx?pid=KRTEDNFBBYXFESXD
flipkart,KRTEDCR4ARHZZH4R,Women,Kurtis,,Shopping Karega Casual Printed Women's Kurti,425,859,51,,,,https://img5a.flixcart.com/image/kurti/h/4/r/sku-7599c-shopping-karega-xxl-original-imaedczecghgj8dj.jpeg,https://www.flipkart.com/shopping-karega-casual-printed-women-s-kurti/p/itmedcr4bjpuhbnx?pid=KRTEDCR4ARHZZH4R
flipkart,KRTEDCQBV2ZFV3YA,Women,Kurtis,,Shopping Karega Casual Printed Women's Kurti,325,399,19,,,,https://img5a.flixcart.com/image/kurti/3/y/a/sku9405b-shopping-karega-l-original-imaedcze74rhngmz.jpeg,https://www.flipkart.com/shopping-karega-casual-printed-women-s-kurti/p/itmedcqb7h389ebm?pid=KRTEDCQBV2ZFV3YA
flipkart,KRTEDCPG285BD4SY,Women,Kurtis,,Shopping Karega Casual Printed Women's Kurti,425,979,57,,,,https://img6a.flixcart.com/image/kurti/4/s/y/sku-0577c-shopping-karega-xxl-original-imaedczeqd4y7xta.jpeg,https://www.flipkart.com/shopping-karega-casual-printed-women-s-kurti/p/itmedcpgmqqfz89g?pid=KRTEDCPG285BD4SY
flipkart,KRTEDCPGRKHEAZAN,Women,Kurtis,,Shopping Karega Casual Printed Women's Kurti,425,979,57,,,,https://img5a.flixcart.com/image/kurti/z/a/n/sku-0577a-shopping-karega-xl-original-imaedczeegxr2f84.jpeg,https://www.flipkart.com/shopping-karega-casual-printed-women-s-kurti/p/itmedcpghhmuhhzs?pid=KRTEDCPGRKHEAZAN
flipkart,KRTECBJ6DUYHNEYH,Women,Kurtis,,S.B Textiles Casual Solid Women's Kurti,399,1099,64,,,,https://img5a.flixcart.com/image/kurti/e/x/d/1-1-ptfkurti0113c-s-b-textiles-xl-original-imae9j42eyz8wyxh.jpeg,https://www.flipkart.com/s-b-textiles-casual-solid-women-s-kurti/p/itmecbj6hmnfu8re?pid=KRTECBJ6DUYHNEYH
flipkart,KRTECB9JBVR55SGS,Women,Kurtis,,"Shop Rajasthan Casual, Formal Self Design, Printed Women's Kurti",399,1099,64,,,,https://img5a.flixcart.com/image/kurti/n/w/r/1-1-sre2458-shop-rajasthan-46-original-imaecb5rxmehtfmx.jpeg,https://www.flipkart.com/shop-rajasthan-casual-formal-self-design-printed-women-s-kurti/p/itmecb9gumdmpdbh?pid=KRTECB9JBVR55SGS
flipkart,KRTEDE5JNKFXYFKF,Women,Kurtis,,"Shop Rajasthan Casual, Formal Embroidered, Printed Women's Kurti",349,1099,68,,,,https://img5a.flixcart.com/image/kurti/h/r/d/sre2479-shop-rajasthan-38-original-imaede2kffqzwsgg.jpeg,https://www.flipkart.com/shop-rajasthan-casual-formal-embroidered-printed-women-s-kurti/p/itmede5jpzqc2mgg?pid=KRTEDE5JNKFXYFKF
flipkart,KRTEAHVKBPC8ZE4S,Women,Kurtis,,"Shop Rajasthan Casual, Formal Printed Women's Kurti",399,1099,64,,,,https://img6a.flixcart.com/image/kurti/k/r/m/1-1-sre2411-shop-rajasthan-46-original-imaeahk4e7knyrge.jpeg,https://www.flipkart.com/shop-rajasthan-casual-formal-printed-women-s-kurti/p/itmeahvk2qzghnsz?pid=KRTEAHVKBPC8ZE4S
flipkart,KRTE6TC82S9TB7J6,Women,Kurtis,,"Shop Rajasthan Casual, Formal Printed Women's Kurti",450,899,50,,,,https://img5a.flixcart.com/image/kurti/6/f/t/frua-6008-spenta-corp-xxl-original-imae6t7nz8mupm6y.jpeg,https://www.flipkart.com/shop-rajasthan-casual-formal-printed-women-s-kurti/p/itme6tc8zy3ca6jd?pid=KRTE6TC82S9TB7J6
flipkart,KRTDZ4J6JYACSVY3,Women,Kurtis,,Shop Rajasthan Casual Printed Women's Kurti,399,1399,71,,,,https://img5a.flixcart.com/image/kurti/y/y/h/viku2072-shopping-rajasthan-42-original-imadz4qcjvsfrtbj.jpeg,https://www.flipkart.com/shop-rajasthan-casual-printed-women-s-kurti/p/itmdz4j69wjeuzea?pid=KRTDZ4J6JYACSVY3
flipkart,KRTEDE5J6ZJRBYAW,Women,Kurtis,,"Shop Rajasthan Casual, Formal Printed Women's Kurti",299,1099,73,,,,https://img5a.flixcart.com/image/kurti/8/r/x/sre2472-shop-rajasthan-40-original-imaede2j2mtgu9gs.jpeg,https://www.flipkart.com/shop-rajasthan-casual-formal-printed-women-s-kurti/p/itmede5jtyctsmmu?pid=KRTEDE5J6ZJRBYAW
flipkart,KRTEDE5J2URDQUUY,Women,Kurtis,,"Shop Rajasthan Casual, Formal Embroidered, Printed Women's Kurti",499,1099,55,,,,https://img5a.flixcart.com/image/kurti/8/w/y/sre2476-shop-rajasthan-44-original-imaede2jnzmusbyy.jpeg,https://www.flipkart.com/shop-rajasthan-casual-formal-embroidered-printed-women-s-kurti/p/itmede5jfgxpzgmy?pid=KRTEDE5J2URDQUUY
flipkart,KRTECFZARGJYFC3Y,Women,Kurtis,,Jainish Casual Printed Women's Kurti,499,999,50,,,,https://img5a.flixcart.com/image/kurti/x/h/n/1-1-jn-933g-jainish-s-original-imaecegz9ghpabnn.jpeg,https://www.flipkart.com/jainish-casual-printed-women-s-kurti/p/itmecfzazbmyn3jw?pid=KRTECFZARGJYFC3Y
flipkart,KRTEDHDNHA9BYS8G,Women,Kurtis,,Porcupine Casual Striped Women's Kurti,558,999,44,,,,https://img6a.flixcart.com/image/kurti/g/g/k/pn-krt-2439-porcupine-s-1000x1000-imaedg6zrrbgzn9x.jpeg,https://www.flipkart.com/porcupine-casual-striped-women-s-kurti/p/itmedhdnkzvbjdjn?pid=KRTEDHDNHA9BYS8G
flipkart,KRTECB9JF25A8YEQ,Women,Kurtis,,"Shop Rajasthan Casual, Formal Striped, Printed Women's Kurti",449,1099,59,,,,https://img6a.flixcart.com/image/kurti/y/e/q/1-1-sre2457-shop-rajasthan-38-original-imaecb5rsgee73nr.jpeg,https://www.flipkart.com/shop-rajasthan-casual-formal-striped-printed-women-s-kurti/p/itmecb9gtwhmmytp?pid=KRTECB9JF25A8YEQ
flipkart,KRTEBT9CWJBZYZGJ,Women,Kurtis,,Salona Bichona Casual Striped Women's Kurti,299,999,70,,,,https://img5a.flixcart.com/image/kurti/7/9/a/1-1-k001166-salona-bichona-xl-original-imaebr3xwkkghsxf.jpeg,https://www.flipkart.com/salona-bichona-casual-striped-women-s-kurti/p/itmebt9cbxkcyjqu?pid=KRTEBT9CWJBZYZGJ
flipkart,KRTECB9G5PYEHZEH,Women,Kurtis,,"Shop Rajasthan Casual, Formal Floral Print Women's Kurti",399,1099,64,,,,https://img6a.flixcart.com/image/kurti/w/a/g/1-1-sre2447-shop-rajasthan-38-original-imaecb5rht3rzxsz.jpeg,https://www.flipkart.com/shop-rajasthan-casual-formal-floral-print-women-s-kurti/p/itmecb9gudgzkndv?pid=KRTECB9G5PYEHZEH
flipkart,KRTEBHDRQYZQEPHT,Women,Kurtis,,"Shop Rajasthan Casual, Formal Striped, Printed Women's Kurti",399,1099,64,,,,https://img6a.flixcart.com/image/kurti/m/p/p/1-1-sre2437-shop-rajasthan-44-original-imaebh8uxzhzbyw7.jpeg,https://www.flipkart.com/shop-rajasthan-casual-formal-striped-printed-women-s-kurti/p/itmebhdrvxgf4gkz?pid=KRTEBHDRQYZQEPHT
flipkart,KRTEBHDRKA5GYTYM,Women,Kurtis,,"Shop Rajasthan Casual, Formal Solid, Printed Women's Kurti",399,1099,64,,,,https://img5a.flixcart.com/image/kurti/w/z/t/1-1-sre2434-shop-rajasthan-40-original-imaebh8u3qu9xhzj.jpeg,https://www.flipkart.com/shop-rajasthan-casual-formal-solid-printed-women-s-kurti/p/itmebhdrmqpteq4y?pid=KRTEBHDRKA5GYTYM
flipkart,KRTEC8ATHCVGZA9G,Women,Kurtis,,Cottinfab Casual Floral Print Women's Kurti,849,1999,58,,,,https://img6a.flixcart.com/image/kurti/a/9/g/1-1-dss8002c-cottinfab-xxl-original-imaec2dzbfefwgzd.jpeg,https://www.flipkart.com/cottinfab-casual-floral-print-women-s-kurti/p/itmec8atn8jbzbdt?pid=KRTEC8ATHCVGZA9G
flipkart,KRTDYKKZZFC9WSSR,Women,Kurtis,,Pannkh Casual Printed Women's Kurti,949,1899,50,,,,https://img6a.flixcart.com/image/kurti/s/s/r/9056-pannkh-s-original-imadyknhb3rwdnez.jpeg,https://www.flipkart.com/pannkh-casual-printed-women-s-kurti/p/itmdykkzrwpuuvka?pid=KRTDYKKZZFC9WSSR
flipkart,TRODYXVC8MXEWWQR,Women,Trousers,,Little Kangaroos Girl's Trousers,649,1299,50,5.0,,,https://img5a.flixcart.com/image/trouser/9/w/q/5650-fafawn-little-kangaroos-original-imaey8shhqmhub5m.jpeg,https://www.flipkart.com/little-kangaroos-girl-s-trousers/p/itmdyzqdza8hzjy4?pid=TRODYXVC8MXEWWQR
flipkart,KRTEBZ7AQXFKH3QZ,Women,Kurtis,,Pallash Casual Solid Women's Kurti,459,529,13,,,,https://img5a.flixcart.com/image/kurti/3/q/z/1-1-white0215-pallash-xl-original-imaebz7atphywbf3.jpeg,https://www.flipkart.com/pallash-casual-solid-women-s-kurti/p/itmebz7awda3ayfk?pid=KRTEBZ7AQXFKH3QZ
flipkart,KRTEBHDRFYH6WG2G,Women,Kurtis,,"Shop Rajasthan Casual, Formal Floral Print Women's Kurti",299,1099,73,,,,https://img5a.flixcart.com/image/kurti/c/z/a/1-1-sre2430-shop-rajasthan-36-original-imaebh8ucegvcufe.jpeg,https://www.flipkart.com/shop-rajasthan-casual-formal-floral-print-women-s-kurti/p/itmebhdr8fzrakz4?pid=KRTEBHDRFYH6WG2G
flipkart,KRTE3SBUBNNRSK7G,Women,Kurtis,,Shop Rajasthan Casual Solid Women's Kurti,295,895,67,3.0,,,https://img6a.flixcart.com/image/kurti/h/3/c/1-1-be-116-shop-rajasthan-36-original-imae3nfh6nqmjg8r.jpeg,https://www.flipkart.com/shop-rajasthan-casual-solid-women-s-kurti/p/itme3sbuqprswbdh?pid=KRTE3SBUBNNRSK7G
flipkart,KRTE8JZ9FG9ZVZCF,Women,Kurtis,,SAP Casual Printed Women's Kurti,399,1500,73,,,,https://img6a.flixcart.com/image/kurti/e/a/h/1-1-kurtis25-sap-32-original-imae8jjwhhm7nzgy.jpeg,https://www.flipkart.com/sap-casual-printed-women-s-kurti/p/itme8jz96acqz3fd?pid=KRTE8JZ9FG9ZVZCF
flipkart,KRTE5GNFV8ZQYY3K,Women,Kurtis,,Rama's Casual Printed Women's Kurti,699,1999,65,,,Rama,https://img5a.flixcart.com/image/kurti/x/d/x/1-1-10115-rama-xxl-original-imae5gfxu9rgathb.jpeg,https://www.flipkart.com/rama-s-casual-printed-women-s-kurti/p/itme8gczkefb5kmb?pid=KRTE5GNFV8ZQYY3K
flipkart,KRTEAJGCSRGJHWUE,Women,Kurtis,,Parv Collections Casual Solid Women's Kurti,440,999,56,,,,https://img6a.flixcart.com/image/kurti/w/u/e/1-1-pink-cotton-kurti-parv-collections-xxl-original-imaeaggfccznahhx.jpeg,https://www.flipkart.com/parv-collections-casual-solid-women-s-kurti/p/itmeajgccj5gah4y?pid=KRTEAJGCSRGJHWUE
flipkart,KRTEDCQBGF6HKCRQ,Women,Kurtis,,Shopping Karega Casual Printed Women's Kurti,375,699,46,,,,https://img5a.flixcart.com/image/kurti/n/h/g/sku-9487-shopping-karega-xxl-original-imaedczezdwwmbmh.jpeg,https://www.flipkart.com/shopping-karega-casual-printed-women-s-kurti/p/itmedcqbdgkg5yhf?pid=KRTEDCQBGF6HKCRQ
flipkart,KRTED9RMDUFZCW2U,Women,Kurtis,,Shopping Karega Casual Printed Women's Kurti,650,1999,67,,,,https://img5a.flixcart.com/image/kurti/x/w/a/1013-a-shopping-karega-l-original-imaed9hu3ewgcmbz.jpeg,https://www.flipkart.com/shopping-karega-casual-printed-women-s-kurti/p/itmed9rmepgj9pp3?pid=KRTED9RMDUFZCW2U
flipkart,KRTEDCQBYWN4CVXM,Women,Kurtis,,Shopping Karega Casual Printed Women's Kurti,325,399,19,,,,https://img5a.flixcart.com/image/kurti/f/z/r/sku9405c-shopping-karega-xxl-original-imaedcze3uvku5vz.jpeg,https://www.flipkart.com/shopping-karega-casual-printed-women-s-kurti/p/itmedcqbbkacmegy?pid=KRTEDCQBYWN4CVXM
flipkart,KRTEDCR4CF4MHWWF,Women,Kurtis,,Shopping Karega Casual Printed Women's Kurti,475,1139,58,,,,https://img6a.flixcart.com/image/kurti/x/4/a/sku0124green-shopping-karega-xl-original-imaedczezgszfbyz.jpeg,https://www.flipkart.com/shopping-karega-casual-printed-women-s-kurti/p/itmedcr4znyarja2?pid=KRTEDCR4CF4MHWWF
flipkart,KRTEDCQBDWGR6GMJ,Women,Kurtis,,Shopping Karega Casual Printed Women's Kurti,525,1399,62,,,,https://img5a.flixcart.com/image/kurti/g/m/j/sku0552c-shopping-karega-l-original-imaedczeauxtpgfp.jpeg,https://www.flipkart.com/shopping-karega-casual-printed-women-s-kurti/p/itmedcqb3euxx7tz?pid=KRTEDCQBDWGR6GMJ
flipkart,KRTEDCQBK2GAHDDH,Women,Kurtis,,Shopping Karega Casual Printed Women's Kurti,525,1399,62,,,,https://img6a.flixcart.com/image/kurti/n/f/2/sku0552a-shopping-karega-xl-original-imaedczetd9egyzn.jpeg,https://www.flipkart.com/shopping-karega-casual-printed-women-s-kurti/p/itmedcqbytz22ayg?pid=KRTEDCQBK2GAHDDH
flipkart,KRTEDCQB4VXQFKNK,Women,Kurtis,,Shopping Karega Casual Printed Women's Kurti,525,1399,62,,,,https://img5a.flixcart.com/image/kurti/k/n/k/sku0552d-shopping-karega-xl-original-imaedczehzwanvkx.jpeg,https://www.flipkart.com/shopping-karega-casual-printed-women-s-kurti/p/itmedcqb2z74yzpc?pid=KRTEDCQB4VXQFKNK
flipkart,KRTE9HZGPZYPYGU7,Women,Kurtis,,Rajrang Casual Graphic Print Women's Kurti,858,2149,60,,,,https://img6a.flixcart.com/image/kurti/f/5/n/1-1-top008-rajrang-m-original-imae9hv2sc9gensk.jpeg,https://www.flipkart.com/rajrang-casual-graphic-print-women-s-kurti/p/itme9hzgmafuappx?pid=KRTE9HZGPZYPYGU7
flipkart,KRTEBVTFN8JAG656,Women,Kurtis,,Naksh Jaipur Casual Embroidered Women's Kurti,869,1580,45,,,,https://img5a.flixcart.com/image/kurti/6/5/6/1-1-jc0101495-naksh-jaipur-l-original-imaebvmfuuxgeydh.jpeg,https://www.flipkart.com/naksh-jaipur-casual-embroidered-women-s-kurti/p/itmebvtfdrgrcg5u?pid=KRTEBVTFN8JAG656
flipkart,KRTEDM42WAA4JEZK,Women,Kurti,,Nextar Casual Embroidered Women's Kurti,465,1599,71,,,,https://img5a.flixcart.com/image/kurti/z/q/t/denimm-pink-nextar-xl-original-imaedhtmubpf2hkh.jpeg,https://www.flipkart.com/nextar-casual-embroidered-women-s-kurti/p/itmedm42qf8wawr8?pid=KRTEDM42WAA4JEZK
flipkart,KRTE9CCNPV7AAG94,Women,Kurtis,,O' My Lady Casual Solid Women's Kurti,550,1500,63,,,,https://img6a.flixcart.com/image/kurti/g/9/4/1-1-oml159white-o-my-lady-xl-original-imae7qrf5behyahd.jpeg,https://www.flipkart.com/o-my-lady-casual-solid-women-s-kurti/p/itme9ccngfnmvzuz?pid=KRTE9CCNPV7AAG94
flipkart,KRTEBPE9EYPUHZY9,Women,Kurtis,,Rama's Casual Floral Print Women's Kurti,1299,1999,35,,,Rama,https://img5a.flixcart.com/image/kurti/2/f/d/1-1-50942-r-rama-s-xl-original-imaebezarnbhsuzh.jpeg,https://www.flipkart.com/rama-s-casual-floral-print-women-s-kurti/p/itmebpe9vxp5puqh?pid=KRTEBPE9EYPUHZY9
flipkart,KRTE9RQK9SHGG3ZN,Women,Kurtis,,Dieu Casual Printed Women's Kurti,499,850,41,,,,https://img5a.flixcart.com/image/kurti/g/q/z/1-1-d45-dieu-s-original-imae9rcmaxecqrzn.jpeg,https://www.flipkart.com/dieu-casual-printed-women-s-kurti/p/itme9rqhbyquh7hx?pid=KRTE9RQK9SHGG3ZN
flipkart,KRTECENGCNKAHSP9,Women,Kurtis,,Rama Festive Animal Print Women's Kurti,449,1399,68,,,Rama,https://img5a.flixcart.com/image/kurti/w/8/f/1-1-10172-rama-3xl-original-imaeceh3gyq3hpwn.jpeg,https://www.flipkart.com/rama-festive-animal-print-women-s-kurti/p/itmecengcrzpfu42?pid=KRTECENGCNKAHSP9
flipkart,KRTECGUZAPDHQ85R,Women,Kurtis,,Pavechas Casual Printed Women's Kurti,249,799,69,,,,https://img5a.flixcart.com/image/kurti/2/w/f/1-1-kr095-pavechas-xl-original-imaecgkwhuahttzj.jpeg,https://www.flipkart.com/pavechas-casual-printed-women-s-kurti/p/itmecguz4axvhyjf?pid=KRTECGUZAPDHQ85R
flipkart,KRTED9YEBFMZYTPW,Women,Kurtis,,Nextar Casual Self Design Women's Kurti,435,1599,73,,,,https://img5a.flixcart.com/image/kurti/h/z/k/denimw-nextar-xxl-original-imaed8zaxanzaugb.jpeg,https://www.flipkart.com/nextar-casual-self-design-women-s-kurti/p/itmed9yextaem2y7?pid=KRTED9YEBFMZYTPW
flipkart,CPIEJGJSHAVSPHSE,Women,Trousers,LGC,"LGC Women's Black, Maroon Capri",799,1399,43,,,Maroon,https://img5a.flixcart.com/image/capri/m/q/y/lgslblk-mar01-lgc-xxl-original-imaejbdyf5zefhaw.jpeg,https://www.flipkart.com/lgc-women-s-black-maroon-capri/p/itmejgjsejfgr9ge?pid=CPIEJGJSHAVSPHSE
flipkart,DREEJH2UDQAQYBZZ,Women,Dresses,Koolkids,Koolkids Girl's A-line Red Dress,1218,3330,63,,,Red,https://img6a.flixcart.com/image/dress/b/z/z/dn9050red-9713orange-koolkids-6-7-years-original-imaejft883gxdqbz.jpeg,https://www.flipkart.com/koolkids-girl-s-a-line-red-dress/p/itmejh2uprcyczsa?pid=DREEJH2UDQAQYBZZ
flipkart,ACBEJMRHNPXAQEKS,Women,Jeans,D-ROCK,D-ROCK Jeans Girl's  Combo,649,1499,57,,,,https://img6a.flixcart.com/image/apparels-combo/t/6/v/girl-db-blackrakhi-d-rock-original-imaejkdxfdy59u3a.jpeg,https://www.flipkart.com/d-rock-jeans-girl-s-combo/p/itmejmrhvdqtz26e?pid=ACBEJMRHNPXAQEKS
flipkart,ACBEJMRHK6GWQBTW,Women,Jeans,D-ROCK,D-ROCK Jeans Girl's  Combo,649,1499,57,,,,https://img5a.flixcart.com/image/apparels-combo/6/7/v/girl-dbmlw-rakhiblack-d-rock-original-imaejkdxfjxgwxcg.jpeg,https://www.flipkart.com/d-rock-jeans-girl-s-combo/p/itmejmrhtm6g3zan?pid=ACBEJMRHK6GWQBTW
flipkart,PTLE9Q93BGZP8APV,Women,Clothing,,Generation Z Cotton Solid Patiala,699,1399,50,,,,https://img6a.flixcart.com/image/patiala/y/a/n/gz-pt004-pt-01-generation-z-l-original-imae9pmfyxnxvjrb.jpeg,https://www.flipkart.com/generation-z-cotton-solid-patiala/p/itme9pprbpgng5et?pid=PTLE9Q93BGZP8APV
flipkart,JUMEJ963MUFGPT8Z,Women,Suit,Kamakshi Krafts,Kamakshi Krafts Printed Women's Jumpsuit,699,1200,42,,,,https://img6a.flixcart.com/image/jumpsuit/s/x/9/pink-flower-kamakshi-krafts-l-original-imaej7ydtmnazhmh.jpeg,https://www.flipkart.com/kamakshi-krafts-printed-women-s-jumpsuit/p/itmej963ed3h5rsk?pid=JUMEJ963MUFGPT8Z
flipkart,SHTE7T3Z3CHF9JH5,Women,Shirts,Slim,Love From India Women's Geometric Print Casual Shirt,2490,2490,,,,,https://img5a.flixcart.com/image/shirt/j/h/5/100348-yellow-s-love-from-india-s-original-imae7h9xwuze8ysc.jpeg,https://www.flipkart.com/love-india-women-s-geometric-print-casual-shirt/p/itme7t3zg58nmy5y?pid=SHTE7T3Z3CHF9JH5
flipkart,SHTE7U6W4DWSWGZ6,Women,Shirts,Slim,Love From India Women's Geometric Print Casual Shirt,1990,1990,,,,,https://img5a.flixcart.com/image/shirt/m/x/f/100320-blue-love-from-india-l-original-imae7h9bjzhp7yhn.jpeg,https://www.flipkart.com/love-india-women-s-geometric-print-casual-shirt/p/itme7u6wxzvzvs92?pid=SHTE7U6W4DWSWGZ6
flipkart,SHTE9XBFQDE4HPGF,Women,Shirts,Regular,StylElite Women's Printed Casual Shirt,270,499,46,5.0,,,https://img6a.flixcart.com/image/shirt/p/g/f/se2015014-stylelite-m-original-imae9wu9wb2wayxh.jpeg,https://www.flipkart.com/stylelite-women-s-printed-casual-shirt/p/itme9xbfuxdn79mm?pid=SHTE9XBFQDE4HPGF
flipkart,SHTEAGYJJADEZAW4,Women,Shirts,Slim,Kiosha Women's Checkered Casual Shirt,677,1399,52,,,,https://img6a.flixcart.com/image/shirt/m/g/2/ktvda427-kiosha-xl-original-imaeagjgfdh9hzdn.jpeg,https://www.flipkart.com/kiosha-women-s-checkered-casual-shirt/p/itmeagyjnfztxg3z?pid=SHTEAGYJJADEZAW4
flipkart,ACBEA449AW9GBEUE,Women,Clothing,,Oye Top With Skirts Girl's  Combo,449,749,40,4.0,,,https://img6a.flixcart.com/image/apparels-combo/s/f/a/ss15-h1-g-2121-white-oye-original-imae9ryzyzhsfxr7.jpeg,https://www.flipkart.com/oye-top-skirts-girl-s-combo/p/itmecjt7whpggxqh?pid=ACBEA449AW9GBEUE
flipkart,ACBEA449WHCY6BRR,Women,Clothing,,Oye Top With Skirts Girl's  Combo,449,749,40,4.0,,,https://img6a.flixcart.com/image/apparels-combo/c/m/8/ss15-h1-g-2121-blue-oye-original-imae9rz2chcmjkur.jpeg,https://www.flipkart.com/oye-top-skirts-girl-s-combo/p/itmecjt7nxnhjhmv?pid=ACBEA449WHCY6BRR
flipkart,ACBEA4498A9CBFRX,Women,Clothing,,Oye Top With Skirts Girl's  Combo,449,749,40,4.0,,,https://img6a.flixcart.com/image/apparels-combo/t/k/7/ss15-h1-g-2121-yellow-oye-original-imae9rzy8bket4bz.jpeg,https://www.flipkart.com/oye-top-skirts-girl-s-combo/p/itmecjt7g8g6z8fq?pid=ACBEA4498A9CBFRX
flipkart,ACBEA4496TX8ZZV4,Women,Clothing,,Oye Top With Skirts Girl's  Combo,449,749,40,4.0,,,https://img6a.flixcart.com/image/apparels-combo/t/k/7/ss15-h1-g-2121-yellow-oye-original-imae9rzy8bket4bz.jpeg,https://www.flipkart.com/oye-top-skirts-girl-s-combo/p/itmecjt7mgh3whq5?pid=ACBEA4496TX8ZZV4
flipkart,ACBEA4494GNXG3TZ,Women,Clothing,,Oye Top With Skirts Girl's  Combo,449,749,40,4.0,,,https://img6a.flixcart.com/image/apparels-combo/c/m/8/ss15-h1-g-2121-blue-oye-original-imae9rz2chcmjkur.jpeg,https://www.flipkart.com/oye-top-skirts-girl-s-combo/p/itmecjt7xhnghwmz?pid=ACBEA4494GNXG3TZ
flipkart,ACBEA4495H4WS89A,Women,Clothing,,Oye Top With Skirts Girl's  Combo,449,749,40,4.0,,,https://img6a.flixcart.com/image/apparels-combo/s/f/a/ss15-h1-g-2121-white-oye-original-imae9ryzyzhsfxr7.jpeg,https://www.flipkart.com/oye-top-skirts-girl-s-combo/p/itmecjt7pw6xfygy?pid=ACBEA4495H4WS89A
flipkart,ACBEA449RNQG3NMX,Women,Clothing,,Oye Top With Skirts Girl's  Combo,449,749,40,4.0,,,https://img6a.flixcart.com/image/apparels-combo/c/m/8/ss15-h1-g-2121-blue-oye-original-imae9rz2chcmjkur.jpeg,https://www.flipkart.com/oye-top-skirts-girl-s-combo/p/itmecjt7h9nrgwjr?pid=ACBEA449RNQG3NMX
flipkart,ACBEA449RSHGJ4GE,Women,Clothing,,Oye Top With Skirts Girl's  Combo,479,799,40,4.0,,,https://img6a.flixcart.com/image/apparels-combo/b/f/n/ss15-h1-go-1035-red-oye-original-imae9rzh6szktwda.jpeg,https://www.flipkart.com/oye-top-skirts-girl-s-combo/p/itmea449pdbfkymh?pid=ACBEA449RSHGJ4GE
flipkart,ACBEA4498TDPW6JP,Women,Clothing,,lil'posh Top With Skirts Girl's  Combo,659,1099,40,,,,https://img5a.flixcart.com/image/apparels-combo/z/c/u/ss15-h1-glp-032-coral-lil-posh-original-imae9rz4uasyhrge.jpeg,https://www.flipkart.com/lil-posh-top-skirts-girl-s-combo/p/itmecjt7x95fyys3?pid=ACBEA4498TDPW6JP
flipkart,ACBEAGHHSUKWYKFX,Women,Clothing,,Oye Top Girl's  Combo,479,799,40,4.0,,,https://img5a.flixcart.com/image/apparels-combo/r/v/s/ss15-h1-go-1038-orange-oye-original-imae9rzkudhwmrnk.jpeg,https://www.flipkart.com/oye-top-girl-s-combo/p/itmebwtgzazxu2a5?pid=ACBEAGHHSUKWYKFX
flipkart,ACBEA449YYQTABFN,Women,Clothing,,Oye Top With Skirts Girl's  Combo,479,799,40,4.0,,,https://img6a.flixcart.com/image/apparels-combo/b/f/n/ss15-h1-go-1035-red-oye-original-imae9rzh6szktwda.jpeg,https://www.flipkart.com/oye-top-skirts-girl-s-combo/p/itmeahtvy9snetw9?pid=ACBEA449YYQTABFN
flipkart,ACBEA449ZZJEYJFG,Women,Clothing,,Oye Top With Skirts Girl's  Combo,479,799,40,4.0,,,https://img6a.flixcart.com/image/apparels-combo/t/d/a/ss15-h1-go-1035-blue-oye-original-imae9rzfayzg4yh4.jpeg,https://www.flipkart.com/oye-top-skirts-girl-s-combo/p/itmea4499n3ymffm?pid=ACBEA449ZZJEYJFG
flipkart,ACBEA449EDYHB9ZA,Women,Clothing,,Oye Top With Skirts Girl's  Combo,479,799,40,4.0,,,https://img6a.flixcart.com/image/apparels-combo/b/f/n/ss15-h1-go-1035-red-oye-original-imae9rzh6szktwda.jpeg,https://www.flipkart.com/oye-top-skirts-girl-s-combo/p/itmeahtwxwtmhxzq?pid=ACBEA449EDYHB9ZA
flipkart,SWSECD6Q8GYZFWXZ,Women,Sweatshirts,,Ceylin Full Sleeve Printed Women's Sweatshirt,1119,1599,30,,,,https://img6a.flixcart.com/image/sweatshirt/s/h/5/cys-04-ceylin-xl-original-imaeca4h9ryt8fwh.jpeg,https://www.flipkart.com/ceylin-full-sleeve-printed-women-s-sweatshirt/p/itmecd6q6ubxv4zj?pid=SWSECD6Q8GYZFWXZ
flipkart,ACBEA449ZTQWXSPV,Women,Clothing,,Oye Top With Skirts Girl's  Combo,479,799,40,4.0,,,https://img6a.flixcart.com/image/apparels-combo/t/d/a/ss15-h1-go-1035-blue-oye-original-imae9rzfayzg4yh4.jpeg,https://www.flipkart.com/oye-top-skirts-girl-s-combo/p/itmeahtwhatgdtrr?pid=ACBEA449ZTQWXSPV
flipkart,SWSECD6QKHNNPX3T,Women,Sweatshirts,,Ceylin Full Sleeve Printed Women's Sweatshirt,1259,1799,30,,,,https://img5a.flixcart.com/image/sweatshirt/r/4/8/cys-17-ceylin-xl-original-imaeca4h6d7zgzrs.jpeg,https://www.flipkart.com/ceylin-full-sleeve-printed-women-s-sweatshirt/p/itmecd6qk9gzesxa?pid=SWSECD6QKHNNPX3T
flipkart,ACBEAGHHHWJAHA9C,Women,Clothing,,Oye Top Girl's  Combo,479,799,40,,,,https://img5a.flixcart.com/image/apparels-combo/r/v/s/ss15-h1-go-1038-orange-oye-original-imae9rzkudhwmrnk.jpeg,https://www.flipkart.com/oye-top-girl-s-combo/p/itmecjt9hfwxkpc5?pid=ACBEAGHHHWJAHA9C
flipkart,ACBEAGHHRM5FWHXB,Women,Clothing,,Oye Top Girl's  Combo,719,799,10,,,,https://img5a.flixcart.com/image/apparels-combo/r/v/s/ss15-h1-go-1038-orange-oye-original-imae9rzkudhwmrnk.jpeg,https://www.flipkart.com/oye-top-girl-s-combo/p/itmecjt8bxjhmkzx?pid=ACBEAGHHRM5FWHXB
flipkart,ACBEA4496CMCQZCU,Women,Clothing,,lil'posh Top With Skirts Girl's  Combo,659,1099,40,,,,https://img5a.flixcart.com/image/apparels-combo/z/c/u/ss15-h1-glp-032-coral-lil-posh-original-imae9rz4uasyhrge.jpeg,https://www.flipkart.com/lil-posh-top-skirts-girl-s-combo/p/itmecjt7gwjvrhrr?pid=ACBEA4496CMCQZCU
flipkart,ACBEA449K34MHNGG,Women,Clothing,,Oye Top With Skirts Girl's  Combo,479,799,40,4.0,,,https://img6a.flixcart.com/image/apparels-combo/t/d/a/ss15-h1-go-1035-blue-oye-original-imae9rzfayzg4yh4.jpeg,https://www.flipkart.com/oye-top-skirts-girl-s-combo/p/itmeahtwt9x2cnxz?pid=ACBEA449K34MHNGG
flipkart,ACBEA449GB89ADNG,Women,Clothing,,Oye Top With Skirts Girl's  Combo,479,799,40,4.0,,,https://img5a.flixcart.com/image/apparels-combo/d/n/g/ss15-h1-go-1035-orange-oye-original-imae9rzh5bphgkvz.jpeg,https://www.flipkart.com/oye-top-skirts-girl-s-combo/p/itmea449fcjhfg6d?pid=ACBEA449GB89ADNG
flipkart,ACBEA449ZGSRGHXF,Women,Clothing,,Oye Top With Skirts Girl's  Combo,479,799,40,4.0,,,https://img5a.flixcart.com/image/apparels-combo/d/n/g/ss15-h1-go-1035-orange-oye-original-imae9rzh5bphgkvz.jpeg,https://www.flipkart.com/oye-top-skirts-girl-s-combo/p/itmeahtwg89z7zth?pid=ACBEA449ZGSRGHXF
flipkart,LJGE5H5JFQZHWQRE,Women,Leggings,,Medoo Women's Leggings,349,1099,68,,,,https://img6a.flixcart.com/image/legging-jegging/q/r/e/1-1-zmdvwl-106-beige-beige-medoo-l-original-imae5fcgzru6vwze.jpeg,https://www.flipkart.com/medoo-women-s-leggings/p/itme5h5jykaghgrp?pid=LJGE5H5JFQZHWQRE
flipkart,LJGE5H5JTHZRGY7A,Women,Leggings,,Medoo Women's Leggings,349,1099,68,,,,https://img5a.flixcart.com/image/legging-jegging/y/7/a/1-1-zmdvwl-106-beige-orange-medoo-s-original-imae5ky4wnbqpap9.jpeg,https://www.flipkart.com/medoo-women-s-leggings/p/itme5h5jjhzpcemq?pid=LJGE5H5JTHZRGY7A
flipkart,LJGDZJ625TFAJ7UA,Women,Leggings,,Glam & Luxe Women's Leggings,374,499,25,,,,https://img5a.flixcart.com/image/legging-jegging/5/y/a/gl1677a-glam-luxe-l-original-imadzjxgzhc2tyhp.jpeg,https://www.flipkart.com/glam-luxe-women-s-leggings/p/itmdzj62sp5ftevf?pid=LJGDZJ625TFAJ7UA
flipkart,LJGE8GG2XTA4YXH4,Women,Leggings,,NE Women's Leggings,459,1099,58,,,,https://img6a.flixcart.com/image/legging-jegging/x/h/4/1-1-lg-6-19-28-ne-3xl-original-imae8h9knwpkusz8.jpeg,https://www.flipkart.com/ne-women-s-leggings/p/itme8gg6ztrsbzez?pid=LJGE8GG2XTA4YXH4
flipkart,LJGE8TQ4BSHZFQFY,Women,Leggings,,NE Women's Leggings,459,1099,58,,,,https://img6a.flixcart.com/image/legging-jegging/q/f/y/1-1-lg-15-20-43-ne-3xl-original-imae8gf5neuzhyqy.jpeg,https://www.flipkart.com/ne-women-s-leggings/p/itme8tq494edsatt?pid=LJGE8TQ4BSHZFQFY
flipkart,LJGE8VH9P5GHVV6J,Women,Leggings,,NE Women's Leggings,459,1099,58,,,,https://img5a.flixcart.com/image/legging-jegging/m/x/e/1-1-lg-41-15-32-ne-3xl-original-imae8trrhswr3k73.jpeg,https://www.flipkart.com/ne-women-s-leggings/p/itme8vh9za97mxdz?pid=LJGE8VH9P5GHVV6J
flipkart,LJGE8VH9VZGGGZJX,Women,Leggings,,NE Women's Leggings,459,1099,58,,,,https://img5a.flixcart.com/image/legging-jegging/5/c/b/1-1-lg-41-55-19-ne-xl-original-imae8trsbqgvahz2.jpeg,https://www.flipkart.com/ne-women-s-leggings/p/itme8vhatvchhubt?pid=LJGE8VH9VZGGGZJX
flipkart,SHTEAY2VAEPMYWMR,Women,Shirts,Slim Fit,Roadster Women's Checkered Casual Reversible Shirt,749,1499,50,,,,https://img6a.flixcart.com/image/shirt/7/e/d/859632-roadster-xl-original-imaeawygycrkkubk.jpeg,https://www.flipkart.com/roadster-women-s-checkered-casual-reversible-shirt/p/itmeay2v783hgges?pid=SHTEAY2VAEPMYWMR
flipkart,SHTE8E39QVSFGRHU,Women,Shirts,Slim,Eavan Women's Self Design Casual Shirt,974,1499,35,,,,https://img5a.flixcart.com/image/shirt/a/w/v/ea1304-eavan-s-original-imae88htjfhhmxmb.jpeg,https://www.flipkart.com/eavan-women-s-self-design-casual-shirt/p/itme8e392nrhnqke?pid=SHTE8E39QVSFGRHU
flipkart,SHTEAY2VHZ4KWH93,Women,Shirts,Slim Fit,Roadster Women's Checkered Casual Shirt,649,1299,50,,,,https://img5a.flixcart.com/image/shirt/4/j/u/859655-roadster-s-original-imaeawyhwcnpr5pm.jpeg,https://www.flipkart.com/roadster-women-s-checkered-casual-shirt/p/itmeay2vhrjeg9tt?pid=SHTEAY2VHZ4KWH93
flipkart,LJGE9XBF7WXVQKGA,Women,Leggings,,Indiano Women's Leggings,349,599,42,5.0,,,https://img6a.flixcart.com/image/legging-jegging/k/g/a/1-1-pre-leggi-07-indiano-free-original-imae9wnfzeqzhbzh.jpeg,https://www.flipkart.com/indiano-women-s-leggings/p/itme9xbfhzh6begv?pid=LJGE9XBF7WXVQKGA
flipkart,TSHE9EZJVGGGPUP4,Women,T-Shirts,,Harvard Printed Women's Round Neck T-Shirt,449,899,50,,,,https://img6a.flixcart.com/image/t-shirt/u/p/4/800339-harvard-l-original-imae9b8sknwdrt6s.jpeg,https://www.flipkart.com/harvard-printed-women-s-round-neck-t-shirt/p/itme9ezjbqdzbatt?pid=TSHE9EZJVGGGPUP4
flipkart,TSHEBJGPDNYN6YRS,Women,Top,,Top Notch Solid Women's Polo Neck T-Shirt,299,1499,80,5.0,,,https://img5a.flixcart.com/image/t-shirt/e/3/4/rcl7b-gm-top-notch-xl-original-imaebj5rgsxm6hfh.jpeg,https://www.flipkart.com/top-notch-solid-women-s-polo-neck-t-shirt/p/itmebjgpsthwmcfy?pid=TSHEBJGPDNYN6YRS
flipkart,TSHEA48ZGZHHGEBA,Women,T-Shirts,,People Graphic Print Women's Round Neck T-Shirt,300,599,50,,,,https://img5a.flixcart.com/image/t-shirt/g/t/b/p20401104817401-people-s-original-imae9hz7ywjhy7gn.jpeg,https://www.flipkart.com/people-graphic-print-women-s-round-neck-t-shirt/p/itmea48zgnzzvqwf?pid=TSHEA48ZGZHHGEBA
flipkart,TKPE2GSYZWATUBYP,Women,Shorts,,WOWMOM Self Design Baby Girl's Track Pants,299,299,,,,,https://img5a.flixcart.com/image/track-pant/b/y/p/twmg-aw14-wc-854-red-wow-mom-1100x1360-imae2gxb4wvhwfpg.jpeg,https://www.flipkart.com/wowmom-self-design-baby-girl-s-track-pants/p/itme3fbvzvx9g5fr?pid=TKPE2GSYZWATUBYP
flipkart,LJGE8VHANBD3AP4Z,Women,Leggings,,NE Women's Leggings,499,1199,58,,,,https://img5a.flixcart.com/image/legging-jegging/m/r/g/1-1-lg-55-5-18-ne-xxl-original-imae8trsgjxuhygh.jpeg,https://www.flipkart.com/ne-women-s-leggings/p/itme8vhas74hdrjw?pid=LJGE8VHANBD3AP4Z
flipkart,LJGE8NS8AREHGTGE,Women,Leggings,,NE Women's Leggings,369,799,54,,,,https://img5a.flixcart.com/image/legging-jegging/q/m/p/1-1-lg-28-15-ne-xxl-original-imae8g3tasfstwah.jpeg,https://www.flipkart.com/ne-women-s-leggings/p/itme8ns8kjsgvjfh?pid=LJGE8NS8AREHGTGE
flipkart,LJGE8GG9PKZYPEPQ,Women,Leggings,,NE Women's Leggings,499,1199,58,,,,https://img6a.flixcart.com/image/legging-jegging/b/x/w/1-1-lg-5-7-43-ne-xxl-original-imae8gdyeh9qdvky.jpeg,https://www.flipkart.com/ne-women-s-leggings/p/itme8gggmyjzhxfr?pid=LJGE8GG9PKZYPEPQ
flipkart,LJGE8VHA7CH6FZEP,Women,Leggings,,NE Women's Leggings,499,1199,58,,,,https://img6a.flixcart.com/image/legging-jegging/g/x/m/1-1-lg-55-19-43-ne-3xl-original-imae8trt93yrtrzv.jpeg,https://www.flipkart.com/ne-women-s-leggings/p/itme8vha6vgzmsay?pid=LJGE8VHA7CH6FZEP
flipkart,TSHE9WVTCGY7DRAJ,Women,T-Shirts,,Silly People Graphic Print Women's Round Neck T-Shirt,349,699,50,,,,https://img6a.flixcart.com/image/t-shirt/p/a/x/wts107gry-silly-people-m-original-imae9wkbhupesqn8.jpeg,https://www.flipkart.com/silly-people-graphic-print-women-s-round-neck-t-shirt/p/itme9wvutdrqcw3x?pid=TSHE9WVTCGY7DRAJ
flipkart,TSHE84EBYJZHRSPD,Women,T-Shirts,,Silly People Graphic Print Women's Round Neck T-Shirt,199,599,67,,,,https://img6a.flixcart.com/image/t-shirt/h/3/j/wts020grey-silly-people-xxl-original-imae82xxupdk5yfn.jpeg,https://www.flipkart.com/silly-people-graphic-print-women-s-round-neck-t-shirt/p/itme84ebzk3gfzdf?pid=TSHE84EBYJZHRSPD
flipkart,TSHE6VH6ZVHVGY7B,Women,T-Shirts,,Yepme Graphic Print Women's Round Neck T-Shirt,349,699,50,5.0,,,https://img5a.flixcart.com/image/t-shirt/y/7/b/51698-yepme-s-original-imae6rfey4jvgrjc.jpeg,https://www.flipkart.com/yepme-graphic-print-women-s-round-neck-t-shirt/p/itme6vh6qgfq73gh?pid=TSHE6VH6ZVHVGY7B
flipkart,TSHEAZFBRPJFTB62,Women,T-Shirts,,Ajile by Pantaloons Graphic Print Women's Round Neck T-Shirt,499,499,,,,,https://img5a.flixcart.com/image/t-shirt/b/6/2/110000321anthra-melange-ajile-by-pantaloons-xl-original-imaeaw56zmwptq7b.jpeg,https://www.flipkart.com/ajile-pantaloons-graphic-print-women-s-round-neck-t-shirt/p/itmeazfbjh7vgd3a?pid=TSHEAZFBRPJFTB62
flipkart,TSHEBCKMEMWZZAAP,Women,T-Shirts,,Urbanlyf Graphic Print Women's Round Neck T-Shirt,300,650,54,,,,https://img6a.flixcart.com/image/t-shirt/j/g/9/urb8-urbanlyf-xl-original-imaebatn7jfebgtt.jpeg,https://www.flipkart.com/urbanlyf-graphic-print-women-s-round-neck-t-shirt/p/itmebckmhcrkrqwd?pid=TSHEBCKMEMWZZAAP
flipkart,TSHE6VH6HQ9NKYRG,Women,T-Shirts,,Yepme Graphic Print Women's Round Neck T-Shirt,349,699,50,,,,https://img5a.flixcart.com/image/t-shirt/e/a/k/51620-yepme-s-original-imae6rfeayzgar3g.jpeg,https://www.flipkart.com/yepme-graphic-print-women-s-round-neck-t-shirt/p/itme6vh6dbjxzf3b?pid=TSHE6VH6HQ9NKYRG
flipkart,TSHE6VH6XSWDJ8YK,Women,T-Shirts,,Yepme Graphic Print Women's Round Neck T-Shirt,349,699,50,,,,https://img6a.flixcart.com/image/t-shirt/h/f/b/51617-yepme-s-original-imae6rfeghbv3nzf.jpeg,https://www.flipkart.com/yepme-graphic-print-women-s-round-neck-t-shirt/p/itme6vh6y79wpqc4?pid=TSHE6VH6XSWDJ8YK
flipkart,TSHE6VH6CWRYGMJ3,Women,T-Shirts,,Yepme Graphic Print Women's Round Neck T-Shirt,349,699,50,,,,https://img6a.flixcart.com/image/t-shirt/m/j/3/51623-yepme-s-original-imae6rfeqxkshh2g.jpeg,https://www.flipkart.com/yepme-graphic-print-women-s-round-neck-t-shirt/p/itme6vh6dyszynnc?pid=TSHE6VH6CWRYGMJ3
flipkart,TSHE9WVUXFNFXYPZ,Women,T-Shirts,,Silly People Graphic Print Women's Round Neck T-Shirt,199,699,72,,,,https://img6a.flixcart.com/image/t-shirt/5/q/j/wts114gry-silly-people-s-original-imae9wkfjukuxyvt.jpeg,https://www.flipkart.com/silly-people-graphic-print-women-s-round-neck-t-shirt/p/itme9wvv8zexbhu3?pid=TSHE9WVUXFNFXYPZ
flipkart,TSHEA48ZB4SSNUNT,Women,T-Shirts,,People Graphic Print Women's Round Neck T-Shirt,200,399,50,,,,https://img6a.flixcart.com/image/t-shirt/r/s/g/p20401104788383-people-s-original-imae9hz7hytfurzf.jpeg,https://www.flipkart.com/people-graphic-print-women-s-round-neck-t-shirt/p/itmea48zjedewcym?pid=TSHEA48ZB4SSNUNT
flipkart,TSHEA48Z73YRUPPH,Women,T-Shirts,,People Printed Women's Round Neck T-Shirt,200,399,50,1.0,,,https://img6a.flixcart.com/image/t-shirt/n/d/p/p20401104797100-people-xl-original-imae9hz7ufh9zsu9.jpeg,https://www.flipkart.com/people-printed-women-s-round-neck-t-shirt/p/itmea48zxycabhdy?pid=TSHEA48Z73YRUPPH
flipkart,TSHEA48ZXH82HTUD,Women,T-Shirts,,People Printed Women's Round Neck T-Shirt,250,499,50,,,,https://img6a.flixcart.com/image/t-shirt/t/u/d/p20401104785001-people-m-original-imae9hz7v3ztbgf3.jpeg,https://www.flipkart.com/people-printed-women-s-round-neck-t-shirt/p/itmea48zup3fsnqh?pid=TSHEA48ZXH82HTUD
flipkart,TSHEA48ZVHUBNESV,Women,T-Shirts,,People Graphic Print Women's Round Neck T-Shirt,200,399,50,4.0,,,https://img5a.flixcart.com/image/t-shirt/u/k/u/p20401104796714-people-xxl-original-imae9hz7z4uyj3ta.jpeg,https://www.flipkart.com/people-graphic-print-women-s-round-neck-t-shirt/p/itmea48zb9pvgj9c?pid=TSHEA48ZVHUBNESV
flipkart,TSHEA48ZYPVEEPQ6,Women,T-Shirts,,People Graphic Print Women's Round Neck T-Shirt,250,499,50,,,,https://img5a.flixcart.com/image/t-shirt/x/x/y/p20401104786211-people-m-original-imae9hz6uu7hhud9.jpeg,https://www.flipkart.com/people-graphic-print-women-s-round-neck-t-shirt/p/itmea48z8zpajzz6?pid=TSHEA48ZYPVEEPQ6
flipkart,TSHEA48ZTJBQGKHN,Women,T-Shirts,,People Printed Women's Round Neck T-Shirt,250,499,50,,,,https://img5a.flixcart.com/image/t-shirt/x/p/f/p20401104785327-people-l-original-imae9hz75bxfcu7y.jpeg,https://www.flipkart.com/people-printed-women-s-round-neck-t-shirt/p/itmea48zjjm8tguj?pid=TSHEA48ZTJBQGKHN
flipkart,CSPEYPK6PFEGFWRQ,Women,Lingerie,,Strawberry Lenceria Women's Tank Top,239,239,,,,,https://img5a.flixcart.com/image/camisole-slip/w/c/w/3002-ber-strawberry-lenceria-xl-original-imaeyumrzjtsycw7.jpeg,https://www.flipkart.com/strawberry-lenceria-women-s-tank-top/p/itmeypk63kgym5dj?pid=CSPEYPK6PFEGFWRQ
flipkart,SRTEAHH2HK7NQS98,Women,Shorts,,Nuteez Printed Women's Basic Shorts,299,399,25,,,,https://img5a.flixcart.com/image/short/t/8/n/ws2466an-nuteez-xl-original-imaeahdaf8zb5pag.jpeg,https://www.flipkart.com/nuteez-printed-women-s-basic-shorts/p/itmeahh2vf3xs9rx?pid=SRTEAHH2HK7NQS98
flipkart,SRTEAJNWJ4KHCRXE,Women,Shorts,,Nuteez Printed Women's Basic Shorts,299,399,25,,,,https://img6a.flixcart.com/image/short/j/f/r/ws2450bn-nuteez-s-original-imaeahdahhygbeaz.jpeg,https://www.flipkart.com/nuteez-printed-women-s-basic-shorts/p/itmeajnwpwpgdqaw?pid=SRTEAJNWJ4KHCRXE
flipkart,SRTEAJNWE9A2SGUZ,Women,Shorts,,Nuteez Printed Women's Basic Shorts,299,399,25,,,,https://img5a.flixcart.com/image/short/e/j/p/ws2468bn-nuteez-xxl-original-imae9j7bptk58xfb.jpeg,https://www.flipkart.com/nuteez-printed-women-s-basic-shorts/p/itmeajnw2ddffk4q?pid=SRTEAJNWE9A2SGUZ
flipkart,CSPEBDSAKJNFRWHH,Women,Lingerie,,Yati Women's Camisole,419,999,58,,,,https://img6a.flixcart.com/image/camisole-slip/w/h/h/red-yellow-grey-yati-l-1000x1000-imaebdgmcz82cdub.jpeg,https://www.flipkart.com/yati-women-s-camisole/p/itmebdsa5hk4ztsg?pid=CSPEBDSAKJNFRWHH
flipkart,CSPE8H58BSZUHGWH,Women,Lingerie,,Q-rious Women's Camisole,579,1854,69,,,,https://img5a.flixcart.com/image/camisole-slip/g/h/n/063-6c-yellow-white-peach-blue-baingani-silver-q-rious-s-original-imae8hq9ghqxmy9v.jpeg,https://www.flipkart.com/q-rious-women-s-camisole/p/itme8h59qzkwrskh?pid=CSPE8H58BSZUHGWH
flipkart,CSPE4YM5PRMTEKHN,Women,Lingerie,,Q-rious Women's Camisole,189,230,18,,,,https://img6a.flixcart.com/image/camisole-slip/x/n/2/229-6c-maroon-seagreen-yellow-purple-green-black-q-rious-s-original-imae4xy4q5b9agpm.jpeg,https://www.flipkart.com/q-rious-women-s-camisole/p/itme4ym5nsnrvje6?pid=CSPE4YM5PRMTEKHN
flipkart,CSPEYCFQDKNWBMVX,Women,Lingerie,,Avarnas Women's Camisole,199,199,,,,,https://img5a.flixcart.com/image/camisole-slip/b/c/e/avcs017-avarnas-s-original-imaeyf38knus9ghj.jpeg,https://www.flipkart.com/avarnas-women-s-camisole/p/itmeycfqzz8mqtxy?pid=CSPEYCFQDKNWBMVX
flipkart,CSPDS8XMXBU5EQRT,Women,Jeans,,Riot Jeans Women's Camisole,279,349,20,,,,https://img5a.flixcart.com/image/camisole-slip/q/r/t/karayellow-riot-xl-original-imadqufnaaszkff7.jpeg,https://www.flipkart.com/riot-jeans-women-s-camisole/p/itme9gvkcvfhgkgz?pid=CSPDS8XMXBU5EQRT
flipkart,CSPE6XYVRSBX64PN,Women,Lingerie,,Q-rious Women's Camisole,289,618,53,,,,https://img6a.flixcart.com/image/camisole-slip/g/d/y/063-2c-blue-yellow-q-rious-l-original-imae6y3hrbszhgrk.jpeg,https://www.flipkart.com/q-rious-women-s-camisole/p/itme6xyvhdfcgteb?pid=CSPE6XYVRSBX64PN
flipkart,CSPE8HGDJJZPMBYX,Women,Lingerie,,Fabme Women's Camisole,149,351,58,,,,https://img5a.flixcart.com/image/camisole-slip/a/p/9/cs21yl-fabme-s-original-imae8hbzjpuhhwfh.jpeg,https://www.flipkart.com/fabme-women-s-camisole/p/itme8hgdspyamqyu?pid=CSPE8HGDJJZPMBYX
flipkart,CSPDZ4U8E6ZGZNZ8,Women,Lingerie,,Teemoods Women's Camisole,299,699,57,,,,https://img6a.flixcart.com/image/camisole-slip/h/c/p/tm-1247-teemoods-s-original-imadz5g7dzeha6zk.jpeg,https://www.flipkart.com/teemoods-women-s-camisole/p/itmdz4u8drd7suzb?pid=CSPDZ4U8E6ZGZNZ8
flipkart,CSPE7DNYTXTNXXZ8,Women,Lingerie,,Soie Women's Camisole,260,260,,,,,https://img5a.flixcart.com/image/camisole-slip/d/z/z/sc-3-yl-soie-s-original-imae7djjgb3n4wkn.jpeg,https://www.flipkart.com/soie-women-s-camisole/p/itme7dnypm5ae8y9?pid=CSPE7DNYTXTNXXZ8
flipkart,CSPE28YH7GU42FHS,Women,Lingerie,,Vivaa Women's Camisole,199,499,60,,,,https://img6a.flixcart.com/image/camisole-slip/q/c/g/6-vivaa-m-original-imae27t8k8gpjnds.jpeg,https://www.flipkart.com/vivaa-women-s-camisole/p/itme292s5zz3ade4?pid=CSPE28YH7GU42FHS
flipkart,LJGE8VHABQM9Y57W,Women,Leggings,,NE Women's Leggings,499,1199,58,,,,https://img6a.flixcart.com/image/legging-jegging/z/t/g/1-1-lg-43-15-28-ne-3xl-original-imae8trswzqyvvct.jpeg,https://www.flipkart.com/ne-women-s-leggings/p/itme8vh9wzjvfkea?pid=LJGE8VHABQM9Y57W
flipkart,JCKECKEXESQHR4TS,Women,Jackets,,Haniya Full Sleeve Solid Women's Jacket,1199,2499,52,,,,https://img6a.flixcart.com/image/jacket/4/t/s/jhvssbl-haniya-l-original-imaechzwbszggqew.jpeg,https://www.flipkart.com/haniya-full-sleeve-solid-women-s-jacket/p/itmeckextm5rwzpc?pid=JCKECKEXESQHR4TS
flipkart,SRTEB3XANNAGW2BX,Women,Shorts,,UFO Printed Girl's Basic Shorts,719,899,20,,,,https://img5a.flixcart.com/image/short/h/e/r/aw15-ndf-gkt-259-purple-ufo-kids-1000x1000-imaeb3nf9bhgqeg4.jpeg,https://www.flipkart.com/ufo-printed-girl-s-basic-shorts/p/itmeb3xaptywwhgj?pid=SRTEB3XANNAGW2BX
flipkart,SRTEB3XAW3GE62YX,Women,Shorts,,UFO Printed Girl's Basic Shorts,719,899,20,,,,https://img5a.flixcart.com/image/short/x/6/t/aw15-ndf-gkt-259-orange-ufo-kids-1000x1000-imaeb3nffjkhpy8w.jpeg,https://www.flipkart.com/ufo-printed-girl-s-basic-shorts/p/itmeb3xahhaj6c6v?pid=SRTEB3XAW3GE62YX
flipkart,LJGDYSQ5QT6GTXZD,Women,Leggings,,Sportking Women's Leggings,650,700,7,,,,https://img6a.flixcart.com/image/legging-jegging/5/j/7/75jh-sportking-xl-700x700-imaeyrjaq6gsbctb.jpeg,https://www.flipkart.com/sportking-women-s-leggings/p/itmdysq5g6cxggak?pid=LJGDYSQ5QT6GTXZD
flipkart,LJGE8GG8ZCGZHEUH,Women,Leggings,,NE Women's Leggings,459,1099,58,,,,https://img6a.flixcart.com/image/legging-jegging/e/u/h/1-1-lg-2-19-24-ne-xl-original-imae8gdycpuh2na4.jpeg,https://www.flipkart.com/ne-women-s-leggings/p/itme8gggvbyjfegx?pid=LJGE8GG8ZCGZHEUH
flipkart,LJGE8GG2TDDATASC,Women,Leggings,,NE Women's Leggings,459,1099,58,,,,https://img5a.flixcart.com/image/legging-jegging/e/k/a/1-1-lg-6-15-30-ne-xxl-original-imae8h9kkghfhhrx.jpeg,https://www.flipkart.com/ne-women-s-leggings/p/itme8gg2tggnmrmj?pid=LJGE8GG2TDDATASC
flipkart,LJGE8ZGVCJZEZNGX,Women,Leggings,,Rounak Creations Women's Leggings,479,699,31,,,,https://img5a.flixcart.com/image/legging-jegging/n/g/x/1-1-lg-lt-28-31-6-rounak-creations-3xl-original-imae8z5sjffhexqm.jpeg,https://www.flipkart.com/rounak-creations-women-s-leggings/p/itme8zgvskrhmuva?pid=LJGE8ZGVCJZEZNGX
flipkart,CSPDSU5QKRPTGZGH,Women,Lingerie,,Debenhams-Jasper Conran Women's Camisole,1795,1795,,4.7,,,https://img6a.flixcart.com/image/camisole-slip/s/c/u/db1510107003ablue-debenhams-jasper-conran-10-1100x1360-imadyrkasbmetmfx.jpeg,https://www.flipkart.com/debenhams-jasper-conran-women-s-camisole/p/itmdsu5qxnvtmpcr?pid=CSPDSU5QKRPTGZGH
flipkart,CSPEYGH6WW5U5DNT,Women,Lingerie,,Platinum Rags Women's Camisole,499,699,29,,,,https://img6a.flixcart.com/image/camisole-slip/z/n/s/tanktop-purple-platinum-rags-s-1100x1360-imaeyjymsawb4q4h.jpeg,https://www.flipkart.com/platinum-rags-women-s-camisole/p/itmeygh65mhnmrqf?pid=CSPEYGH6WW5U5DNT
flipkart,CSPEYCFQHPFCEQ23,Women,Lingerie,,Avarnas Women's Camisole,199,199,,,,,https://img6a.flixcart.com/image/camisole-slip/m/b/q/avcs013-avarnas-s-original-imaeyf38awjzsfen.jpeg,https://www.flipkart.com/avarnas-women-s-camisole/p/itmeycfqkr24deqv?pid=CSPEYCFQHPFCEQ23
flipkart,CSPE9BQ5UEGGKQBM,Women,Lingerie,,Valentine Women's Camisole,394,525,25,,,,https://img6a.flixcart.com/image/camisole-slip/d/u/h/6014-purapi-valentine-s-original-imae8uhpysdtdxgb.jpeg,https://www.flipkart.com/valentine-women-s-camisole/p/itme9c3n96bbhaya?pid=CSPE9BQ5UEGGKQBM
flipkart,CSPEA44G2GGDYZ9V,Women,Lingerie,,Honey by Pantaloons Women's Camisole,249,249,,,,,https://img6a.flixcart.com/image/camisole-slip/m/s/u/301040131lt-pastel-purple-honey-by-pantaloons-xl-original-imaea42czgmqsh6k.jpeg,https://www.flipkart.com/honey-pantaloons-women-s-camisole/p/itmea44ggjmwf9pq?pid=CSPEA44G2GGDYZ9V
flipkart,CSPE7MZDXTGHMJHR,Women,Lingerie,,Love From India Women's Camisole,903,1290,30,,,,https://img6a.flixcart.com/image/camisole-slip/j/h/r/100301-orange-s-love-from-india-s-original-imae7h9bvc7gghct.jpeg,https://www.flipkart.com/love-india-women-s-camisole/p/itme7mzd24avykjw?pid=CSPE7MZDXTGHMJHR
flipkart,TSHE3UZUY6SNFGZZ,Women,T-Shirts,,Palm Tree Printed Girl's Round Neck T-Shirt,249,499,50,,,,https://img6a.flixcart.com/image/t-shirt/h/6/q/131012160111-1393white-palm-tree-4-5-years-original-imaebg57gurwpaka.jpeg,https://www.flipkart.com/palm-tree-printed-girl-s-round-neck-t-shirt/p/itme3uzwfrmfbex8?pid=TSHE3UZUY6SNFGZZ
flipkart,LJGDYRGXBYPECFDV,Women,Leggings,,Sportking Women's Leggings,350,350,,,,,https://img6a.flixcart.com/image/legging-jegging/p/e/3/aa30-sportking-m-1100x1360-imadyscvbcgtrqfq.jpeg,https://www.flipkart.com/sportking-women-s-leggings/p/itmdyrgxyrsszveg?pid=LJGDYRGXBYPECFDV
flipkart,LJGDYQ2HQQGVHHXG,Women,Leggings,,Sukuma Women's Leggings,381,999,62,,,,https://img6a.flixcart.com/image/legging-jegging/u/y/t/leg-cslc10-sukuma-s-original-imadyq5qg2hegkux.jpeg,https://www.flipkart.com/sukuma-women-s-leggings/p/itmdyq2hrhhv6zxx?pid=LJGDYQ2HQQGVHHXG
flipkart,LJGDYRGXGFTATWPT,Women,Leggings,,Sportking Women's Leggings,269,350,23,,,,https://img6a.flixcart.com/image/legging-jegging/w/p/t/aa21-sportking-m-1100x1360-imadyscvjzwwmz3x.jpeg,https://www.flipkart.com/sportking-women-s-leggings/p/itmdyrgxdhepg7yb?pid=LJGDYRGXGFTATWPT
flipkart,LJGDYUH2GZEDJVSC,Women,Leggings,,Sukuma Women's Leggings,252,320,21,,,,https://img6a.flixcart.com/image/legging-jegging/g/n/8/legileg-16-sukuma-s-700x700-imadyxyzjvsjybyq.jpeg,https://www.flipkart.com/sukuma-women-s-leggings/p/itmdyuh2htb7mvhz?pid=LJGDYUH2GZEDJVSC
flipkart,LJGEYFMTXDEYDVVF,Women,Leggings,,Zadine Women's Leggings,499,699,29,,,,https://img6a.flixcart.com/image/legging-jegging/v/v/f/wh-pu-1-zadine-l-original-imaeygksdrzpw7dd.jpeg,https://www.flipkart.com/zadine-women-s-leggings/p/itmeyfmsstuzgbuv?pid=LJGEYFMTXDEYDVVF
flipkart,LJGDYQ2HJBTWXYJB,Women,Leggings,,Sukuma Women's Leggings,381,599,36,,,,https://img6a.flixcart.com/image/legging-jegging/u/e/n/leg-cslc11-sukuma-s-1100x1360-imadyq5pt4xkpahf.jpeg,https://www.flipkart.com/sukuma-women-s-leggings/p/itmdyq2h5gnrfhnx?pid=LJGDYQ2HJBTWXYJB
flipkart,SKIEAUABAREMXMD4,Women,Skirts,,109f Checkered Women's Regular Skirt,750,1499,50,,,,https://img5a.flixcart.com/image/skirt/t/k/y/1-1-a14cube12y-109f-xs-original-imaeatygbvtfpz76.jpeg,https://www.flipkart.com/109f-checkered-women-s-regular-skirt/p/itmeauabrtgfdgdv?pid=SKIEAUABAREMXMD4
flipkart,SHTE34TJVTPCMB2N,Women,Shirts,Slim,"Goddess Women Women's Solid, Self Design Casual Shirt",909,1299,30,,,,https://img5a.flixcart.com/image/shirt/g/f/a/w14-1004-goddess-women-xxl-original-imae33sqzh5jnemu.jpeg,https://www.flipkart.com/goddess-women-women-s-solid-self-design-casual-shirt/p/itme34tjvr5zqq93?pid=SHTE34TJVTPCMB2N
flipkart,SHTEYPJASSGVYW3U,Women,Shirts,,Younky Women's Animal Print Casual Shirt,349,1999,83,5.0,,,https://img5a.flixcart.com/image/shirt/w/3/u/shffl005-younky-l-1100x1360-imaeyp3acj3hhmhq.jpeg,https://www.flipkart.com/younky-women-s-animal-print-casual-shirt/p/itmeypjaus2f55uk?pid=SHTEYPJASSGVYW3U
flipkart,SHTDWPYWHCVZ2HUB,Women,Shirts,,Urban Religion Women's Animal Print Casual Shirt,499,799,38,,,,https://img6a.flixcart.com/image/shirt/h/u/b/ur41-color-urban-religion-l-original-imadwqyv2ze7mnyh.jpeg,https://www.flipkart.com/urban-religion-women-s-animal-print-casual-shirt/p/itmdwpywd4shjmaj?pid=SHTDWPYWHCVZ2HUB
flipkart,SHTE8QA8DKNU6NUA,Women,Shirts,Regular,Famous By Payal Kapoor Women's Animal Print Casual Shirt,400,999,60,,,,https://img5a.flixcart.com/image/shirt/y/6/f/famouspk-tu003-famous-by-payal-kapoor-s-original-imae8768zmmyghdd.jpeg,https://www.flipkart.com/famous-payal-kapoor-women-s-animal-print-casual-shirt/p/itme8qa8gakqjbyp?pid=SHTE8QA8DKNU6NUA
myntra,15475036,Men,Shirts,JAINISH,JAINISH Men Brown Smart Opaque Formal Shirt,539,1999,73,3.8,5.0,Brown,https://assets.myntassets.com/assets/images/15475036/2021/9/16/273f7fa0-95d3-4cdb-8b31-66bf7b446c0b1631774148967JAINISHMenBrownSmartOpaqueFormalShirt1.jpg,https://www.myntra.com/shirts/jainish/jainish-men-brown-smart-opaque-formal-shirt/15475036/buy
myntra,21140922,Men,Jeans,Pepe Jeans,Pepe Jeans Men Vapour Slim Fit Low Distress Light Fade Stretchable Jeans,1709,3799,25,4.3,20.0,,https://assets.myntassets.com/assets/images/21140922/2022/12/9/a58af5db-1bd6-41cb-8784-017c4f1ac8461670584795926Jeans1.jpg,https://www.myntra.com/jeans/pepe-jeans/pepe-jeans-men-vapour-slim-fit-low-distress-light-fade-stretchable-jeans/21140922/buy
myntra,20726662,Men,Tshirts,BYFORD by Pantaloons,BYFORD by Pantaloons Men Pack of 2 Solid Cotton T-shirt,629,999,37,3.7,6.0,,https://assets.myntassets.com/assets/images/20726662/2022/11/12/9c192698-f59e-4e05-b0e5-292fc5dc799d1668245321952Tshirts1.jpg,https://www.myntra.com/tshirts/byford-by-pantaloons/byford-by-pantaloons-men-pack-of-2-solid-cotton-t-shirt/20726662/buy
myntra,17734196,Men,Shirts,LOCOMOTIVE,LOCOMOTIVE Men Green Slim Fit Printed Casual Shirt,549,1599,65,3.9,207.0,Green,https://assets.myntassets.com/assets/images/17734196/2022/7/13/5acadcb5-7e0b-4014-a836-c8df4d5f15f91657686304909LOCOMOTIVEMenGreenSlimFitPrintedCasualShirt1.jpg,https://www.myntra.com/shirts/locomotive/locomotive-men-green-slim-fit-printed-casual-shirt/17734196/buy
myntra,17579964,Men,Shirts,KETCH,KETCH Men White Slim Fit Printed Casual Shirt,350,1349,74,3.6,33.0,White,https://assets.myntassets.com/assets/images/17579964/2022/3/18/a5032a6a-a5ed-45d2-a7d9-dbbf14f51e081647597361513KETCHMenWhiteSlimFitCasualShirt5.jpg,https://www.myntra.com/shirts/ketch/ketch-men-white-slim-fit-printed-casual-shirt/17579964/buy
myntra,17732904,Men,Shirts,HIGHLANDER,HIGHLANDER Men Rust Slim Fit Typography Printed Cotton Casual Shirt,599,1399,63,3.5,52.0,Rust,https://assets.myntassets.com/assets/images/17732904/2022/7/13/aa5a8c0d-e736-4153-98eb-fc50a9e20ba71657686615233HIGHLANDERMenRustSlimFitTypographyPrintedCottonCasualShirt1.jpg,https://www.myntra.com/shirts/highlander/highlander-men-rust-slim-fit-typography-printed-cotton-casual-shirt/17732904/buy
myntra,17706434,Men,Shirts,KETCH,KETCH Men Black Slim Fit Printed Cotton Casual Shirt,499,1249,60,3.1,10.0,Black,https://assets.myntassets.com/assets/images/17706434/2022/3/31/f456e122-350a-4cc7-a2d7-2a0331ba32d61648724448372KETCHMenBlackSlimFitCasualShirt1.jpg,https://www.myntra.com/shirts/ketch/ketch-men-black-slim-fit-printed-cotton-casual-shirt/17706434/buy
myntra,17665478,Men,Shirts,Kuons Avenue,Kuons Avenue Men Blue & Orange Smart Slim Fit Checked Cotton Denim Casual Shirt,1299,2999,56,0.0,0.0,Orange,https://assets.myntassets.com/assets/images/17665478/2022/3/29/5137b1bb-a6e7-4114-bc63-9762233c4e2d1648535035570KuonsAvenueMenOrangeSmartSlimFitCheckedCasualShirt1.jpg,https://www.myntra.com/shirts/kuons-avenue/kuons-avenue-men-blue--orange-smart-slim-fit-checked-cotton-denim-casual-shirt/17665478/buy
myntra,17677530,Men,Kurtas,indus route by Pantaloons,indus route by Pantaloons Men Black Striped Dobby Kurta,587,1049,44,4.1,14.0,Black,https://assets.myntassets.com/assets/images/17677530/2023/5/25/2c2087bc-b06b-48a7-ab96-66e8db8a0d991685010863388indusroutebyPantaloonsMenBlackStripedDobbyKurta1.jpg,https://www.myntra.com/kurtas/indus-route-by-pantaloons/indus-route-by-pantaloons-men-black-striped-dobby-kurta/17677530/buy
myntra,14998654,Men,Shirts,BYFORD by Pantaloons,BYFORD by Pantaloons Men Grey Slim Fit Casual Shirt,611,899,32,3.2,12.0,Grey,https://assets.myntassets.com/assets/images/14998654/2021/8/2/f451a7dd-8672-4e0f-94c9-cdb4bc1fbca51627905068345BYFORDbyPantaloonsMenGreySlimFitCasualShirt1.jpg,https://www.myntra.com/shirts/byford-by-pantaloons/byford-by-pantaloons-men-grey-slim-fit-casual-shirt/14998654/buy
myntra,11718696,Men,Sherwani,SOJANYA,SOJANYA Men Gold-Toned & Green Self-Design Sherwani Set,1319,5499,76,0.0,0.0,Green,https://assets.myntassets.com/assets/images/productimage/2020/3/17/d747e1c1-77c2-4034-84ed-c2861efe6cff1584399432454-1.jpg,https://www.myntra.com/sherwani/sojanya/sojanya-men-gold-toned--green-self-design-sherwani-set/11718696/buy
myntra,20924006,Men,Trousers,Allen Solly,Allen Solly Men Slim Fit Trouser,2099,2799,50,3.7,6.0,,https://assets.myntassets.com/assets/images/20924006/2022/11/25/7430408e-22bf-4c6c-aac6-987e2e9f6c7a1669368399323MenBlueSlimFitSolidCasualTrousers1.jpg,https://www.myntra.com/trousers/allen-solly/allen-solly-men-slim-fit-trouser/20924006/buy
myntra,21192882,Men,Track Pants,Allen Solly,Allen Solly Men Pure Cotton Joggers,1649,2199,25,3.6,9.0,,https://assets.myntassets.com/assets/images/21192882/2022/12/14/f7ccbfa6-0d22-4d00-b2fe-3eb2c213c3241671020744549MenGraphicPrintRegularFitBlackJoggerPants1.jpg,https://www.myntra.com/track-pants/allen-solly/allen-solly-men-pure-cotton-joggers/21192882/buy
myntra,21201236,Men,Tshirts,AMERICAN EAGLE OUTFITTERS,AMERICAN EAGLE OUTFITTERS Men Typography Printed Cotton T-shirt,839,1399,40,4.5,10.0,,https://assets.myntassets.com/assets/images/21201236/2022/12/15/730ac6a0-2d88-429a-b808-59fdc35b53da1671099905251AmericanEagleMenGreenSuperSoftGraphicT-Shirt1.jpg,https://www.myntra.com/tshirts/american-eagle-outfitters/american-eagle-outfitters-men-typography-printed-cotton-t-shirt/21201236/buy
myntra,21142148,Men,Tshirts,HERE&NOW,HERE&NOW Men Black Printed T-shirt,219,599,73,3.9,147.0,Black,https://assets.myntassets.com/assets/images/21142148/2022/12/23/f01bc16a-97c9-4c5b-9090-a8bcc4d42d211671776949038-HERENOW-Men-Tshirts-9581671776948492-1.jpg,https://www.myntra.com/tshirts/herenow/herenow-men-black-printed-t-shirt/21142148/buy
myntra,21172214,Men,Trousers,The Indian Garage Co,The Indian Garage Co Men Khaki Slim Fit Cotton Trousers,545,2099,74,3.8,37.0,Khaki,https://assets.myntassets.com/assets/images/21172214/2022/12/29/6ebaf39d-006d-4385-b073-02c209a3216b1672292215237-The-Indian-Garage-Co-Men-Trousers-9981672292214614-1.jpg,https://www.myntra.com/trousers/the-indian-garage-co/the-indian-garage-co-men-khaki-slim-fit-cotton-trousers/21172214/buy
myntra,16695992,Men,Trunk,Van Heusen,Van Heusen Men Swift Dry 4 Way Stretch AIR Series Trunks 8905482135054,535,669,10,4.2,23.0,,https://assets.myntassets.com/assets/images/16695992/2022/3/19/6ee8bf2e-802b-4515-b596-e12e545598fa1647672699640-Van-Heusen-Men-Charcoal-Grey-Solid-Trunks---8905482135054-10-1.jpg,https://www.myntra.com/trunk/van-heusen/van-heusen-men-swift-dry-4-way-stretch-breathable-air-trunks/16695992/buy
myntra,22368726,Men,Jeans,LOUIS STITCH,LOUIS STITCH Men Slim Fit Heavy Fade Stretchable Jeans,2519,6999,64,4.8,12.0,,https://assets.myntassets.com/assets/images/22368726/2023/3/24/07a6b4c7-4c44-4292-b81f-e7dfbc4d285e1679657730021-LOUIS-STITCH-Men-Slim-Fit-Heavy-Fade-Stretchable-Jeans-23516-1.jpg,https://www.myntra.com/jeans/louis-stitch/louis-stitch-men-blue-slim-fit-mildly-distressed-light-fade-stretchable-jeans/22368726/buy
myntra,21472008,Men,Shirts,HIGHLANDER,HIGHLANDER Men Checked Casual Slim Fit Shirt,649,2049,68,3.9,81.0,,https://assets.myntassets.com/assets/images/21472008/2023/1/9/ff298a97-82ee-4864-8d2f-6571673955e81673259846125Shirts1.jpg,https://www.myntra.com/shirts/highlander/highlander-men-checked-casual-slim-fit-shirt/21472008/buy
myntra,15465822,Men,Kurtas,indus route by Pantaloons,indus route by Pantaloons Men Rust Thread Work Pathani Kurta,699,699,,3.6,14.0,Rust,https://assets.myntassets.com/assets/images/15465822/2021/9/15/7c377275-be11-46b1-9dde-34ca9e29cb541631711921042indusroutebyPantaloonsMenRustThreadWorkPathaniKurta1.jpg,https://www.myntra.com/kurtas/indus-route-by-pantaloons/indus-route-by-pantaloons-men-rust-thread-work-pathani-kurta/15465822/buy
myntra,12816450,Men,Tshirts,HERE&NOW,HERE&NOW Men Black Printed Round Neck T-shirt,649,649,,4.0,1443.0,Black,https://assets.myntassets.com/assets/images/12816450/2020/12/7/269eddad-dfc7-41c8-aa46-f2c4f50dc3931607331960544-HERENOW-Men-Tshirts-2401607331958756-1.jpg,https://www.myntra.com/tshirts/herenow/herenow-men-black-printed-round-neck-t-shirt/12816450/buy
myntra,12816476,Men,Tshirts,HERE&NOW,HERE&NOW Men Black Printed Round Neck T-shirt,233,599,61,4.2,1759.0,Black,https://assets.myntassets.com/assets/images/12816476/2020/12/7/e9fcc4cf-33fe-4db5-8d9b-1f18dde5be711607321799713-HERENOW-Men-Tshirts-4681607321797914-1.jpg,https://www.myntra.com/tshirts/herenow/herenow-men-black-printed-round-neck-t-shirt/12816476/buy
myntra,20747490,Men,Trousers,Arrow New York,Arrow New York Men Grey Melange Self Design Formal Trousers,2599,2599,,4.9,7.0,Grey,https://assets.myntassets.com/assets/images/20747490/2022/11/14/b78a9396-f5ee-4260-8817-7c010fc182c61668431747997ArrowNewyorkMenGreyHudsonTailoredFitFormalTrousers1.jpg,https://www.myntra.com/trousers/arrow-new-york/arrow-new-york-men-grey-melange-self-design-formal-trousers/20747490/buy
myntra,21140920,Men,Jeans,Pepe Jeans,Pepe Jeans Men Vapour Slim Fit Low Distress Light Fade Stretchable Jeans,2699,3599,60,4.0,28.0,,https://assets.myntassets.com/assets/images/21140920/2022/12/9/ee6e2b45-5485-44a2-b2d6-fa3b0dc560481670584975624Jeans1.jpg,https://www.myntra.com/jeans/pepe-jeans/pepe-jeans-men-vapour-slim-fit-low-distress-light-fade-stretchable-jeans/21140920/buy
myntra,17667792,Men,Shirts,LOCOMOTIVE,LOCOMOTIVE Men Peach-Coloured Slim Fit Printed Casual Shirt,434,1449,65,3.7,75.0,Peach,https://assets.myntassets.com/assets/images/17667792/2022/3/29/78d0ed35-9dca-4a92-b615-2a6624c064df1648546723712LOCOMOTIVEMenPeach-ColouredSlimFitCasualShirt1.jpg,https://www.myntra.com/shirts/locomotive/locomotive-men-peach-coloured-slim-fit-printed-casual-shirt/17667792/buy
myntra,17666678,Men,Shirts,Cantabil,Cantabil Men White Original Grid Tattersall Checked Casual Shirt,849,2499,66,4.6,7.0,White,https://assets.myntassets.com/assets/images/17666678/2022/3/29/4f95461a-2270-422d-8de6-33eec10c9d131648541991371CantabilMenWhiteOriginalGridTattersallChecksSemiSheerChecked1.jpg,https://www.myntra.com/shirts/cantabil/cantabil-men-white-original-grid-tattersall-checked-casual-shirt/17666678/buy
myntra,17705926,Men,Shirts,HIGHLANDER,HIGHLANDER Men Black Slim Fit Printed Cotton Casual Shirt,608,1449,58,4.2,33.0,Black,https://assets.myntassets.com/assets/images/17705926/2022/3/31/78fcae44-3f3a-40c2-8319-752b6633cdaa1648726547236HIGHLANDERMenBlackSlimFitPrintedCasualShirt1.jpg,https://www.myntra.com/shirts/highlander/highlander-men-black-slim-fit-printed-cotton-casual-shirt/17705926/buy
myntra,17658286,Men,Shirts,BYFORD by Pantaloons,BYFORD by Pantaloons Men Blue Slim Fit Floral Printed Cotton Casual Shirt,589,999,41,3.8,11.0,Blue,https://assets.myntassets.com/assets/images/17658286/2022/3/28/e735a2fe-8185-4cc9-b7d4-6a243b14f0141648477563728BYFORDbyPantaloonsMenBlueSlimFitFloralPrintedCasualShirt1.jpg,https://www.myntra.com/shirts/byford-by-pantaloons/byford-by-pantaloons-men-blue-slim-fit-floral-printed-cotton-casual-shirt/17658286/buy
myntra,17677522,Men,Kurtas,indus route by Pantaloons,indus route by Pantaloons Men Lime Green Thread Work Kurta,529,999,47,4.5,30.0,Green,https://assets.myntassets.com/assets/images/17677522/2022/3/30/51514193-dd57-4011-88a8-d6823cd430581648646508575indusroutebyPantaloonsMenLimeGreenThreadWorkKurta1.jpg,https://www.myntra.com/kurtas/indus-route-by-pantaloons/indus-route-by-pantaloons-men-lime-green-thread-work-kurta/17677522/buy
myntra,17667796,Men,Tshirts,LOCOMOTIVE,LOCOMOTIVE Men White & Pink Typography Printed Slim Fit Cotton T-shirt,251,899,55,3.9,96.0,White,https://assets.myntassets.com/assets/images/17667796/2022/3/29/f403adef-d4cc-4a8c-a9d4-016b461f05981648543190035LOCOMOTIVEMenWhiteCamouflagePrintedExtendedSleevesRawEdgeSli1.jpg,https://www.myntra.com/tshirts/locomotive/locomotive-men-white--pink-typography-printed-slim-fit-cotton-t-shirt/17667796/buy
myntra,17669212,Men,Shirts,GANT,GANT Men Pink Solid Linen Casual Shirt,4499,8999,40,4.2,5.0,Pink,https://assets.myntassets.com/assets/images/17669212/2022/3/29/88f11342-52d1-42c6-87b0-9ec1fa96312a1648546898443GANTMenPinkCasualShirt1.jpg,https://www.myntra.com/shirts/gant/gant-men-pink-solid-linen-casual-shirt/17669212/buy
myntra,17686080,Men,Shirts,Crimsoune Club,Crimsoune Club Men Olive Green Slim Fit Cotton Casual Shirt,899,1799,50,3.8,4.0,Green,https://assets.myntassets.com/assets/images/17686080/2024/1/24/ffcfc290-12e8-465d-995a-314cfa202ccf1706077388793CrimsouneClubMenOliveGreenSlimFitCottonCasualShirt1.jpg,https://www.myntra.com/shirts/crimsoune-club/crimsoune-club-men-olive-green-slim-fit-cotton-casual-shirt/17686080/buy
myntra,17584396,Men,Sherwani,KISAH,KISAH Men Blue & Beige Self-Design Cotton Sherwani Set,3699,9999,63,0.0,0.0,Beige,https://assets.myntassets.com/assets/images/17584396/2022/3/19/aacf1be0-29c6-435f-8f98-b4d9e753df181647685577024KISAHMenBlueBeigeSelf-DesignCottonSherwaniSet1.jpg,https://www.myntra.com/sherwani/kisah/kisah-men-blue--beige-self-design-cotton-sherwani-set/17584396/buy
myntra,11616334,Men,Sherwani,SG RAJASAHAB,SG RAJASAHAB Men Maroon & Brown Sherwani Set,2115,9199,77,3.6,38.0,Maroon,https://assets.myntassets.com/assets/images/productimage/2020/2/29/933f1832-784b-4e5e-a788-a7eca7a40d5a1582927514629-1.jpg,https://www.myntra.com/sherwani/sg-rajasahab/sg-rajasahab-men-maroon--brown-sherwani-set/11616334/buy
myntra,11724382,Men,Kurtas,even,even Men Brown Woven Design Straight Kurta,718,1795,60,4.4,79.0,Brown,https://assets.myntassets.com/assets/images/productimage/2020/3/19/65c067bc-d979-4839-b085-6b75fe8cb4871584569029540-1.jpg,https://www.myntra.com/kurtas/even/even-men-brown-woven-design-straight-kurta/11724382/buy
myntra,20822400,Men,Jeans,Pepe Jeans,Pepe Jeans Men Blue Slim Fit Mildly Distressed Light Fade Cotton Stretchable Jeans,1719,4299,55,4.4,43.0,Blue,https://assets.myntassets.com/assets/images/20822400/2022/11/19/a48ed67d-7d2f-472f-b597-4b2646f55c801668837349772PepeJeansMenBlueSlimFitMildlyDistressedHeavyFadeJeans1.jpg,https://www.myntra.com/jeans/pepe-jeans/pepe-jeans-men-blue-slim-fit-mildly-distressed-light-fade-cotton-stretchable-jeans/20822400/buy
myntra,21142172,Men,Tshirts,HERE&NOW,HERE&NOW Men Graphic Print T-shirt,251,699,64,3.7,168.0,,https://assets.myntassets.com/assets/images/21142172/2022/12/23/82a10b3e-3937-48ad-bd9c-8231aba343871671785541730-HERENOW-Men-Tshirts-9751671785541271-1.jpg,https://www.myntra.com/tshirts/herenow/herenow-men-graphic-print-t-shirt/21142172/buy
myntra,18066226,Men,Tshirts,Cantabil,Cantabil Men Navy Blue Striped Polo Collar T-shirt,839,2399,65,3.0,4.0,Navy Blue,https://assets.myntassets.com/assets/images/18066226/2022/4/28/2faffe4b-bcfd-4307-9ab3-85c2c3b4e0eb1651121132560CantabilMenNavyBlueStripedHenleyNeckT-shirt1.jpg,https://www.myntra.com/tshirts/cantabil/cantabil-men-navy-blue-striped-polo-collar-t-shirt/18066226/buy
myntra,20227106,Men,Tshirts,BESIMPLE,BESIMPLE Men Yellow V-Neck Raw Edge T-shirt,699,1600,56,0.0,0.0,Yellow,https://assets.myntassets.com/assets/images/20227106/2022/10/1/a779da16-b4d7-4af2-a647-55ccfbc8a1471664601029893BESIMPLEMenYellowV-NeckRawEdgeT-shirt1.jpg,https://www.myntra.com/tshirts/besimple/besimple-men-yellow-v-neck-raw-edge-t-shirt/20227106/buy
myntra,17665456,Men,Shirts,Kuons Avenue,Kuons Avenue Men Yellow & Blue Smart Slim Fit Checked Cotton Casual Shirt,1299,2999,56,0.0,0.0,Yellow,https://assets.myntassets.com/assets/images/17665456/2022/3/29/0cbe448d-4203-4540-85bd-9622ac9a60b81648531464533KuonsAvenueMenYellowSmartSlimFitCheckedCasualShirt1.jpg,https://www.myntra.com/shirts/kuons-avenue/kuons-avenue-men-yellow--blue-smart-slim-fit-checked-cotton-casual-shirt/17665456/buy
myntra,17705930,Men,Shirts,HIGHLANDER,HIGHLANDER Men Navy Blue & White Slim Fit Checked Casual Shirt,553,1349,59,3.9,154.0,Navy Blue,https://assets.myntassets.com/assets/images/17705930/2022/3/31/417cbbeb-de08-4c4c-bf03-9e2567d012231648721360147HIGHLANDERMenNavyBlueSlimFitTartanChecksCheckedCasualShirt1.jpg,https://www.myntra.com/shirts/highlander/highlander-men-navy-blue--white-slim-fit-checked-casual-shirt/17705930/buy
myntra,15488916,Men,Shirts,Indian Terrain,Indian Terrain Men Navy Blue & Pink Pure Cotton Slim Fit Printed Casual Shirt,944,2099,55,4.3,55.0,Navy Blue,https://assets.myntassets.com/assets/images/15488916/2022/4/13/2d6c0e48-f37a-43b4-aff4-15502ceecaea1649848164399-Indian-Terrain-Men-Shirts-2001649848163788-1.jpg,https://www.myntra.com/shirts/indian-terrain/indian-terrain-men-navy-blue--pink-pure-cotton-slim-fit-printed-casual-shirt/15488916/buy
myntra,21604602,Men,Track Pants,HRX by Hrithik Roshan,HRX by Hrithik Roshan Men Running Track Pants,584,1499,61,3.9,321.0,,https://assets.myntassets.com/assets/images/21604602/2023/2/20/b3dbc63b-feef-42fb-8203-8f64c22b8d331676878755682-HRX-by-Hrithik-Roshan-Men-Track-Pants-9331676878754745-1.jpg,https://www.myntra.com/track-pants/hrx-by-hrithik-roshan/hrx-by-hrithik-roshan-men-running-track-pants/21604602/buy
myntra,15517936,Men,Shirts,HIGHLANDER,HIGHLANDER Men Pink Slim Fit Opaque Printed Casual Shirt,599,1299,65,3.8,1000.0,Pink,https://assets.myntassets.com/assets/images/15517936/2021/9/19/2ee184ee-6b47-4ba5-95ff-6405d8e6fb581632011465726HIGHLANDERMenPinkSlimFitOpaquePrintedCasualShirt1.jpg,https://www.myntra.com/shirts/highlander/highlander-men-pink-slim-fit-opaque-printed-casual-shirt/15517936/buy
myntra,17807876,Men,Tshirts,Louis Philippe Sport,Louis Philippe Sport Men Orange Colourblocked Polo Collar Pure Cotton T-shirt,1699,1999,15,4.0,47.0,Orange,https://assets.myntassets.com/assets/images/17807876/2022/10/12/6399bd90-99af-4fb7-9584-4f966a09ce5b1665555973863-Louis-Philippe-Sport-Men-Orange-Colourblocked-Polo-Collar-Pu-1.jpg,https://www.myntra.com/tshirts/louis-philippe-sport/louis-philippe-sport-men-orange-colourblocked-polo-collar-pure-cotton-t-shirt/17807876/buy
myntra,2113594,Men,Trunk,Van Heusen,Van Heusen Men Multicolour Pack of 2 Solid Antibacterial Colour Fresh Trunks,553,738,20,4.5,89.0,Multicolour,https://assets.myntassets.com/assets/images/2113594/2017/9/14/11505387218775-Van-Heusen-Men-Trunk-781505387218561-1.jpg,https://www.myntra.com/trunk/van-heusen/van-heusen-men-multicolour-pack-of-2-solid-antibacterial-colour-fresh-trunks/2113594/buy
myntra,17544364,Men,Shirts,Blackberrys,Blackberrys Men Blue India Slim Fit Checked Casual Shirt,1676,2395,30,0.0,0.0,Blue,https://assets.myntassets.com/assets/images/17544364/2022/3/16/71742462-e8a1-44c6-9d15-a98dc83624a61647373096969BlackberrysMenBlueSlimFitCheckedCasualShirt1.jpg,https://www.myntra.com/shirts/blackberrys/blackberrys-men-blue-india-slim-fit-checked-casual-shirt/17544364/buy
myntra,17686112,Men,Shirts,Crimsoune Club,Crimsoune Club Men Pink Slim Fit Grid Gingham Checked Pure Cotton Casual Shirt,899,1799,50,4.4,9.0,Pink,https://assets.myntassets.com/assets/images/17686112/2024/1/24/2b78e35f-5322-439f-873f-0279173835e81706077425903CrimsouneClubMenPinkSlimFitGridGinghamCheckedPureCottonCasua1.jpg,https://www.myntra.com/shirts/crimsoune-club/crimsoune-club-men-pink-slim-fit-grid-gingham-checked-pure-cotton-casual-shirt/17686112/buy
myntra,17666672,Men,Shirts,Cantabil,Cantabil Men White Original Grid Tattersall Checks Checked Formal Shirt,1013,2599,61,4.0,10.0,White,https://assets.myntassets.com/assets/images/17666672/2022/3/29/5cf60e78-03a9-438b-876c-3ed0dea797401648539556046CantabilMenWhiteOriginalGridTattersallChecksSemiSheerChecked1.jpg,https://www.myntra.com/shirts/cantabil/cantabil-men-white-original-grid-tattersall-checks-checked-formal-shirt/17666672/buy
myntra,17666664,Men,Shirts,Cantabil,Cantabil Men Navy Blue Original Satin Party Shirt,974,2499,61,4.0,9.0,Navy Blue,https://assets.myntassets.com/assets/images/17666664/2022/3/29/514ad755-7af6-4b55-a253-df0faf380a821648541542861CantabilMenNavyBlueOriginalSemiSheerFormalShirt1.jpg,https://www.myntra.com/shirts/cantabil/cantabil-men-navy-blue-original-satin-party-shirt/17666664/buy
myntra,17677534,Men,Kurtas,indus route by Pantaloons,indus route by Pantaloons Men Green  Woven Design Cotton Kurta,639,999,36,4.8,11.0,Green,https://assets.myntassets.com/assets/images/17677534/2022/3/30/f18379da-551a-4fe5-a93c-5dec41d113ca1648635593203indusroutebyPantaloonsMenGreenThreadWorkKurta1.jpg,https://www.myntra.com/kurtas/indus-route-by-pantaloons/indus-route-by-pantaloons-men-green--woven-design-cotton-kurta/17677534/buy
myntra,17669234,Men,Shirts,GANT,GANT Men White & Green Tartan Checked Casual Shirt,3999,7999,55,3.8,27.0,White,https://assets.myntassets.com/assets/images/17669234/2022/4/19/c8805d6a-fd63-4f97-947b-2dec8688de3e1650353695816GANTMenWhiteGreenTartanCheckedCasualShirt1.jpg,https://www.myntra.com/shirts/gant/gant-men-white--green-tartan-checked-casual-shirt/17669234/buy
myntra,17579954,Men,Shirts,KETCH,KETCH Men Pink Slim Fit Solid Cotton Casual Shirt,499,1249,60,3.7,34.0,Pink,https://assets.myntassets.com/assets/images/17579954/2022/3/18/501a8ce4-5ce5-49e6-bd52-10b4aba2f7431647597365653KETCHMenPinkSlimFitCasualShirt1.jpg,https://www.myntra.com/shirts/ketch/ketch-men-pink-slim-fit-solid-cotton-casual-shirt/17579954/buy
myntra,17665480,Men,Shirts,Kuons Avenue,Kuons Avenue Men Yellow Smart Slim Fit Denim Cotton Casual Shirt,1299,2999,56,0.0,0.0,Yellow,https://assets.myntassets.com/assets/images/17665480/2022/3/29/72e412d1-f49e-49d2-9b0e-9c27ab144b0c1648536038840KuonsAvenueMenYellowSmartSlimFitCasualShirt1.jpg,https://www.myntra.com/shirts/kuons-avenue/kuons-avenue-men-yellow-smart-slim-fit-denim-cotton-casual-shirt/17665480/buy
myntra,17705918,Men,Track Pants,HIGHLANDER,HIGHLANDER Men Black Solid Slim-Fit Track Pants,459,1149,43,3.9,66.0,Black,https://assets.myntassets.com/assets/images/17705918/2022/3/31/76534c0e-dcca-4509-9906-934a1cb35f161648730246142HIGHLANDERMenBlackSolidSlim-FitTrackPants1.jpg,https://www.myntra.com/track-pants/highlander/highlander-men-black-solid-slim-fit-track-pants/17705918/buy
myntra,17644118,Men,Shirts,Indo Era,Indo Era Men Brown & Maroon Smart Printed Cotton Casual Shirt,681,2199,69,0.0,0.0,Maroon,https://assets.myntassets.com/assets/images/17644118/2022/4/14/bc37bc7e-87f4-4e17-b132-e0a4e3139bd81649910400884-Indo-Era-Brown-Floral-Cotton-Curved-Shirts-2101649910400289-1.jpg,https://www.myntra.com/shirts/indo-era/indo-era-men-brown--maroon-smart-printed-cotton-casual-shirt/17644118/buy
myntra,18468770,Men,Track Pants,Alcis,Alcis Men Navy Blue Solid Slim Fit Running Track Pants,824,1499,45,3.7,9.0,Navy Blue,https://assets.myntassets.com/assets/images/18468770/2022/6/22/41313e1a-6e8a-487e-80b5-13abfdce094e1655875836631-Alcis-Men-Navy-Blue-Solid-Slim-Fit-Running-Track-Pants-64616-1.jpg,https://www.myntra.com/track-pants/alcis/alcis-men-navy-blue-solid-slim-fit-running-track-pants/18468770/buy
myntra,16683850,Men,Track Pants,ATHLISIS,ATHLISIS Men Black Solid Slim-Fit Pure Cotton Track Pants,701,1799,61,0.0,0.0,Black,https://assets.myntassets.com/assets/images/16683850/2022/1/4/34f0feee-b2e2-4d66-a001-8652fc06a9691641301563301ATHLISISMenBlackSolidSlim-FitPureCottonTrackPants1.jpg,https://www.myntra.com/track-pants/athlisis/athlisis-men-black-solid-slim-fit-pure-cotton-track-pants/16683850/buy
myntra,16673680,Men,Track Pants,ASICS,ASICS Men Solid M Mobility Knit Tapered Joggers,2249,4499,50,5.0,4.0,,https://assets.myntassets.com/assets/images/16673680/2022/1/4/1b9583fe-9b1e-443f-adb0-2d029da54edd1641287883542ASICSMenGreySolidJoggers1.jpg,https://www.myntra.com/track-pants/asics/asics-men-solid-m-mobility-knit-tapered-joggers/16673680/buy
myntra,22368776,Men,Jeans,LOUIS STITCH,LOUIS STITCH Men Slim Fit Light Fade Stretchable Jeans,2519,6999,64,5.0,7.0,,https://assets.myntassets.com/assets/images/22368776/2023/3/24/5a8e0483-05cf-4995-bd71-cf372f13a4771679657991438-LOUIS-STITCH-Men-Slim-Fit-Light-Fade-Stretchable-Jeans-30516-1.jpg,https://www.myntra.com/jeans/louis-stitch/louis-stitch-men-blue-slim-fit-light-fade-stretchable-jeans/22368776/buy
myntra,21513090,Men,Shirts,Celio,Celio Men Classic Cotton Formal Shirt,3299,3299,,4.4,9.0,,https://assets.myntassets.com/assets/images/21513090/2023/3/2/e9a0c16a-04d4-4137-b8d5-be20adfa48151677746235660-Celio-Men-Classic-Cotton-Formal-Shirt-6301677746235131-1.jpg,https://www.myntra.com/shirts/celio/celio-men-classic-cotton-formal-shirt/21513090/buy
myntra,20248580,Men,Tshirts,Kook N Keech Marvel,Kook N Keech Marvel Men Black Typography Printed T-shirt,404,899,55,4.1,12.0,Black,https://assets.myntassets.com/assets/images/20248580/2022/10/3/e2b1ac92-17c2-427a-8b1f-127fe083f9701664792441733KookNKeechMarvelMenBlackTypographyPrintedAppliqueT-shirt1.jpg,https://www.myntra.com/tshirts/kook-n-keech-marvel/kook-n-keech-marvel-men-black-typography-printed-t-shirt/20248580/buy
myntra,12768856,Men,Sherwani,KISAH,KISAH Men Cream-Coloured & Green Sherwani Set,4199,9999,58,0.0,0.0,Green,https://assets.myntassets.com/assets/images/productimage/2020/10/16/6aeded76-4b3b-467d-a1ca-2917ce5766181602804819693-1.jpg,https://www.myntra.com/sherwani/kisah/kisah-men-cream-coloured--green-sherwani-set/12768856/buy
myntra,20775878,Men,Track Pants,Hubberholme,Hubberholme Men Navy Blue Solid Joggers,319,999,68,4.0,455.0,Navy Blue,https://assets.myntassets.com/assets/images/20775878/2022/11/16/707d31be-4c78-416d-9e70-1c7202a9dc191668600029081TrackPants1.jpg,https://www.myntra.com/track-pants/hubberholme/hubberholme-men-navy-blue-solid-joggers/20775878/buy
myntra,17858588,Men,Shirts,Louis Philippe,Louis Philippe Men Purple Solid Classic Fit Formal Pure Cotton Shirt,1539,2199,30,4.1,232.0,Purple,https://assets.myntassets.com/assets/images/17858588/2022/4/26/94d0bdd1-7ccf-47c2-89c7-593fa89d529c1650960531532-Louis-Philippe-Men-Shirts-9831650960530978-1.jpg,https://www.myntra.com/shirts/louis-philippe/louis-philippe-men-purple-solid-classic-fit-formal-pure-cotton-shirt/17858588/buy
myntra,15018884,Men,Thermal Bottoms,VIMAL JONNEY,VIMAL JONNEY Men Pack Of 2 Striped Thermal Joggers,768,998,23,4.5,2.0,,https://assets.myntassets.com/assets/images/15018884/2021/8/4/9a869aa9-894b-4c5b-b3cd-9621bbeecd9d1628052919313VIMALJONNEY1.jpg,https://www.myntra.com/thermal-bottoms/vimal-jonney/vimal-jonney-men-pack-of-2-striped-thermal-joggers/15018884/buy
myntra,20098782,Men,Track Pants,HIGHLANDER,HIGHLANDER Men Mustard Yellow Printed Track Pants,475,1399,57,3.2,10.0,Mustard,https://assets.myntassets.com/assets/images/20098782/2022/9/20/f818701d-cc1a-41cd-bcc4-0b7b2894c29a1663682948037TrackPants1.jpg,https://www.myntra.com/track-pants/highlander/highlander-men-mustard-yellow-printed-track-pants-/20098782/buy
myntra,2113606,Men,Trunk,Van Heusen,Van Heusen Men Pack of 2 Solid Antibacterial Colour Fresh Trunks 10042,493,658,25,4.2,317.0,,https://assets.myntassets.com/assets/images/2113606/2022/11/21/4b866db7-7e69-4ac6-a1cb-66a33e2450e51669019699032VanHeusenMenAssortedPackof2AntibacterialTrunks100421.jpg,https://www.myntra.com/trunk/van-heusen/van-heusen-men-pack-of-2-solid-antibacterial-colour-fresh-trunks-10042/2113606/buy
myntra,17706436,Men,Shirts,KETCH,KETCH Men Green Slim Fit Printed Cotton Casual Shirt,377,1399,73,4.2,40.0,Green,https://assets.myntassets.com/assets/images/17706436/2022/7/13/07caaabd-a02e-486a-8ed9-9899347cbae81657686648839KETCHMenGreenSlimFitPrintedCottonCasualShirt1.jpg,https://www.myntra.com/shirts/ketch/ketch-men-green-slim-fit-printed-cotton-casual-shirt/17706436/buy
myntra,17666720,Men,Shirts,Cantabil,Cantabil Men Navy Blue Original Tartan Checks Semi Sheer Checked Casual Shirt,951,2799,66,3.8,9.0,Navy Blue,https://assets.myntassets.com/assets/images/17666720/2022/3/29/bbd3fa96-2579-4eeb-b417-12cc5d8866771648544718956CantabilMenNavyBlueOriginalTartanChecksSemiSheerCheckedCasua1.jpg,https://www.myntra.com/shirts/cantabil/cantabil-men-navy-blue-original-tartan-checks-semi-sheer-checked-casual-shirt/17666720/buy
myntra,17744624,Men,Shirts,DENNISON,DENNISON Men Cream-Coloured & Navy Blue Smart Slim Fit Printed Formal Shirt,624,2499,75,3.4,8.0,Navy Blue,https://assets.myntassets.com/assets/images/17744624/2022/4/14/dbe2c3b0-ae45-4d22-81e6-69da2cd321c71649918341567-Dennison-Mens-Cream-Printed-formal-Slim-fit-Shirt-1841649918-1.jpg,https://www.myntra.com/shirts/dennison/dennison-men-cream-coloured--navy-blue-smart-slim-fit-printed-formal-shirt/17744624/buy
myntra,17657046,Men,Track Pants,HIGHLANDER,HIGHLANDER Men Black Solid Slim-Fit Track Pants,540,949,43,4.1,492.0,Black,https://assets.myntassets.com/assets/images/17657046/2022/3/28/a5585984-f48b-478e-8fc7-b8967e81a0ae1648485663509HIGHLANDERMenBlackSolidSlim-FitTrackPants1.jpg,https://www.myntra.com/track-pants/highlander/highlander-men-black-solid-slim-fit-track-pants/17657046/buy
myntra,17655300,Men,Shirts,KETCH,KETCH Men Green Slim Fit Checked Casual Shirt,369,999,63,3.6,133.0,Green,https://assets.myntassets.com/assets/images/17655300/2022/3/28/a3858ace-6cd4-4dc7-ac3e-a0d3c0d14dc21648468956652KETCHMenGreenSlimFitCheckedCasualShirt1.jpg,https://www.myntra.com/shirts/ketch/ketch-men-green-slim-fit-checked-casual-shirt/17655300/buy
myntra,17571012,Men,Kurtas,indus route by Pantaloons,indus route by Pantaloons Men Teal Blue Ethnic Motifs Print Straight Kurta,584,1299,55,4.2,5.0,Blue,https://assets.myntassets.com/assets/images/17571012/2022/3/19/9281adcb-0051-4159-a16b-5ad84c77617f1647675011853indusroutebyPantaloonsMenTealChikankariKurta1.jpg,https://www.myntra.com/kurtas/indus-route-by-pantaloons/indus-route-by-pantaloons-men-teal-blue-ethnic-motifs-print-straight-kurta/17571012/buy
myntra,17719766,Men,Shirts,LINDBERGH,LINDBERGH Men Peach-Coloured Slim Fit Cotton Casual Shirt,1399,2799,50,0.0,0.0,Peach,https://assets.myntassets.com/assets/images/17719766/2022/8/4/7d83f599-c947-4a9f-8235-5ce966291f4e1659630427036LINDBERGHMenPeach-ColouredSlimFitCottonCasualShirt1.jpg,https://www.myntra.com/shirts/lindbergh/lindbergh-men-peach-coloured-slim-fit-cotton-casual-shirt/17719766/buy
myntra,17584408,Men,Sherwani,KISAH,KISAH Men Maroon & Black Solid Sherwani Set,4499,9999,55,3.4,9.0,Maroon,https://assets.myntassets.com/assets/images/17584408/2022/3/19/96fc3edd-badf-4eca-9f69-c89855d37f311647688590572KISAHMenMaroonBlackSolidSherwaniSet1.jpg,https://www.myntra.com/sherwani/kisah/kisah-men-maroon--black-solid-sherwani-set/17584408/buy
myntra,17699236,Men,Shirts,JAINISH,JAINISH Men Green Standard Pure Cotton Formal Shirt,584,1299,55,0.0,0.0,Green,https://assets.myntassets.com/assets/images/17699236/2022/3/31/b513b7f2-4016-47ec-a89e-f1015acb00891648696663561JAINISHMenGreenStandardFormalShirt1.jpg,https://www.myntra.com/shirts/jainish/jainish-men-green-standard-pure-cotton-formal-shirt/17699236/buy
myntra,17921086,Men,Shirts,U.S. Polo Assn. Denim Co.,U.S. Polo Assn. Denim Co. Men Green Slim Fit Checked Pure Cotton Casual Shirt,2599,2599,,3.8,25.0,Green,https://assets.myntassets.com/assets/images/17921086/2022/5/18/16062810-1529-47ef-8880-ccdb003c82771652877376486-U-S-Polo-Assn-Men-Green-Slim-Fit-Checked-Pure-Cotton-Casual--1.jpg,https://www.myntra.com/shirts/us-polo-assn-denim-co/us-polo-assn-denim-co-men-green-slim-fit-checked-pure-cotton-casual-shirt/17921086/buy
myntra,14971978,Men,Track Pants,HIGHLANDER,HIGHLANDER Men Charcoal Grey & White Typography Printed Slim-Fit Track Pants,389,949,36,4.1,299.0,Charcoal,https://assets.myntassets.com/assets/images/14971978/2021/7/29/0be2255f-fcdc-4211-8c12-6e54f76c0e831627548580466TrackPants1.jpg,https://www.myntra.com/track-pants/highlander/highlander-men-charcoal-grey--white-typography-printed-slim-fit-track-pants/14971978/buy
myntra,18074928,Men,Jeans,Levis,Levis Men Blue 511 Slim Fit Heavy Fade Stretchable Jeans,3199,3199,40,4.2,1522.0,Blue,https://assets.myntassets.com/assets/images/18074928/2022/9/22/c6ed6b27-1b3a-4a11-b0b5-97501d43ff8b1663838437266-Levis-Men-Blue-511-Slim-Fit-Heavy-Fade-Stretchable-Jeans-941-1.jpg,https://www.myntra.com/jeans/levis/levis-men-blue-511-slim-fit-heavy-fade-stretchable-jeans/18074928/buy
myntra,18821700,Men,Trousers,Tommy Hilfiger,Tommy Hilfiger Men Beige Solid Joggers,4199,6999,40,4.0,4.0,Beige,https://assets.myntassets.com/assets/images/18821700/2022/12/9/d590ab39-3b5e-4081-8ca6-21c252872b991670564994155-Tommy-Hilfiger-Men-Beige-Solid-Joggers-8011670564993410-1.jpg,https://www.myntra.com/trousers/tommy-hilfiger/tommy-hilfiger-men-beige-solid-joggers-/18821700/buy
myntra,18066284,Men,Tshirts,Cantabil,Cantabil Men Mustard Yellow Typography Printed T-shirt,559,1599,65,3.8,5.0,Mustard,https://assets.myntassets.com/assets/images/18066284/2022/4/28/64b62171-b503-414e-a9d1-70d9c045fb061651120503513CantabilMenMustardYellowTypographyPrintedT-shirt1.jpg,https://www.myntra.com/tshirts/cantabil/cantabil-men-mustard-yellow-typography-printed-t-shirt/18066284/buy
myntra,17550742,Men,Tshirts,MASCLN SASSAFRAS,MASCLN SASSAFRAS Men White Pocket Regular T-Shirt,629,1399,55,3.3,6.0,White,https://assets.myntassets.com/assets/images/17550742/2022/3/16/bd3d50b8-7068-4350-9c36-cd74369666291647423939136MASCLNSASSAFRASMenWhiteT-shirt1.jpg,https://www.myntra.com/tshirts/mascln-sassafras/mascln-sassafras-men-white-pocket-regular-t-shirt/17550742/buy
myntra,17705902,Men,Shirts,HIGHLANDER,HIGHLANDER Men Black Slim Fit Printed Cotton Casual Shirt,402,1149,56,3.4,23.0,Black,https://assets.myntassets.com/assets/images/17705902/2022/3/31/fd2f31cf-95dc-4a0c-8ca8-b0fac08dd3821648721339626HIGHLANDERMenBlackSlimFitPrintedCasualShirt1.jpg,https://www.myntra.com/shirts/highlander/highlander-men-black-slim-fit-printed-cotton-casual-shirt/17705902/buy
myntra,17665466,Men,Shirts,Kuons Avenue,Kuons Avenue Men Blue Smart Slim Fit Checked Cotton Denim Casual Shirt,1299,2999,56,0.0,0.0,Blue,https://assets.myntassets.com/assets/images/17665466/2022/3/29/969d2c34-b596-49de-b8cb-bc51155d1cba1648529902626KuonsAvenueMenYellowSmartSlimFitCheckedCasualShirt1.jpg,https://www.myntra.com/shirts/kuons-avenue/kuons-avenue-men-blue-smart-slim-fit-checked-cotton-denim-casual-shirt/17665466/buy
myntra,17665470,Men,Shirts,Kuons Avenue,Kuons Avenue Men Orange Smart Slim Fit Checked Casual Shirt,1299,2999,56,0.0,0.0,Orange,https://assets.myntassets.com/assets/images/17665470/2022/3/29/cc1ff197-1c31-43a9-a36b-551a740b7aa11648537306398KuonsAvenueMenOrangeSmartSlimFitCheckedCasualShirt1.jpg,https://www.myntra.com/shirts/kuons-avenue/kuons-avenue-men-orange-smart-slim-fit-checked-casual-shirt/17665470/buy
myntra,17657098,Men,Shirts,HIGHLANDER,HIGHLANDER Men Navy Blue Slim Fit Windowpane Checked Casual Shirt,553,1349,55,4.2,127.0,Navy Blue,https://assets.myntassets.com/assets/images/17657098/2022/3/28/6b0ad39c-789f-4418-8776-00c5c1f01adf1648476044517HIGHLANDERMenNavyBlueSlimFitWindowpaneChecksCheckedCasualShi1.jpg,https://www.myntra.com/shirts/highlander/highlander-men-navy-blue-slim-fit-windowpane-checked-casual-shirt/17657098/buy
myntra,12849588,Men,Tshirts,Adobe,Adobe Men Navy Blue Solid Polo Collar T-shirt,557,1799,69,3.9,19.0,Navy Blue,https://assets.myntassets.com/assets/images/productimage/2020/10/30/47727fc1-1b94-4ce6-b483-d5e50f07ec8e1603998011961-1.jpg,https://www.myntra.com/tshirts/adobe/adobe-men-navy-blue-solid-polo-collar-t-shirt/12849588/buy
myntra,20227066,Men,Tshirts,BESIMPLE,BESIMPLE Men Solid Round Neck Regular Fit T-shirt,599,700,14,0.0,0.0,,https://assets.myntassets.com/assets/images/20227066/2022/9/30/a0bf9721-485c-48c2-8da7-ac2848123ab51664505684508BESIMPLEMenNavyBlueRoundNeckT-shirt1.jpg,https://www.myntra.com/tshirts/besimple/besimple-men-solid-round-neck-regular-fit-t-shirt/20227066/buy
myntra,2113601,Men,Trunk,Van Heusen,Van Heusen Men Multicolour Pack of 2 Solid Antibacterial Colour Fresh Trunks,678,678,,4.2,21.0,Multicolour,https://assets.myntassets.com/assets/images/2113601/2022/11/21/ba764a1d-f55c-4cb2-9baa-0bd67906a7dc1669019648790VanHeusenMenAssortedPackof2AntibacterialTrunks100421.jpg,https://www.myntra.com/trunk/van-heusen/van-heusen-men-multicolour-pack-of-2-solid-antibacterial-colour-fresh-trunks/2113601/buy
myntra,20818862,Men,Tshirts,AUSTIVO,AUSTIVO Men Grey & White Colourblocked Polo Collar T-shirt,539,1799,70,4.1,15.0,White,https://assets.myntassets.com/assets/images/20818862/2022/11/19/8bbb934b-1c88-4a77-9683-470563eb3e481668837667722AUSTIVOMenMulticolouredPoloCollarAppliqueT-shirt1.jpg,https://www.myntra.com/tshirts/austivo/austivo-men-grey--white-colourblocked-polo-collar-t-shirt/20818862/buy
myntra,21202364,Men,Track Pants,HRX by Hrithik Roshan,HRX by Hrithik Roshan Men Regular Fit Typography Lifestyle Joggers,644,1499,57,4.0,304.0,,https://assets.myntassets.com/assets/images/21202364/2022/12/21/5a3a6f4b-e04f-4b99-9496-b72f012649e51671606267462-HRX-by-Hrithik-Roshan-Regular-Fit-Charcoal-Mens-Lifestyle-Jo-1.jpg,https://www.myntra.com/track-pants/hrx-by-hrithik-roshan/hrx-by-hrithik-roshan-men-regular-fit-typography-lifestyle-joggers/21202364/buy
myntra,13455248,Men,Shawl,MAXENCE,MAXENCE Men Brown & Black Printed Shawl,3299,3299,,3.8,10.0,Black,https://assets.myntassets.com/assets/images/productimage/2021/1/18/eb969cad-4e28-4703-b985-73eb89d4944c1610947248188-1.jpg,https://www.myntra.com/shawl/maxence/maxence-men-brown--black-printed-shawl/13455248/buy
myntra,17732896,Men,Shirts,HIGHLANDER,HIGHLANDER Men Blue Slim Fit Printed Casual Shirt,440,1049,58,4.2,35.0,Blue,https://assets.myntassets.com/assets/images/17732896/2022/4/1/6efd4aa0-66ee-4038-9809-f4acb74da2441648827411692HIGHLANDERMenBlueSlimFitPrintedCasualShirt1.jpg,https://www.myntra.com/shirts/highlander/highlander-men-blue-slim-fit-printed-casual-shirt/17732896/buy
myntra,17666656,Men,Shirts,Cantabil,Cantabil Men Yellow Original Semi Sheer Printed Casual Shirt,747,2199,66,4.3,7.0,Yellow,https://assets.myntassets.com/assets/images/17666656/2022/3/29/54847adf-d394-47d9-840f-b10022ea59d51648544746891CantabilMenYellowOriginalSemiSheerPrintedCasualShirt1.jpg,https://www.myntra.com/shirts/cantabil/cantabil-men-yellow-original-semi-sheer-printed-casual-shirt/17666656/buy
myntra,21086854,Men,Tshirts,Calvin Klein Jeans,Calvin Klein Jeans Men Pure Cotton T-shirt,1679,2799,40,3.7,67.0,,https://assets.myntassets.com/assets/images/21086854/2022/12/13/8712c469-ef9e-4e66-b3e4-f2ead9c4c52d1670932369607-Calvin-Klein-Jeans-Men-Tshirts-7681670932369091-1.jpg,https://www.myntra.com/tshirts/calvin-klein-jeans/calvin-klein-jeans-men-pure-cotton-t-shirt/21086854/buy
myntra,15518750,Men,Track Pants,HIGHLANDER,HIGHLANDER Men Navy Blue & Orange Colourblocked Slim-Fit Track Pants,949,949,47,3.8,437.0,Navy Blue,https://assets.myntassets.com/assets/images/15518750/2021/9/17/da05a4f9-f4a1-43f3-932a-a555190722bc1631887320175TrackPants1.jpg,https://www.myntra.com/track-pants/highlander/highlander-men-navy-blue--orange-colourblocked-slim-fit-track-pants/15518750/buy
myntra,15489168,Men,Shirts,Indian Terrain,Indian Terrain Men Pure Cotton Slim Fit Checked Casual Shirt,974,2499,55,4.3,12.0,,https://assets.myntassets.com/assets/images/15489168/2022/12/15/8c7f2640-8feb-4176-8d9f-0e5cc0bb97bb1671075991912-Indian-Terrain-Men-Pure-Cotton-Slim-Fit-Checked-Casual-Shirt-1.jpg,https://www.myntra.com/shirts/indian-terrain/indian-terrain-men-pure-cotton-slim-fit-checked-casual-shirt/15489168/buy
myntra,15488454,Men,Shirts,Indian Terrain,Indian Terrain Men White Slim Fit Printed Casual Shirt,839,2099,55,4.1,22.0,White,https://assets.myntassets.com/assets/images/15488454/2022/9/23/95226212-793f-4f8a-adcc-6c1fc0542ed01663911923941IndianTerrainMenWhiteSlimFitPrintedCasualShirt1.jpg,https://www.myntra.com/shirts/indian-terrain/indian-terrain-men-white-slim-fit-printed-casual-shirt/15488454/buy
myntra,17963192,Men,Track Pants,SHOWOFF,SHOWOFF Men Black Solid Slim-Fit Track Pants,1750,4375,60,0.0,0.0,Black,https://assets.myntassets.com/assets/images/17963192/2022/4/21/001eba70-b03c-46a7-975e-be78711302101650513810462TrackPants1.jpg,https://www.myntra.com/track-pants/showoff/showoff-men-black-solid-slim-fit-track-pants/17963192/buy
myntra,18066268,Men,Tshirts,Cantabil,Cantabil Men Navy Blue Typography Printed T-shirt,559,1599,65,0.0,0.0,Navy Blue,https://assets.myntassets.com/assets/images/18066268/2022/4/28/902f32d5-b161-462b-9073-d34788969ac01651117545286CantabilMenNavyBlueTypographyPrintedT-shirt1.jpg,https://www.myntra.com/tshirts/cantabil/cantabil-men-navy-blue-typography-printed-t-shirt/18066268/buy
myntra,22368736,Men,Jeans,LOUIS STITCH,LOUIS STITCH Men Relaxed Fit Light Fade Stretchable Jeans,2519,6999,64,4.7,7.0,,https://assets.myntassets.com/assets/images/22368736/2023/3/24/b23620ad-7d00-4ad4-ac2d-62f2e3e6fa2c1679657777713-LOUIS-STITCH-Men-Relaxed-Fit-Light-Fade-Stretchable-Jeans-86-1.jpg,https://www.myntra.com/jeans/louis-stitch/louis-stitch-men-blue-relaxed-fit-low-distress-light-fade-stretchable-jeans/22368736/buy
myntra,21218516,Men,Shirts,Excalibur,Excalibur Men Slim Fit Checked Formal Shirt,416,1190,65,3.8,24.0,,https://assets.myntassets.com/assets/images/21218516/2023/1/27/ab7ad0f2-a285-44eb-b72b-15a43c4d8eb31674799076288-Excalibur-Men-Slim-Fit-Checked-Formal-Shirt-7881674799075668-1.jpg,https://www.myntra.com/shirts/excalibur/excalibur-men-slim-fit-checked-formal-shirt/21218516/buy
myntra,21058766,Men,Shirts,Kuons Avenue,Kuons Avenue Men Cotton Smart Slim Fit Checked Casual Shirt,1299,2999,56,0.0,0.0,,https://assets.myntassets.com/assets/images/21058766/2022/12/3/37ccdb33-00b3-41fb-a932-4566df1104a61670067217112KuonsAvenueMensDenimCasualShirt1.jpg,https://www.myntra.com/shirts/kuons-avenue/kuons-avenue-men-cotton-smart-slim-fit-checked-casual-shirt/21058766/buy
myntra,17665464,Men,Shirts,Kuons Avenue,Kuons Avenue Men Green Smart Slim Fit Checked Casual Shirt,1299,2999,56,0.0,0.0,Green,https://assets.myntassets.com/assets/images/17665464/2022/3/29/583f81d7-87d2-4e98-9c2d-b8d62cd62c081648534389346KuonsAvenueMenGreenSmartSlimFitCheckedCasualShirt1.jpg,https://www.myntra.com/shirts/kuons-avenue/kuons-avenue-men-green-smart-slim-fit-checked-casual-shirt/17665464/buy
myntra,17666710,Men,Shirts,Cantabil,Cantabil Men White Original Semi Sheer Casual Shirt,747,2199,66,4.1,14.0,White,https://assets.myntassets.com/assets/images/17666710/2022/3/29/a499bdde-0cf8-41e7-9255-34b6e5c874621648539314598CantabilMenWhiteOriginalSemiSheerCasualShirt1.jpg,https://www.myntra.com/shirts/cantabil/cantabil-men-white-original-semi-sheer-casual-shirt/17666710/buy
myntra,17655310,Men,Shirts,KETCH,KETCH Men Beige Slim Fit Tartan Checks Checked Casual Shirt,419,999,55,3.8,738.0,Beige,https://assets.myntassets.com/assets/images/17655310/2022/3/28/a21d5c56-45aa-4e3e-917c-e90f5bcd46dc1648468810900KETCHMenBeigeSlimFitTartanChecksCheckedCasualShirt1.jpg,https://www.myntra.com/shirts/ketch/ketch-men-beige-slim-fit-tartan-checks-checked-casual-shirt/17655310/buy
myntra,17655282,Men,Shirts,KETCH,KETCH Men Blue Slim Fit Checked Casual Shirt,469,999,53,3.6,886.0,Blue,https://assets.myntassets.com/assets/images/17655282/2022/3/28/bfdd2d07-0266-447b-b704-ddb182228bad1648468929143KETCHMenBlueSlimFitCheckedCasualShirt1.jpg,https://www.myntra.com/shirts/ketch/ketch-men-blue-slim-fit-checked-casual-shirt/17655282/buy
myntra,12740318,Men,Shirts,JAINISH,JAINISH Men Black & White Regular Fit Checked Casual Shirt,584,1499,61,3.3,25.0,Black,https://assets.myntassets.com/assets/images/productimage/2020/10/15/76cc1c7d-99ae-4bea-bde1-81c687394aa51602713367717-1.jpg,https://www.myntra.com/shirts/jainish/jainish-men-black--white-regular-fit-checked-casual-shirt/12740318/buy
myntra,15465820,Men,Kurtas,indus route by Pantaloons,indus route by Pantaloons Men Orange Solid Mandarin Collar Straight Kurta,899,899,,3.9,11.0,Orange,https://assets.myntassets.com/assets/images/15465820/2021/9/15/44fe5ad3-01f7-47df-a458-7cf287434f4d1631696503196indusroutebyPantaloonsMenRustThreadWorkKurta1.jpg,https://www.myntra.com/kurtas/indus-route-by-pantaloons/indus-route-by-pantaloons-men-orange-solid-mandarin-collar-straight-kurta/15465820/buy
myntra,14978318,Men,Track Pants,Flying Machine,Flying Machine Men White Solid Joggers,1099,2199,50,4.1,17.0,White,https://assets.myntassets.com/assets/images/14978318/2021/8/26/ecab1db2-770d-4d12-bfef-063bd0b576931629957714055-Mens-6040-Pc-Double-Dyed-Regular-White-Trackpants-6981629957-1.jpg,https://www.myntra.com/track-pants/flying-machine/flying-machine-men-white-solid-joggers/14978318/buy
myntra,2113604,Men,Trunk,Van Heusen,Van Heusen Men Multicolour Pack of 2 Solid Anti Bacterial Colour Fresh Trunks,493,658,25,4.2,88.0,Multicolour,https://assets.myntassets.com/assets/images/2113604/2022/11/21/2f3f59e9-8d75-4245-992b-fe68199730b51669019760199VanHeusenMenGreyPackof2AntibacterialTrunks100421.jpg,https://www.myntra.com/trunk/van-heusen/van-heusen-men-multicolour-pack-of-2-solid-anti-bacterial-colour-fresh-trunks/2113604/buy
myntra,20098784,Men,Track Pants,HIGHLANDER,HIGHLANDER Men Grey Printed Track Pants,599,1399,57,2.9,41.0,Grey,https://assets.myntassets.com/assets/images/20098784/2023/3/3/eb61fc22-b435-4fe2-9864-3db758876fda1677827020645-HIGHLANDER-Men-Grey-Printed-Track-Pants-4781677827020266-1.jpg,https://www.myntra.com/track-pants/highlander/highlander-men-grey-printed-track-pants/20098784/buy
myntra,19879142,Men,Track Pants,Ajile by Pantaloons,Ajile by Pantaloons Men Grey Melange Solid Slim-fit Joggers,608,1149,47,4.2,18.0,Grey,https://assets.myntassets.com/assets/images/19879142/2023/5/25/d135c218-d9ef-4fa6-9c85-109a7b469ef21685010810409AjilebyPantaloonsMenGreyMelangeSolidSlim-fitJoggers1.jpg,https://www.myntra.com/track-pants/ajile-by-pantaloons/ajile-by-pantaloons-men-grey-melange-solid-slim-fit-joggers/19879142/buy
myntra,21139750,Men,Trousers,Allen Solly Sport,Allen Solly Sport Men Cotton Slim Fit Trousers,1149,2299,40,4.3,38.0,,https://assets.myntassets.com/assets/images/21139750/2022/12/9/8c712a48-6637-4b62-8fa1-fd3a7cfa3a911670584124619MenOliveSlimFitSolidCasualTrousers1.jpg,https://www.myntra.com/trousers/allen-solly-sport/allen-solly-sport-men-cotton-slim-fit-trousers/21139750/buy
myntra,15203080,Men,Tshirts,Louis Philippe Jeans,Louis Philippe Jeans Men White & Black Typography Printed T-shirt,779,1299,40,4.4,932.0,Black,https://assets.myntassets.com/assets/images/15203080/2023/9/28/64df3a42-b252-4c45-af48-78de688b7e3e1695897484191LouisPhilippeJeansMenWhiteBlackTypographyPrintedT-shirt1.jpg,https://www.myntra.com/tshirts/louis-philippe-jeans/louis-philippe-jeans-men-white--black-typography-printed-t-shirt/15203080/buy
myntra,21225646,Men,Lounge Pants,HIGHLANDER,HIGHLANDER Men Checked Mid-Rise Lounge Pants,499,799,59,3.4,58.0,,https://assets.myntassets.com/assets/images/21225646/2022/12/17/0b458c21-80da-45b2-8f71-4e98836ecf481671258074267HIGHLANDERMenCheckedLoungePants1.jpg,https://www.myntra.com/lounge-pants/highlander/highlander-men-checked-mid-rise-lounge-pants/21225646/buy
myntra,17657096,Men,Track Pants,HIGHLANDER,HIGHLANDER Men Black Solid Slim-Fit Track Pant,483,949,36,4.2,396.0,Black,https://assets.myntassets.com/assets/images/17657096/2022/3/28/c201332a-b03e-4367-845e-875994892c8f1648472331859TrackPants1.jpg,https://www.myntra.com/track-pants/highlander/highlander-men-black-solid-slim-fit-track-pant/17657096/buy
myntra,17657056,Men,Track Pants,HIGHLANDER,HIGHLANDER Men Black Solid Slim Fit Track Pants,540,949,42,3.9,416.0,Black,https://assets.myntassets.com/assets/images/17657056/2022/3/28/c1faec9c-dead-40be-a268-fe2b3e5826201648474569481TrackPants1.jpg,https://www.myntra.com/track-pants/highlander/highlander-men-black-solid-slim-fit-track-pants/17657056/buy
myntra,17625690,Men,Sherwani,DEYANN,DEYANN Men Turquoise Blue & Navy Blue Ethnic Motifs Printed Sherwani With Dhoti Pants,2966,8990,67,4.2,6.0,Navy Blue,https://assets.myntassets.com/assets/images/17625690/2022/3/24/efe3cd5a-1944-44ef-ab07-35c5c10b7c9c1648099388457DEYANNMensSkyBlueColorSherwaniwithPatialaSet1.jpg,https://www.myntra.com/sherwani/deyann/deyann-men-turquoise-blue--navy-blue-ethnic-motifs-printed-sherwani-with-dhoti-pants/17625690/buy
myntra,17657072,Men,Track Pants,HIGHLANDER,HIGHLANDER Men Navy Blue Solid Slim-Fit Track Pants,545,1049,48,3.7,444.0,Navy Blue,https://assets.myntassets.com/assets/images/17657072/2022/3/28/c8d18c4d-c04c-4def-87f7-62c7869ddd181648472786895TrackPants1.jpg,https://www.myntra.com/track-pants/highlander/highlander-men-navy-blue-solid-slim-fit-track-pants/17657072/buy
myntra,21164628,Men,Shirts,bigbanana,bigbanana Men Plus Size Printed Casual Cotton Shirt,971,2699,64,4.6,9.0,,https://assets.myntassets.com/assets/images/21164628/2022/12/12/50a8c541-9325-4fd1-80d0-0b0e03a512bc1670856450841bigbananaBrolinMenPlusSizePrintedMultiShirt1.jpg,https://www.myntra.com/shirts/bigbanana/bigbanana-men-plus-size-printed-casual-cotton-shirt/21164628/buy
myntra,18064312,Men,Tshirts,FOREVER 21,FOREVER 21 Men Beige Printed T-shirt,559,699,20,3.8,16.0,Beige,https://assets.myntassets.com/assets/images/18064312/2022/4/28/2e50d247-5264-41ca-847c-b910c65016a41651087129751FOREVER21MenBeigePrintedAppliqueT-shirt1.jpg,https://www.myntra.com/tshirts/forever-21/forever-21-men-beige-printed-t-shirt/18064312/buy
myntra,16696092,Men,Trunk,Van Heusen,Van Heusen Men Colour Fresh Elasticized Waistband Trunks,344,479,13,3.9,10.0,,https://assets.myntassets.com/assets/images/16696092/2022/11/30/0eaf0264-efb5-40ec-bc98-69799801c3471669787636018-Van-Heusen-Men-Trunk-2321669787635595-1.jpg,https://www.myntra.com/trunk/van-heusen/van-heusen-men-colour-fresh-elasticized-waistband-trunks/16696092/buy
myntra,14699328,Men,Shirts,FOREVER 21,FOREVER 21 Men Green Checked Casual Shirt,519,1299,60,4.4,14.0,Green,https://assets.myntassets.com/assets/images/productimage/2021/6/30/27f17f6c-dd44-4ab0-b3c4-1e7b80104d9c1625050028804-1.jpg,https://www.myntra.com/shirts/forever-21/forever-21-men-green-checked-casual-shirt/14699328/buy
myntra,21329410,Men,Shirts,JAINISH,JAINISH Men Black Classic Gingham Checks Checked Casual Shirt,584,1499,61,0.0,0.0,Black,https://assets.myntassets.com/assets/images/21329410/2022/12/28/14b7c18f-3828-4956-9693-2dd603bbaaae1672205880039CheckedCasualShirt1.jpg,https://www.myntra.com/shirts/jainish/jainish-men-black-classic-gingham-checks-checked-casual-shirt/21329410/buy
myntra,21446628,Men,Shirts,Cantabil,Cantabil Men Grid Tattersall Checked Formal Shirt,967,2199,56,4.8,5.0,,https://assets.myntassets.com/assets/images/21446628/2023/1/6/55ff868a-11a8-4009-9865-06210ede0a481673020357220Shirts1.jpg,https://www.myntra.com/shirts/cantabil/cantabil-men-grid-tattersall-checked-formal-shirt/21446628/buy
myntra,21472094,Men,Shirts,HIGHLANDER,HIGHLANDER Men Grey Slim Fit Checked Casual Shirt,515,2149,69,4.1,53.0,Grey,https://assets.myntassets.com/assets/images/21472094/2023/1/9/71196a99-e114-4ef2-bb51-a4cdb44f00161673260140622Shirts1.jpg,https://www.myntra.com/shirts/highlander/highlander-men-grey-slim-fit-checked-casual-shirt/21472094/buy
myntra,21467096,Men,Shirts,DEZANO,DEZANO Men Black Smart Faded Faded Casual Shirt,1499,1999,25,3.6,7.0,Black,https://assets.myntassets.com/assets/images/21467096/2023/1/24/0b445cac-255e-45c6-ba95-6075471889141674546437492-DEZANO-Men-Shirts-4181674546436845-1.jpg,https://www.myntra.com/shirts/dezano/dezano-men-black-smart-faded-faded-casual-shirt/21467096/buy
myntra,21225690,Men,Shirts,KETCH,KETCH Men Slim Fit Casual Shirt,527,1649,68,3.9,25.0,,https://assets.myntassets.com/assets/images/21225690/2022/12/16/0e43656b-3297-469d-9706-3d47320e87d01671214011657KETCHMenPurpleSlimFitCasualShirt1.jpg,https://www.myntra.com/shirts/ketch/ketch-men-slim-fit-casual-shirt/21225690/buy
myntra,21491180,Men,Shirts,Arrow,Arrow Men Slim Fit Tartan Checks Casual Pure Cotton Shirt,1214,2699,55,5.0,3.0,,https://assets.myntassets.com/assets/images/21491180/2023/1/11/daba7b69-14b4-457e-919f-b36749bad1dc1673383734491ArrowMenGreySlimFitWindowpaneChecksCheckedCasualShirt1.jpg,https://www.myntra.com/shirts/arrow/arrow-men-slim-fit-tartan-checks-casual-pure-cotton-shirt/21491180/buy
myntra,17571024,Men,Kurtas,indus route by Pantaloons,indus route by Pantaloons Men Turquoise Blue Kurta,699,699,,4.0,47.0,Turquoise,https://assets.myntassets.com/assets/images/17571024/2022/3/17/2bcb0040-6619-4404-98d9-0c3073a924ea1647523704856indusroutebyPantaloonsMenTurquoiseBlueThreadWorkKurta1.jpg,https://www.myntra.com/kurtas/indus-route-by-pantaloons/indus-route-by-pantaloons-men-turquoise-blue-kurta/17571024/buy
myntra,12696716,Men,Shirts,Hancock,Hancock Men Black Slim Fit Solid Casual Shirt,664,1899,65,4.2,14.0,Black,https://assets.myntassets.com/assets/images/productimage/2020/10/9/3b1b43f0-f2e0-4f42-93d9-b65ceed5b65a1602196219431-1.jpg,https://www.myntra.com/shirts/hancock/hancock-men-black-slim-fit-solid-casual-shirt/12696716/buy
myntra,12694660,Men,Shirts,Hangup,Hangup Men White & Red Slim Fit Printed Casual Shirt,499,1999,75,4.0,11.0,White,https://assets.myntassets.com/assets/images/productimage/2020/10/9/44ce8558-2ed1-40fb-9524-53cd74de6e751602195243976-1.jpg,https://www.myntra.com/shirts/hangup/hangup-men-white--red-slim-fit-printed-casual-shirt/12694660/buy
myntra,17927448,Men,Trousers,BYFORD by Pantaloons,BYFORD by Pantaloons Men Blue Slim Fit Low-Rise Formal Trousers,779,1299,40,2.6,5.0,Blue,https://assets.myntassets.com/assets/images/17927448/2022/4/20/c007337d-e61c-4775-96c4-1323143078671650446314915BYFORDbyPantaloonsMenBlueSlimFitLow-RiseTrousers1.jpg,https://www.myntra.com/trousers/byford-by-pantaloons/byford-by-pantaloons-men-blue-slim-fit-low-rise-formal-trousers/17927448/buy
myntra,11724362,Men,Kurtas,even,even Men Blue Solid Straight Kurta,678,1695,60,3.8,26.0,Blue,https://assets.myntassets.com/assets/images/productimage/2020/3/18/5a753810-2529-47f1-8800-b05db25b0b0b1584487570673-1.jpg,https://www.myntra.com/kurtas/even/even-men-blue-solid-straight-kurta/11724362/buy
myntra,11738804,Men,Shirts,Mast & Harbour,Mast & Harbour Men Navy Blue and Black Floral Printed Pure Cotton Casual Sustainable Shirt,683,1799,50,4.1,1488.0,Navy Blue,https://assets.myntassets.com/assets/images/11738804/2020/6/2/e23b6395-e04b-4cf1-b320-e7c533246a751591096607897HEREampNOWWomenPinkampBluePrintedTopShirtsMastHarbourMenShir1.jpg,https://www.myntra.com/shirts/mast--harbour/mast--harbour-men-navy-blue-and-black-floral-printed-pure-cotton-casual-sustainable-shirt/11738804/buy
myntra,11709596,Men,Kurtas,even,even Men Yellow Solid Straight Kurta,678,1695,60,3.8,24.0,Yellow,https://assets.myntassets.com/assets/images/productimage/2020/3/15/1ac70b36-c163-4b3e-b77b-674b80fe96e01584221997257-1.jpg,https://www.myntra.com/kurtas/even/even-men-yellow-solid-straight-kurta/11709596/buy
myntra,19917258,Men,Track Pants,Dpassion,Dpassion Men Black Solid Running Track Pants,1999,1999,72,3.1,23.0,Black,https://assets.myntassets.com/assets/images/19917258/2022/9/13/6545c707-2e73-4e73-bf44-f6aabaf9086a1663065097143TrackPants2.jpg,https://www.myntra.com/track-pants/dpassion/dpassion-men-black-solid-rapid-dry-running-track-pants/19917258/buy
myntra,17669226,Men,Shirts,GANT,GANT Men Blue Striped Casual Shirt,3999,7999,50,4.6,8.0,Blue,https://assets.myntassets.com/assets/images/17669226/2022/4/19/ee786de1-43af-4950-ac89-74e84b6d391c1650353290367GANTMenBlueStripedCasualShirt1.jpg,https://www.myntra.com/shirts/gant/gant-men-blue-striped-casual-shirt/17669226/buy
myntra,17669192,Men,Shirts,GANT,GANT Men Multicoloured Tartan Checked Button-Down Collar Cotton Casual Shirt,4199,6999,50,4.2,61.0,,https://assets.myntassets.com/assets/images/17669192/2022/3/29/93b01e4f-c36e-4066-ad58-505bcd0f6c271648547867079GANTMenMulticolouredTartanChecksCheckedCasualShirt1.jpg,https://www.myntra.com/shirts/gant/gant-men-multicoloured-tartan-checked-button-down-collar-cotton-casual-shirt/17669192/buy
myntra,17666748,Men,Shirts,Canary London,Canary London Men Blue Smart Slim Fit Casual Shirt,874,2499,65,0.0,0.0,Blue,https://assets.myntassets.com/assets/images/17666748/2022/3/29/4d1f443c-71fa-4b70-9268-96c529b9d0a41648540696552CanaryLondonMenBlueSmartSlimFitCasualShirt1.jpg,https://www.myntra.com/shirts/canary-london/canary-london-men-blue-smart-slim-fit-casual-shirt/17666748/buy
myntra,17706448,Men,Shirts,KETCH,KETCH Men White & Navy Blue Slim Fit Printed Cotton Casual Shirt,499,1249,60,2.6,5.0,Navy Blue,https://assets.myntassets.com/assets/images/17706448/2022/3/31/07d32cf8-2d37-4867-ba58-66ad1d306bb31648721264082KETCHMenWhiteSlimFitPrintedCasualShirt1.jpg,https://www.myntra.com/shirts/ketch/ketch-men-white--navy-blue-slim-fit-printed-cotton-casual-shirt/17706448/buy
myntra,17680146,Men,Shirts,Allen Solly Sport,Allen Solly Sport Men Olive Green & Blue Reversible Cotton Casual Shirt,1374,2499,,4.0,17.0,Green,https://assets.myntassets.com/assets/images/17680146/2022/3/29/7ce4fdcf-f7ed-4749-994f-94ae75a596e91648572615833AllenSollySportMenOliveGreenCasualShirt1.jpg,https://www.myntra.com/shirts/allen-solly-sport/allen-solly-sport-men-olive-green--blue-reversible-cotton-casual-shirt/17680146/buy
myntra,17655272,Men,Shirts,KETCH,KETCH Men Peach-Coloured Slim Fit Printed Casual Shirt,335,1399,76,4.1,86.0,Peach,https://assets.myntassets.com/assets/images/17655272/2022/3/28/250652b0-e15e-4a68-bab4-a48e2154b3fb1648467077919KETCHMenPeach-ColouredSlimFitPrintedCasualShirt1.jpg,https://www.myntra.com/shirts/ketch/ketch-men-peach-coloured-slim-fit-printed-casual-shirt/17655272/buy
myntra,17705906,Men,Shirts,HIGHLANDER,HIGHLANDER Men White Slim Fit Printed Casual Shirt,549,1299,57,4.2,106.0,White,https://assets.myntassets.com/assets/images/17705906/2022/3/31/c0a9139c-cef6-46e5-960b-8fd6d77e53221648723304157HIGHLANDERMenWhiteSlimFitFloralPrintedCasualShirt1.jpg,https://www.myntra.com/shirts/highlander/highlander-men-white-slim-fit-printed-casual-shirt/17705906/buy
myntra,17544418,Men,Shirts,Blackberrys,Blackberrys Men Olive Green Slim Fit Linen Casual Shirt,1956,2795,35,4.2,5.0,Green,https://assets.myntassets.com/assets/images/17544418/2022/3/16/17de0743-ee19-4c19-9ad8-e6bfff14234e1647371582887BlackberrysMenOliveGreenSlimFitCasualShirt1.jpg,https://www.myntra.com/shirts/blackberrys/blackberrys-men-olive-green-slim-fit-linen-casual-shirt/17544418/buy
myntra,17644098,Men,Shirts,Indo Era,Indo Era Men White & Blue Dyed Smart Cotton Casual Shirt,671,2399,72,3.0,8.0,White,https://assets.myntassets.com/assets/images/17644098/2022/4/12/28569012-b4d9-4bf1-b270-9b9225656a291649741941289-Indo-Era-White-Tie-Dye-Cotton-Curved-Shirts-2031649741940790-1.jpg,https://www.myntra.com/shirts/indo-era/indo-era-men-white--blue-dyed-smart-cotton-casual-shirt/17644098/buy
myntra,17699238,Men,Shirts,JAINISH,JAINISH Men Blue Standard Cotton Formal Shirt,584,1299,55,0.0,0.0,Blue,https://assets.myntassets.com/assets/images/17699238/2022/3/31/858238b8-f2ea-4b11-8f41-eb792202a2df1648697295800JAINISHMenBlueStandardFormalShirt1.jpg,https://www.myntra.com/shirts/jainish/jainish-men-blue-standard-cotton-formal-shirt/17699238/buy
myntra,17557142,Men,Track Pants,Flying Machine,Flying Machine Men Teal Blue Solid Joggers with Print Detailing,740,1899,61,3.9,42.0,Blue,https://assets.myntassets.com/assets/images/17557142/2022/5/6/8cf48ad1-e2fa-4501-bae9-ebcb604c49af1651827179891-Flying-Machine-Men-Teal-Blue-Solid-Joggers-with-Print-Detail-1.jpg,https://www.myntra.com/track-pants/flying-machine/flying-machine-men-teal-blue-solid-joggers-with-print-detailing/17557142/buy
myntra,21469592,Men,Shirts,Jack & Jones,Jack & Jones Men Slim Fit Colourblocked Casual Cotton Shirt,1319,3299,60,3.7,17.0,,https://assets.myntassets.com/assets/images/21469592/2023/1/9/f2c602f2-daf9-4031-a96b-c6ea1cee50721673253280614Shirts1.jpg,https://www.myntra.com/shirts/jack--jones/jack--jones-men-slim-fit-colourblocked-casual-cotton-shirt/21469592/buy
myntra,14668900,Men,Shawl,WEAVERS VILLA,WEAVERS VILLA Men Beige & Red Woven Design Detail Shawl,769,1399,45,4.4,44.0,Beige,https://assets.myntassets.com/assets/images/14668900/2021/7/22/6619008b-511c-41ea-8831-bee2b281df211626941223363-WEAVERS-VILLA-Men-Shawl-4061626941223098-1.jpg,https://www.myntra.com/shawl/weavers-villa/weavers-villa-men-beige--red-woven-design-detail-shawl/14668900/buy
myntra,18000482,Men,Track Pants,Duke,Duke Men Grey Melange Solid Cotton Track Pant,627,1045,,3.9,50.0,Grey,https://assets.myntassets.com/assets/images/18000482/2022/4/22/3a6512cd-27bd-4569-9d59-a22a47e2d0a31650641927319TrackPants1.jpg,https://www.myntra.com/track-pants/duke/duke-men-grey-melange-solid-cotton-track-pant/18000482/buy
myntra,19917252,Men,Track Pants,Dpassion,Dpassion Men Black Solid Track Pants,559,1999,72,3.9,35.0,Black,https://assets.myntassets.com/assets/images/19917252/2022/9/13/693b6d64-2dde-4a5d-a677-d2f30eb1df181663056517214TrackPants1.jpg,https://www.myntra.com/track-pants/dpassion/dpassion-men-black-solid-rapid-dry-track-pants/19917252/buy
myntra,12696706,Men,Shirts,Hancock,Hancock Men White Slim Fit Solid Casual Shirt,701,1899,63,4.1,19.0,White,https://assets.myntassets.com/assets/images/productimage/2020/10/9/ab93ab34-55d0-4d18-afd2-e5e875a9668d1602196761245-1.jpg,https://www.myntra.com/shirts/hancock/hancock-men-white-slim-fit-solid-casual-shirt/12696706/buy
myntra,15517938,Men,Shirts,HIGHLANDER,HIGHLANDER Men Lavender Slim Fit Tartan Checks Opaque Checked Casual Shirt,599,1499,60,3.7,316.0,Lavender,https://assets.myntassets.com/assets/images/15517938/2021/9/19/083382fa-a13b-4d60-9df4-ed18d00f103e1631989964602HIGHLANDERMenLavenderSlimFitTartanChecksOpaqueCheckedCasualS1.jpg,https://www.myntra.com/shirts/highlander/highlander-men-lavender-slim-fit-tartan-checks-opaque-checked-casual-shirt/15517938/buy
myntra,15488348,Men,Shirts,Indian Terrain,Indian Terrain Men White & Black Pure Cotton Slim Fit Checked Casual Shirt,1034,2299,55,4.3,28.0,Black,https://assets.myntassets.com/assets/images/15488348/2022/4/8/7dcbbec4-91ef-4a44-b1e6-614aa54cf9531649398967301IndianTerrainMenBeigeUrbanTaperedFitSelf-DesignTrousersShirt1.jpg,https://www.myntra.com/shirts/indian-terrain/indian-terrain-men-white--black-pure-cotton-slim-fit-checked-casual-shirt/15488348/buy
myntra,21192974,Men,Track Pants,Peter England,Peter England Men Colourblocked Track Pants,1399,1999,30,4.8,4.0,,https://assets.myntassets.com/assets/images/21192974/2022/12/14/0abd5687-2f5e-46f7-ba36-8faf325d6d041671018837275MenBluePrintCasualTrackPants1.jpg,https://www.myntra.com/track-pants/peter-england/peter-england-men-colourblocked-track-pants/21192974/buy
myntra,15203024,Men,Tshirts,Louis Philippe Jeans,Louis Philippe Jeans Men Black Typography Printed T-shirt,766,1299,41,4.5,1445.0,Black,https://assets.myntassets.com/assets/images/15203024/2021/9/15/be62f689-b1ef-4aa3-8698-2eb327654d971631709361225-Louis-Philippe-Jeans-Men-Tshirts-9091631709360786-1.jpg,https://www.myntra.com/tshirts/louis-philippe-jeans/louis-philippe-jeans-men-black-typography-printed-t-shirt/15203024/buy
myntra,17744604,Men,Shirts,DENNISON,DENNISON Men Navy Blue Smart Slim Fit Floral Printed Formal Shirt,649,2499,74,4.4,11.0,Navy Blue,https://assets.myntassets.com/assets/images/17744604/2022/4/14/dd581994-73e1-44ed-8ad5-2b7354db16531649917926096-Dennison-Mens-Navy-Blue-Printed-formal-Slim-fit-Shirt-272164-1.jpg,https://www.myntra.com/shirts/dennison/dennison-men-navy-blue-smart-slim-fit-floral-printed-formal-shirt/17744604/buy
myntra,21191450,Men,Trunk,XYXX,XYXX Illuminati Men Micro Modal Dualist Illuminati Trunk XYTRNK124,399,399,,0.0,0.0,,https://assets.myntassets.com/assets/images/21191450/2023/1/19/d51f3f8f-ba02-4fca-bbb0-2c7b5df88e3c1674103989616-XYXX-Illuminati-Men-Brand-Logo-Printed-Trunk-526167410398899-1.jpg,https://www.myntra.com/trunk/xyxx/xyxx-illuminati-men-micro-modal-dualist-illuminati-trunk-xytrnk124/21191450/buy
myntra,15488636,Men,Shirts,Indian Terrain,Indian Terrain Men Teal Blue & Orange Pure Cotton Slim Fit Tartan Checks Casual Shirt,2099,2099,55,4.2,30.0,Orange,https://assets.myntassets.com/assets/images/15488636/2022/4/8/fccee929-3641-4190-acfb-8f9bee1a8caf1649412703415-Indian-Terrain-Men-Teal-Blue--Orange-Pure-Cotton-Slim-Fit-Ta-1.jpg,https://www.myntra.com/shirts/indian-terrain/indian-terrain-men-teal-blue--orange-pure-cotton-slim-fit-tartan-checks-casual-shirt/15488636/buy
myntra,15488604,Men,Shirts,Indian Terrain,Indian Terrain Men Navy Blue & Grey Pure Cotton Slim Fit Leaf Print Casual Shirt,2199,2199,55,4.0,21.0,Navy Blue,https://assets.myntassets.com/assets/images/15488604/2022/7/11/a6570852-b54b-431a-82f7-93836a2b01001657534197566ShirtsIndianTerrainMenShirtsIndianTerrainMenShirtsIndianTerr1.jpg,https://www.myntra.com/shirts/indian-terrain/indian-terrain-men-navy-blue--grey-pure-cotton-slim-fit-leaf-print-casual-shirt/15488604/buy
myntra,21191446,Men,Trunk,XYXX,XYXX Men's Micro Modal Dualist Trunk XYTRNK122,375,375,,4.3,39.0,,https://assets.myntassets.com/assets/images/21191446/2023/1/19/53197c57-00c0-4fa0-8c9f-73a20849ddbd1674103965616-XYXX-Men-Colourblocked-Micro-Modal-Long-Trunk-30016741039651-1.jpg,https://www.myntra.com/trunk/xyxx/xyxx-mens-micro-modal-dualist-trunk-xytrnk122/21191446/buy
myntra,18061132,Men,Tshirts,DILLINGER,DILLINGER Men Mustard Yellow & Black Printed Pure Cotton Oversized T-shirt,419,1399,70,4.3,51.0,Mustard,https://assets.myntassets.com/assets/images/18061132/2022/8/25/da720e1a-f0e5-46d9-8ac5-4f8bca9665041661404477243-DILLINGER-Men-Mustard-Yellow--Black-Printed-Pure-Cotton-Loos-1.jpg,https://www.myntra.com/tshirts/dillinger/dillinger-men-mustard-yellow--black-printed-pure-cotton-loose-t-shirt/18061132/buy
myntra,16696176,Men,Trunk,Van Heusen,Van Heusen Men Solid Swift Dry 4-Way Stretch Breathable AIR Series Trunks 8905482135177,602,669,10,4.2,28.0,,https://assets.myntassets.com/assets/images/16696176/2022/3/19/c78e0c66-f9b5-4136-943b-9d6eb206b9a61647672773346-Van-Heusen-Men-Purple-Solid-Trunks---8905482135177-952164767-1.jpg,https://www.myntra.com/trunk/van-heusen/van-heusen-men-solid-swift-dry-4-way-stretch-breathable-air-trunks-8905482135177/16696176/buy
myntra,14798272,Men,Track Pants,HIGHLANDER,HIGHLANDER Men Olive Green Slim-Fit Track Pants,440,1049,58,4.0,385.0,Green,https://assets.myntassets.com/assets/images/productimage/2021/7/9/134ee82f-3dde-40c0-b9ad-e240f89905661625826114403-1.jpg,https://www.myntra.com/track-pants/highlander/highlander-men-olive-green-slim-fit-track-pants/14798272/buy
myntra,21309470,Men,Track Pants,HRX by Hrithik Roshan,HRX by Hrithik Roshan Men Typography Printed Regular Fit Joggers,607,1599,62,3.6,54.0,,https://assets.myntassets.com/assets/images/21309470/2023/1/6/bc18bd91-8bf8-41be-a624-134c246592731673001212146-HRX-by-Hrithik-Roshan-Black-Fashion-Mens-Lifestyle-Joggers-5-1.jpg,https://www.myntra.com/track-pants/hrx-by-hrithik-roshan/hrx-by-hrithik-roshan-men-typography-printed-regular-fit-joggers/21309470/buy
myntra,17690242,Men,Shirts,FOREVER 21,FOREVER 21 Men Navy Blue Striped Cotton Casual Shirt,559,1399,50,4.2,27.0,Navy Blue,https://assets.myntassets.com/assets/images/17690242/2022/3/30/b4f73474-fa69-426e-94f5-b1483067a2931648640291289FOREVER21MenBlueStripedCasualShirt1.jpg,https://www.myntra.com/shirts/forever-21/forever-21-men-navy-blue-striped-cotton-casual-shirt/17690242/buy
myntra,17657086,Men,Track Pants,HIGHLANDER,HIGHLANDER Men Olive  Green Solid Slim Fit Track Pants,483,949,36,3.8,461.0,Green,https://assets.myntassets.com/assets/images/17657086/2022/3/28/aea8cb13-eccd-4af6-85fc-80b43b0d9c731648485931216HIGHLANDERMenOliveGreenSolidSlimFitTrackPants1.jpg,https://www.myntra.com/track-pants/highlander/highlander-men-olive--green-solid-slim-fit-track-pants/17657086/buy
myntra,17686150,Men,Shirts,Crimsoune Club,Crimsoune Club Men Green & White Slim Fit Checked Casual Shirt,949,1899,50,0.0,0.0,White,https://assets.myntassets.com/assets/images/17686150/2024/1/24/1cd3b287-1bb9-482b-ac68-8da9adb7308f1706077327617CrimsouneClubMenGreenWhiteSlimFitCheckedCasualShirt1.jpg,https://www.myntra.com/shirts/crimsoune-club/crimsoune-club-men-green--white-slim-fit-checked-casual-shirt/17686150/buy
myntra,19872892,Men,Shirts,Blackberrys,Blackberrys Men Blue Slim Fit Printed Formal Cotton Shirt,1686,2595,35,4.4,44.0,Blue,https://assets.myntassets.com/assets/images/19872892/2022/9/9/9874bd9a-9554-465a-bfc9-5a5a0b7eccb31662705341121BlackberrysMenBlueSlimFitPrintedCasualShirt1.jpg,https://www.myntra.com/shirts/blackberrys/blackberrys-men-blue-slim-fit-printed-formal-cotton-shirt/19872892/buy
myntra,17920580,Men,Shirts,U.S. Polo Assn. Denim Co.,U.S. Polo Assn. Denim Co. Men Red Slim Fit Checked Pure Cotton Casual Shirt,2399,2399,,4.5,22.0,Red,https://assets.myntassets.com/assets/images/17920580/2022/6/4/3e0ae8a0-e21e-4ee2-ba1f-c8c9be5504bd1654329541292-US-Polo-Assn-Denim-Co-Men-Red-Slim-Fit-Checked-Pure-Cotton-C-1.jpg,https://www.myntra.com/shirts/us-polo-assn-denim-co/us-polo-assn-denim-co-men-red-slim-fit-checked-pure-cotton-casual-shirt/17920580/buy
myntra,17921060,Men,Shirts,U.S. Polo Assn. Denim Co.,U.S. Polo Assn. Denim Co. Men Green Slim Fit Printed Pure Cotton Casual Shirt,2299,2299,,4.2,179.0,Green,https://assets.myntassets.com/assets/images/17921060/2022/5/18/39cd6e99-5dd3-4368-84ae-6d2896b6978d1652848606549-U-S-Polo-Assn-Men-Green-Slim-Fit-Printed-Pure-Cotton-Casual--1.jpg,https://www.myntra.com/shirts/us-polo-assn-denim-co/us-polo-assn-denim-co-men-green-slim-fit-printed-pure-cotton-casual-shirt/17921060/buy
myntra,20878754,Men,Jeans,Lee,Lee Men Blue Slim Fit Low Distress Heavy Fade Stretchable Jeans,1399,2799,50,3.8,67.0,Blue,https://assets.myntassets.com/assets/images/20878754/2022/11/23/785d9a35-84a6-4514-a931-88e5b0f942a01669190102125LeeMensTravisBlueJeansSlim1.jpg,https://www.myntra.com/jeans/lee/lee-men-blue-slim-fit-low-distress-heavy-fade-stretchable-jeans/20878754/buy
myntra,14699288,Men,Shirts,FOREVER 21,FOREVER 21 Men Brown & Blue Classic Tartan Checks Checked Pure Cotton Casual Shirt,639,1599,60,4.0,10.0,Brown,https://assets.myntassets.com/assets/images/productimage/2021/6/30/83923e34-aea0-434e-bc76-5b62ba10591f1625050904600-1.jpg,https://www.myntra.com/shirts/forever-21/forever-21-men-brown--blue-classic-tartan-checks-checked-pure-cotton-casual-shirt/14699288/buy
myntra,21529262,Men,Tshirts,Kappa,Kappa Men Typography Printed Drop-Shoulder Sleeves Cotton T-shirt,799,799,30,4.1,17.0,,https://assets.myntassets.com/assets/images/21529262/2023/1/12/60cabec5-52cb-495b-8dcf-449df841fa7d1673537791914KappaTshirtsCotton1.jpg,https://www.myntra.com/tshirts/kappa/kappa-men-typography-printed-drop-shoulder-sleeves-cotton-t-shirt/21529262/buy
myntra,17705924,Men,Track Pants,HIGHLANDER,HIGHLANDER Men Black Solid Slim-Fit Track Pants,489,999,51,4.0,337.0,Black,https://assets.myntassets.com/assets/images/17705924/2022/4/1/ec557620-006e-4214-be7b-94471ad38c401648790713847HIGHLANDERMenBlackSolidSlim-FitTrackPants1.jpg,https://www.myntra.com/track-pants/highlander/highlander-men-black-solid-slim-fit-track-pants/17705924/buy
myntra,17657048,Men,Track Pants,HIGHLANDER,HIGHLANDER Men Navy Blue Colourblocked Slim-Fit Track Pants,489,999,40,4.0,106.0,Navy Blue,https://assets.myntassets.com/assets/images/17657048/2022/3/28/e61350e6-a025-461c-9f3e-ee164ec793a31648472085570TrackPants1.jpg,https://www.myntra.com/track-pants/highlander/highlander-men-navy-blue-colourblocked-slim-fit-track-pants/17657048/buy
myntra,17600608,Men,Shirts,Flying Machine,Flying Machine Men Black Slim Fit Floral Printed Casual Shirt,701,1799,61,4.2,72.0,Black,https://assets.myntassets.com/assets/images/17600608/2022/6/1/d05b9f33-425a-4e33-b08b-6851765ca64e1654087321867-Flying-Machine-Men-Black-Slim-Fit-Floral-Printed-Casual-Shir-1.jpg,https://www.myntra.com/shirts/flying-machine/flying-machine-men-black-slim-fit-floral-printed-casual-shirt/17600608/buy
myntra,17657042,Men,Track Pants,HIGHLANDER,HIGHLANDER Men Blue Solid Slim-Fit Track Pants,539,999,46,4.0,459.0,Blue,https://assets.myntassets.com/assets/images/17657042/2022/3/28/be271419-b824-4bd7-823a-1dd93738ab131648474913567HIGHLANDERMenBlueSolidSlim-FitTrackPants1.jpg,https://www.myntra.com/track-pants/highlander/highlander-men-blue-solid-slim-fit-track-pants/17657042/buy
myntra,17719792,Men,Shirts,LINDBERGH,LINDBERGH Men Black Slim Fit Casual Shirt,1399,2799,50,3.8,6.0,Black,https://assets.myntassets.com/assets/images/17719792/2022/8/4/8e5b8057-4e5a-42d3-96bb-22591d642b501659630546479LINDBERGHMenBlackSlimFitCasualShirt1.jpg,https://www.myntra.com/shirts/lindbergh/lindbergh-men-black-slim-fit-casual-shirt/17719792/buy
myntra,17677558,Men,Kurtas,indus route by Pantaloons,indus route by Pantaloons Men Mustard Yellow Thread Work Kurta,649,1299,50,4.4,7.0,Mustard,https://assets.myntassets.com/assets/images/17677558/2022/3/30/4b23fde9-5267-4e63-993e-41e09d6561b91648617190646indusroutebyPantaloonsMenMustardYellowThreadWorkKurta1.jpg,https://www.myntra.com/kurtas/indus-route-by-pantaloons/indus-route-by-pantaloons-men-mustard-yellow-thread-work-kurta/17677558/buy
myntra,17665450,Men,Shirts,Kuons Avenue,Kuons Avenue Men Maroon & Blue Smart Slim Fit Checked Cotton Denim Casual Shirt,1299,2999,56,0.0,0.0,Maroon,https://assets.myntassets.com/assets/images/17665450/2022/3/29/2e2bcc16-6b2f-410c-ae5b-6170ec1c88111648529789009KuonsAvenueMenMaroonSmartSlimFitCheckedCasualShirt1.jpg,https://www.myntra.com/shirts/kuons-avenue/kuons-avenue-men-maroon--blue-smart-slim-fit-checked-cotton-denim-casual-shirt/17665450/buy
myntra,17665454,Men,Shirts,Kuons Avenue,Kuons Avenue Men Maroon Smart Slim Fit Checked Casual Shirt,1299,2999,56,0.0,0.0,Maroon,https://assets.myntassets.com/assets/images/17665454/2022/3/29/2582352b-e81d-4192-9cdd-0d5824d351e81648533502235KuonsAvenueMenMaroonSmartSlimFitCheckedCasualShirt1.jpg,https://www.myntra.com/shirts/kuons-avenue/kuons-avenue-men-maroon-smart-slim-fit-checked-casual-shirt/17665454/buy
myntra,17705904,Men,Shirts,HIGHLANDER,HIGHLANDER Men Lavender Slim Fit Printed Casual Shirt,449,1049,53,3.8,110.0,Lavender,https://assets.myntassets.com/assets/images/17705904/2022/3/31/4a323d39-23a2-440e-a653-75a551aec22a1648721275846HIGHLANDERMenLavenderSlimFitFloralPrintedCasualShirt1.jpg,https://www.myntra.com/shirts/highlander/highlander-men-lavender-slim-fit-printed-casual-shirt/17705904/buy
myntra,21023364,Men,Tshirts,HARBOR N BAY,HARBOR N BAY Men Cotton Typography Printed T-shirt,449,1079,58,0.0,0.0,,https://assets.myntassets.com/assets/images/21023364/2022/12/1/f5a830d1-8c7f-43a4-80ac-a1eb66835f911669915376330HarborNBayMensHalfSleevePrintedRoundNeckT-shirt1.jpg,https://www.myntra.com/tshirts/harbor-n-bay/harbor-n-bay-men-cotton-typography-printed-t-shirt/21023364/buy
myntra,22554158,Men,Jeans,MASCLN SASSAFRAS,MASCLN SASSAFRAS Men Relaxed Fit Light Fade Pure Cotton Jeans,1199,2399,50,3.7,164.0,,https://assets.myntassets.com/assets/images/22554158/2023/9/5/5b75eb96-c1da-4a39-abb4-f7bf1507fb9e1693914107535-MASCLN-SASSAFRAS-Men-Relaxed-Fit-Light-Fade-Pure-Cotton-Jean-1.jpg,https://www.myntra.com/jeans/mascln-sassafras/mascln-sassafras-men-relaxed-fit-light-fade-pure-cotton-jeans/22554158/buy
myntra,20878752,Men,Jeans,Lee,Lee Men Blue Rodeo Light Fade Stretchable Jeans,1399,2799,50,3.8,63.0,Blue,https://assets.myntassets.com/assets/images/20878752/2022/11/23/720906f1-eabc-419a-8a8d-8adcf107e1fa1669191672247LeeMensRodeoBlueJeansRegular1.jpg,https://www.myntra.com/jeans/lee/lee-men-blue-rodeo-light-fade-stretchable-jeans/20878752/buy
myntra,18074908,Men,Jeans,Levis,Levis Men Blue 512 Slim Fit Mid-Rise Light Fade Stretchable Jeans,3199,3199,,4.1,878.0,Blue,https://assets.myntassets.com/assets/images/18074908/2022/8/23/d4f7dd5e-fe44-429d-a405-682fa2bfba651661249811921-Levis-Men-Jeans-481661249811282-1.jpg,https://www.myntra.com/jeans/levis/levis-men-blue-512-slim-fit-mid-rise-light-fade-stretchable-jeans/18074908/buy
myntra,18821662,Men,Trousers,Tommy Hilfiger,Tommy Hilfiger Men Beige Textured Cotton Slim Fit Trousers,4899,6999,40,4.4,7.0,Beige,https://assets.myntassets.com/assets/images/18821662/2022/11/4/0ed7699f-26ec-450e-bea6-ba2a3b6c9a8d1667533693991TommyHilfigerMenNavyBlueSlimFitStretchableJeansTrousersTommy1.jpg,https://www.myntra.com/trousers/tommy-hilfiger/tommy-hilfiger-men-beige-textured-cotton-slim-fit-trousers/18821662/buy
myntra,21472112,Men,Shirts,HIGHLANDER,HIGHLANDER Men Slim Fit Gingham Checked Casual Cotton Shirt,599,2049,70,4.1,343.0,,https://assets.myntassets.com/assets/images/21472112/2023/1/9/9ade5121-5169-4cc4-a45c-ee5f1942a5bd1673260627619Shirts1.jpg,https://www.myntra.com/shirts/highlander/highlander-men-slim-fit-gingham-checked-casual-cotton-shirt/21472112/buy
myntra,21472238,Men,Shirts,KETCH,KETCH Men Slim Fit Printed Casual Shirt,480,1849,74,4.1,91.0,,https://assets.myntassets.com/assets/images/21472238/2023/1/9/96e391ca-995f-4041-84cd-ba3343eca2161673261174350Shirts1.jpg,https://www.myntra.com/shirts/ketch/ketch-men-slim-fit-printed-casual-shirt/21472238/buy
myntra,17732952,Men,Shirts,Allen Solly,Allen Solly Men Blue & White Sport Fit Printed Casual Shirt,1799,1999,10,4.5,105.0,White,https://assets.myntassets.com/assets/images/17732952/2022/4/22/51699a56-9ff6-45a1-8a89-7c28ba165f741650623726710-Allen-Solly-Men-Shirts-2101650623726282-1.jpg,https://www.myntra.com/shirts/allen-solly/allen-solly-men-blue--white-sport-fit-printed-casual-shirt/17732952/buy
myntra,17657064,Men,Shirts,HIGHLANDER,HIGHLANDER Men Black & Red Slim Fit Tartan Checks Checked Casual Shirt,472,1349,65,4.0,205.0,Black,https://assets.myntassets.com/assets/images/17657064/2022/3/28/e496ad61-da38-4cec-9651-23bb6d51deaa1648476409924HIGHLANDERMenBlackSlimFitTartanChecksCheckedCasualShirt1.jpg,https://www.myntra.com/shirts/highlander/highlander-men-black--red-slim-fit-tartan-checks-checked-casual-shirt/17657064/buy
myntra,17722260,Men,Tshirts,Kook N Keech,Kook N Keech Men Beige Typography Printed Slim Fit Cotton T-shirt,899,899,,3.8,51.0,Beige,https://assets.myntassets.com/assets/images/17722260/2022/4/18/9fdd0360-79e3-4dd3-b1a3-98da57f4c4951650263000269-Kook-N-Keech-Men-Tshirts-7691650262999714-1.jpg,https://www.myntra.com/tshirts/kook-n-keech/kook-n-keech-men-beige-typography-printed-slim-fit-cotton-t-shirt/17722260/buy
myntra,17580030,Men,Shirts,LOCOMOTIVE,LOCOMOTIVE Men Black Solid Slim Fit Cotton Casual Shirt,553,1349,63,4.2,159.0,Black,https://assets.myntassets.com/assets/images/17580030/2022/3/18/6e458ba8-58d9-4697-8a05-451ae264588a1647597438595LOCOMOTIVEMenBlackSlimFitCasualShirt1.jpg,https://www.myntra.com/shirts/locomotive/locomotive-men-black-solid-slim-fit-cotton-casual-shirt/17580030/buy
myntra,15517964,Men,Shirts,HIGHLANDER,HIGHLANDER Men Black Slim Fit Opaque Colourblocked Casual Shirt,362,1249,71,4.2,137.0,Black,https://assets.myntassets.com/assets/images/15517964/2021/9/19/d99bcd7a-78cf-483d-9c12-8eaf0e57b1bc1632011431634HIGHLANDERMenBlackSlimFitOpaqueColourblockedCasualShirt1.jpg,https://www.myntra.com/shirts/highlander/highlander-men-black-slim-fit-opaque-colourblocked-casual-shirt/15517964/buy
myntra,20253476,Men,Clothing Set,Sethukrishna,Sethukrishna Men Navy Blue And White Shirt With Zari Border Veshti Dhoti Pant,1435,2658,46,0.0,0.0,Navy Blue,https://assets.myntassets.com/assets/images/20253476/2022/10/3/fe401b93-c1e5-477d-83b3-3be0e42860151664773293882MensSolidShirtDhotiSet1.jpg,https://www.myntra.com/clothing-set/sethukrishna/sethukrishna-men-navy-blue-and-white-shirt-with-zari-border-veshti-dhoti-pant/20253476/buy
myntra,22328680,Men,Trousers,The Indian Garage Co,The Indian Garage Co Men Checked Trousers,584,2249,74,4.0,18.0,,https://assets.myntassets.com/assets/images/22328680/2023/3/23/94893157-55d2-406c-85ee-fa1170ed35451679551747579-The-Indian-Garage-Co-Regular-Fit--Brown-Poly-Viscose-Lycra-S-1.jpg,https://www.myntra.com/trousers/the-indian-garage-co/the-indian-garage-co-men-checked-trousers/22328680/buy
myntra,15488894,Men,Shirts,Indian Terrain,Indian Terrain Men Brown & Blue Pure Cotton Slim Fit Tartan Checks Casual Shirt,944,2099,55,4.4,65.0,Brown,https://assets.myntassets.com/assets/images/15488894/2022/4/8/3fccb924-6a40-43df-904a-646154761b451649398992356IndianTerrainMenBeigeUrbanTaperedFitSelf-DesignTrousersShirt1.jpg,https://www.myntra.com/shirts/indian-terrain/indian-terrain-men-brown--blue-pure-cotton-slim-fit-tartan-checks-casual-shirt/15488894/buy
myntra,15517918,Men,Shirts,HIGHLANDER,HIGHLANDER Men Black Slim Fit Horizontal Stripes Opaque Striped Casual Shirt,512,1349,55,4.3,334.0,Black,https://assets.myntassets.com/assets/images/15517918/2021/9/18/4157e740-e733-4aa2-8d3b-6735075bd3f41631969805935HIGHLANDERMenBlackSlimFitHorizontalStripesOpaqueStripedCasua1.jpg,https://www.myntra.com/shirts/highlander/highlander-men-black-slim-fit-horizontal-stripes-opaque-striped-casual-shirt/15517918/buy
myntra,19867420,Men,Shirts,Arrow New York,Arrow New York Men Dark Brown Solid Slim Fit Cotton Formal Shirt,1214,2699,55,0.0,0.0,Brown,https://assets.myntassets.com/assets/images/19867420/2022/9/8/dffeccfd-b14c-4550-b8be-d8cb69fc3dbe1662660514043ArrowNewYorkMenBrownSlimFitFormalShirt1.jpg,https://www.myntra.com/shirts/arrow-new-york/arrow-new-york-men-dark-brown-solid-slim-fit-cotton-formal-shirt/19867420/buy
myntra,12782442,Men,Shirts,LOCOMOTIVE,LOCOMOTIVE Men Navy Blue Slim Fit Checked Casual Shirt,559,1999,67,4.1,38.0,Navy Blue,https://assets.myntassets.com/assets/images/12782442/2020/10/20/aee3d3ce-8a70-4007-9605-33b80a767c4a1603176760603LOCOMOTIVEMenNavyBlueSlimFitCheckedCasualShirt1.jpg,https://www.myntra.com/shirts/locomotive/locomotive-men-navy-blue-slim-fit-checked-casual-shirt/12782442/buy
myntra,12750218,Men,Shirts,HIGHLANDER,HIGHLANDER Men Black & White Slim Fit Checked Casual Shirt,479,1499,60,4.1,183.0,Black,https://assets.myntassets.com/assets/images/productimage/2020/10/15/67dea0cc-0dde-4153-b738-c94a013e5f331602719017468-1.jpg,https://www.myntra.com/shirts/highlander/highlander-men-black--white-slim-fit-checked-casual-shirt/12750218/buy
myntra,20172262,Men,Tshirts,Louis Philippe Sport,Louis Philippe Sport Men Printed Polo Collar Slim Fit T-shirt,1931,2799,31,2.3,6.0,,https://assets.myntassets.com/assets/images/20172262/2022/9/26/ed9804ba-8e9d-43a1-9772-8a21611049b01664194762673LouisPhilippeGreenT-shirt1.jpg,https://www.myntra.com/tshirts/louis-philippe-sport/louis-philippe-sport-men-printed-polo-collar-slim-fit-t-shirt/20172262/buy
myntra,21472052,Men,Shirts,HIGHLANDER,HIGHLANDER Men Slim Fit Tartan Checks Casual Cotton Shirt,599,1799,66,3.9,151.0,,https://assets.myntassets.com/assets/images/21472052/2023/1/9/564bf3e5-5923-4b14-8073-5203af42ba631673260015596Shirts1.jpg,https://www.myntra.com/shirts/highlander/highlander-men-slim-fit-tartan-checks-casual-cotton-shirt/21472052/buy
myntra,20319780,Men,Jackets,RARE RABBIT,RARE RABBIT Men Maroon Striped Crop Denim Jacket with Patchwork,3224,4299,25,4.2,20.0,Maroon,https://assets.myntassets.com/assets/images/20319780/2022/10/7/b2c707fb-d3f1-453a-98c1-ea41c4e5ed7d1665147926087Jackets1.jpg,https://www.myntra.com/jackets/rare-rabbit/rare-rabbit-men-maroon-striped-crop-denim-jacket-with-patchwork/20319780/buy
ajio,469453091,Men,Shirts,SPYKAR,SPYKAR Navy Blue Men Checked Slim Fit Shirt,966,2299,58,,,Navy Blue,https://assets.ajio.com/medias/sys_master/root/20230605/JcVC/647df54e42f9e729d723903a/spykar_navy_blue_men_checked_slim_fit_shirt.jpg,https://www.ajio.com/spykar-men-checked-slim-fit-shirt/p/469453091_navyblue
ajio,466742142,Men,Shirts,POLKA TOTS,POLKA TOTS Cream Boy Colourblock Relaxed Fit T-Shirt,299,299,0,,,Cream,https://assets.ajio.com/medias/sys_master/root/20231025/iOPt/65389bdeddf77915195872c8/polka_tots_cream_boy_colourblock_relaxed_fit_t-shirt.jpg,https://www.ajio.com/polka-tots-boy-colourblock-relaxed-fit-t-shirt/p/466742142_cream
ajio,441893816,Men,Shirts,Arrow Sports,Arrow Sports Blue Men Checked Slim Fit Shirt,1125,2499,55,,,Blue,https://assets.ajio.com/medias/sys_master/root/20230426/0W35/644900ecd55b7d0c63801116/arrow_sports_blue_men_checked_slim_fit_shirt.jpg,https://www.ajio.com/arrow-sports-men-checked-slim-fit-shirt/p/441893816_darkblue
ajio,466298709,Men,Shirts,CRIMSOUNE CLUB,CRIMSOUNE CLUB Grey Men Leaf Print Slim Fit Shirt,850,1699,50,,,Grey,https://assets.ajio.com/medias/sys_master/root/20230622/2TJu/6494773ad55b7d0c63a20b2a/crimsoune_club_grey_men_leaf_print_slim_fit_shirt.jpg,https://www.ajio.com/crimsoune-club-men-leaf-print-slim-fit-shirt/p/466298709_grey
ajio,466712449,Men,Shirts,UNIBERRY,UNIBERRY Navy Men Regular Fit Polo T-Shirt with Patch Pocket,450,1499,70,,,Navy,https://assets.ajio.com/medias/sys_master/root/20231016/eisP/652d0f27afa4cf41f546ce45/uniberry_navy_men_regular_fit_polo_t-shirt_with_patch_pocket.jpg,https://www.ajio.com/uniberry-men-regular-fit-polo-t-shirt-with-patch-pocket/p/466712449_navy
ajio,469220210,Men,Shirts,Ketch,Ketch Navy Blue Men Printed Slim Fit Shirt,412,1249,67,,,Navy Blue,https://assets.ajio.com/medias/sys_master/root/20220715/Sz6O/62d1844ff997dd03e2d74abb/ketch_navy_blue_men_printed_slim_fit_shirt.jpg,https://www.ajio.com/ketch-men-printed-slim-fit-shirt/p/469220210_multicolour
ajio,465043629,Men,Shirts,BLACKBERRYS,BLACKBERRYS Blue Men Full Sleeves Slim Fit Shirt,1317,2195,40,,,Blue,https://assets.ajio.com/medias/sys_master/root/20220926/YmYS/6331911eaeb269dbb3a6ad7d/blackberrys_blue_men_full_sleeves_slim_fit_shirt.jpg,https://www.ajio.com/blackberrys-men-full-sleeves-slim-fit-shirt/p/465043629_blue
ajio,466386893,Men,Shirts,Styli,Styli White Relaxed Fit Men Compact Jersey Oversized T-Shirt with Front Embroidery,250,999,75,,,White,https://assets.ajio.com/medias/sys_master/root/20230807/UOct/64d0dae2a9b42d15c991da6e/styli_white_relaxed_fit_men_compact_jersey_oversized_t-shirt_with_front_embroidery.jpg,https://www.ajio.com/styli-relaxed-fit-men-compact-jersey-oversized-t-shirt-with-front-embroidery/p/466386893_white
ajio,462243591,Men,Shirts,BREAKBOUNCE,BREAKBOUNCE Navy Men Short Sleeves Slim Fit Shirt,680,1699,60,,,Navy,https://assets.ajio.com/medias/sys_master/root/20220503/n2hV/6270f861f997dd03e2914ba3/breakbounce_navy_men_short_sleeves_slim_fit_shirt.jpg,https://www.ajio.com/breakbounce-men-short-sleeves-slim-fit-shirt/p/462243591_navy
ajio,469442000,Men,Shirts,SPYKAR,SPYKAR Green Men Checked Slim Fit Shirt,1152,2399,52,,,Green,https://assets.ajio.com/medias/sys_master/root/20230413/xIPF/643818f7907deb497adfe059/spykar_green_men_checked_slim_fit_shirt.jpg,https://www.ajio.com/spykar-men-checked-slim-fit-shirt/p/469442000_green
ajio,464657466,Men,Shirts,Tistabene,Tistabene Multicolor Men Indian Multicolor Regular Fit Shirt for Men,899,899,0,,,Multicolour,https://assets.ajio.com/medias/sys_master/root/20230623/fTSp/6494e37ad55b7d0c63a9d699/tistabene_multicolor_men_indian_multicolor_regular_fit_shirt_for_men.jpg,https://www.ajio.com/tistabene-men-indian-multicolor-regular-fit-shirt-for-men/p/464657466_cream
ajio,466690739,Men,Shirts,SHOWOFF,SHOWOFF Olive green Men Striped Slim Fit Shirt,724,1810,60,,,Green,https://assets.ajio.com/medias/sys_master/root/20231010/ZOwG/6524a7b6ddf77915192eb797/showoff_olive_green_men_striped_slim_fit_shirt.jpg,https://www.ajio.com/showoff-men-striped-slim-fit-shirt/p/466690739_olive
ajio,466319528,Men,Shirts,Styli,Styli Black Regular Fit Men Back Cartoon Print Drop-Shoulder Boxy T-Shirt,519,799,35,,,Black,https://assets.ajio.com/medias/sys_master/root/20230807/EUjy/64d0da74eebac147fcad08f2/styli_black_regular_fit_men_back_cartoon_print_drop-shoulder_boxy_t-shirt.jpg,https://www.ajio.com/styli-regular-fit-men-back-cartoon-print-drop-shoulder-boxy-t-shirt/p/466319528_black
ajio,441127437,Men,Shirts,JOHN PLAYERS,JOHN PLAYERS Navy Blue Men Micro Print Slim Fit Shirt With Patch Pocket,390,1299,70,,,Navy Blue,https://assets.ajio.com/medias/sys_master/root/20210805/UTVp/610bfd777cdb8cb824ed8e7e/john_players_navy_blue_men_micro_print_slim_fit_shirt_with_patch_pocket.jpg,https://www.ajio.com/john-players-men-micro-print-slim-fit-shirt-with-patch-pocket/p/441127437_navy
ajio,441700988,Men,Shirts,INDIAN TERRAIN,INDIAN TERRAIN Maroon Men Striped Slim Fit Shirt,1075,2499,57,,,Maroon,https://assets.ajio.com/medias/sys_master/root/20230525/5tx7/646f84c9d55b7d0c63fc0857/indian_terrain_maroon_men_striped_slim_fit_shirt.jpg,https://www.ajio.com/indian-terrain-men-striped-slim-fit-shirt/p/441700988_maroonburg
ajio,464320684,Men,Shirts,MR.BUTTON,MR.BUTTON Blue Men Floral Print Slim Fit Shirt,778,1945,60,,,Blue,https://assets.ajio.com/medias/sys_master/root/20220512/g81s/627c25a2f997dd03e2ac05ca/mr.button_blue_men_floral_print_slim_fit_shirt.jpg,https://www.ajio.com/mr-button-men-floral-print-slim-fit-shirt/p/464320684_blue
ajio,441893815,Men,Shirts,Arrow Sports,Arrow Sports Brown Men Manhattan Checked Slim Fit Shirt with Patch Pocket,1075,2499,57,,,Brown,https://assets.ajio.com/medias/sys_master/root/20230427/zB74/644ab40ad55b7d0c63858d78/arrow_sports_brown_men_manhattan_checked_slim_fit_shirt_with_patch_pocket.jpg,https://www.ajio.com/arrow-sports-men-manhattan-checked-slim-fit-shirt-with-patch-pocket/p/441893815_brown
ajio,464222811,Men,Shirts,CROCODILE,CROCODILE Yellow Men Solid Slim Fit Shirt with Patch Pocket,1050,2099,50,,,Yellow,https://assets.ajio.com/medias/sys_master/root/20230621/iM1Q/6492d0a3d55b7d0c6398cee3/crocodile_yellow_men_solid_slim_fit_shirt_with_patch_pocket.jpg,https://www.ajio.com/crocodile-men-solid-slim-fit-shirt-with-patch-pocket/p/464222811_yellow
ajio,469220171,Men,Shirts,Ketch,Ketch Navy Blue Men Checked Slim Fit Shirt,320,999,68,,,Navy Blue,https://assets.ajio.com/medias/sys_master/root/20220715/iqEF/62d19ac8f997dd03e2d7cd27/ketch_navy_blue_men_checked_slim_fit_shirt.jpg,https://www.ajio.com/ketch-men-checked-slim-fit-shirt/p/469220171_multicolour
ajio,441138130,Men,Shirts,JOHN PLAYERS,JOHN PLAYERS Black Men Slim Fit Shirt with Patch Pocket,540,1799,70,,,Black,https://assets.ajio.com/medias/sys_master/root/20220622/mQAc/62b329d2f997dd03e298588e/john_players_black_men_slim_fit_shirt_with_patch_pocket.jpg,https://www.ajio.com/john-players-men-slim-fit-shirt-with-patch-pocket/p/441138130_jetblack
ajio,465865593,Men,Shirts,THOMAS SCOTT,THOMAS SCOTT Navy Blue Men Heathered Slim Fit Shirt,889,2799,68,,,Navy Blue,https://assets.ajio.com/medias/sys_master/root/20230628/eRAH/649bea62eebac147fc23ea6b/thomas_scott_navy_blue_men_heathered_slim_fit_shirt.jpg,https://www.ajio.com/thomas-scott-men-heathered-slim-fit-shirt/p/465865593_navy
ajio,466224458,Men,Shirts,SNITCH,SNITCH Pink Men Slim Fit Shirt with Patch Pocket,2499,4998,50,,,Pink,https://assets.ajio.com/medias/sys_master/root/20230602/f9IT/64798a2cd55b7d0c634152cb/snitch_pink_men_slim_fit_shirt_with_patch_pocket.jpg,https://www.ajio.com/snitch-men-slim-fit-shirt-with-patch-pocket/p/466224458_pink
ajio,469040192,Men,Shirts,Ketch,Ketch Red & navy blue Men Checked Slim Fit Shirt with Patch Pocket,324,899,64,,,Navy Blue,https://assets.ajio.com/medias/sys_master/root/20211123/wBDb/619d088eaeb2690110d30fb9/ketch_red_%26_navy_blue_men_checked_slim_fit_shirt_with_patch_pocket.jpg,https://www.ajio.com/ketch-men-checked-slim-fit-shirt-with-patch-pocket/p/469040192_rednavy
ajio,469211076,Men,Shirts,Buda Jeans Co,Buda Jeans Co Olive Men Camouflage Print Slim Fit Shirt,520,1299,60,,,Olive,https://assets.ajio.com/medias/sys_master/root/20221102/kLIe/63628fefaeb269659c6bc914/buda_jeans_co_olive_men_camouflage_print_slim_fit_shirt.jpg,https://www.ajio.com/buda-jeans-co-men-camouflage-print-slim-fit-shirt/p/469211076_olive
ajio,469386703,Men,Shirts,SIMON CARTER,SIMON CARTER Blue Men Printed Slim Fit Cotton Shirt,1799,2999,40,,,Blue,https://assets.ajio.com/medias/sys_master/root/20221128/LyLn/638498f9f997ddfdbda25dc9/simon_carter_blue_men_printed_slim_fit_cotton_shirt.jpg,https://www.ajio.com/simon-carter-men-printed-slim-fit-cotton-shirt/p/469386703_blue
ajio,441148740,Men,Shirts,JOHN PLAYERS,JOHN PLAYERS Blue Men Printed Slim Fit Shirt,600,1499,60,,,Blue,https://assets.ajio.com/medias/sys_master/root/20230222/Uqp2/63f63ba4f997dde6f4bdcf35/john_players_blue_men_printed_slim_fit_shirt.jpg,https://www.ajio.com/john-players-men-printed-slim-fit-shirt/p/441148740_ltblue
ajio,469034596,Men,Shirts,Ketch Sage,Ketch Sage Green Men Textured Slim Fit Shirt with Mandarin Collar,449,1449,69,,,Green,https://assets.ajio.com/medias/sys_master/root/20211029/DCPi/617af0b5f997ddf8f1f0138e/ketch_sage_green_men_textured_slim_fit_shirt_with_mandarin_collar.jpg,https://www.ajio.com/ketch-men-textured-slim-fit-shirt-with-mandarin-collar/p/469034596_lightgreen
ajio,465675481,Men,Shirts,SNITCH,SNITCH Blue Men Paisley Print Slim Fit Shirt with Spread Collar,839,2798,70,,,Blue,https://assets.ajio.com/medias/sys_master/root/20230628/PyjU/649b6d29a9b42d15c9fe1065/snitch_blue_men_paisley_print_slim_fit_shirt_with_spread_collar.jpg,https://www.ajio.com/snitch-men-paisley-print-slim-fit-shirt-with-spread-collar/p/465675481_blue
ajio,469194727,Men,Shirts,The Indian Garage Co,The Indian Garage Co Navy Blue Men Floral Print Regular Fit Shirt,612,1749,65,,,Navy Blue,https://assets.ajio.com/medias/sys_master/root/20230404/YKEs/642c364f907deb497ac8df6a/the_indian_garage_co_navy_blue_men_floral_print_regular_fit_shirt.jpg,https://www.ajio.com/the-indian-garage-co-men-floral-print-regular-fit-shirt/p/469194727_navy
ajio,420375853,Men,Shirts,NTWK,NTWK Purple Men Striped Slim Fit Shirt,400,999,60,,,Purple,https://assets.ajio.com/medias/sys_master/root/20230316/fzp1/641349d1f997dde6f402f262/ntwk_purple_men_striped_slim_fit_shirt.jpg,https://www.ajio.com/ntwk-men-striped-slim-fit-shirt/p/420375853_purple
ajio,469034409,Men,Shirts,Ketch,Ketch Navy Blue Men Checked Slim Fit Shirt with Patch Pocket,369,899,59,,,Navy Blue,https://assets.ajio.com/medias/sys_master/root/20211119/DpBu/6196a32eaeb2690110cc7637/ketch_navy_blue_men_checked_slim_fit_shirt_with_patch_pocket.jpg,https://www.ajio.com/ketch-men-checked-slim-fit-shirt-with-patch-pocket/p/469034409_navymulti
ajio,441214969,Men,Shirts,INDIAN TERRAIN,INDIAN TERRAIN Blue Melange Men Micro Print Slim Fit Shirt with Patch Pocket,726,2199,67,,,Blue,https://assets.ajio.com/medias/sys_master/root/20220224/UnDI/621690f1f997dd03e2ebd359/indian_terrain_blue_melange_men_micro_print_slim_fit_shirt_with_patch_pocket.jpg,https://www.ajio.com/indian-terrain-men-micro-print-slim-fit-shirt-with-patch-pocket/p/441214969_bluemelange
ajio,464673560,Men,Shirts,JAINISH,JAINISH Blue Men Cotton Slim Fit Shirt with Patch Pocket,545,1299,58,,,Blue,https://assets.ajio.com/medias/sys_master/root/20230525/i70x/646ede4742f9e729d7baf5de/jainish_blue_men_cotton_slim_fit_shirt_with_patch_pocket.jpg,https://www.ajio.com/jainish-men-cotton-slim-fit-shirt-with-patch-pocket/p/464673560_blue
ajio,469242818,Men,Shirts,Ketch,Ketch Purple Men Printed Slim Fit Cotton Shirt,416,1299,68,,,Purple,https://assets.ajio.com/medias/sys_master/root/20220806/WMgX/62ed68c3aeb26921afcbf270/ketch_purple_men_printed_slim_fit_cotton_shirt.jpg,https://www.ajio.com/ketch-men-printed-slim-fit-cotton-shirt/p/469242818_purple
ajio,469114483,Men,Shirts,LEVIS,LEVIS Grey Men Checked Slim Fit Shirt,1800,3599,50,,,Grey,https://assets.ajio.com/medias/sys_master/root/20230105/waeX/63b6f063aeb269659c298176/levis_grey_men_checked_slim_fit_shirt.jpg,https://www.ajio.com/levis-men-checked-slim-fit-shirt/p/469114483_grey
ajio,466682806,Men,Shirts,SHOWOFF,SHOWOFF White Men Pointelle-Knit Slim Fit Shirt,1152,2880,60,,,White,https://assets.ajio.com/medias/sys_master/root/20231007/5KTV/65206b77ddf7791519286ebd/showoff_white_men_pointelle-knit_slim_fit_shirt.jpg,https://www.ajio.com/showoff-men-pointelle-knit-slim-fit-shirt/p/466682806_white
ajio,469539257,Men,Shirts,ALLEN SOLLY,ALLEN SOLLY Purple Men Slim Fit Shirt with Patch Pocket,1624,2499,35,,,Purple,https://assets.ajio.com/medias/sys_master/root/20230728/3PO0/64c3dab4a9b42d15c97941f4/allen_solly_purple_men_slim_fit_shirt_with_patch_pocket.jpg,https://www.ajio.com/allen-solly-men-slim-fit-shirt-with-patch-pocket/p/469539257_purple
ajio,469444409,Men,Shirts,Ketch,Ketch Pink Men Graphic Print Slim Fit Cotton Shirt,444,1849,76,,,Pink,https://assets.ajio.com/medias/sys_master/root/20230523/mbpd/646c7b7642f9e729d7a471ab/ketch_pink_men_graphic_print_slim_fit_cotton_shirt.jpg,https://www.ajio.com/ketch-men-graphic-print-slim-fit-cotton-shirt/p/469444409_pink
ajio,466712458,Men,Shirts,UNIBERRY,UNIBERRY White Men Regular Fit Polo T-Shirt ,364,1299,72,,,White,https://assets.ajio.com/medias/sys_master/root/20231016/H327/652d0ee9ddf77915193faa60/uniberry_white_men_regular_fit_polo_t-shirt_.jpg,https://www.ajio.com/uniberry-men-regular-fit-polo-t-shirt-/p/466712458_white
ajio,469473483,Men,Shirts,Arrow Sports,Arrow Sports Blue Men Checked Slim Fit Shirt with Patch Pocket,1271,2399,47,,,Blue,https://assets.ajio.com/medias/sys_master/root/20230426/bkPT/644903d842f9e729d7511a19/arrow_sports_blue_men_checked_slim_fit_shirt_with_patch_pocket.jpg,https://www.ajio.com/arrow-sports-men-checked-slim-fit-shirt-with-patch-pocket/p/469473483_darkblue
ajio,466346254,Men,Shirts,JB JUST,JB JUST BLACK Navy Blue Men Slim Fit Linen Shirt with Patch Pocket,704,1599,56,,,Navy Blue,https://assets.ajio.com/medias/sys_master/root/20230710/BJhE/64ac0990eebac147fc602d32/jb_just_black_navy_blue_men_slim_fit_linen_shirt_with_patch_pocket.jpg,https://www.ajio.com/jb-just-black-men-slim-fit-linen-shirt-with-patch-pocket/p/466346254_navy
ajio,460298393,Men,Shirts,The Indian Garage Co,The Indian Garage Co Black Men Printed Slim Fit Shirt with Mandarin Collar,544,1699,68,,,Black,https://assets.ajio.com/medias/sys_master/root/20230718/1qGf/64b6b26eeebac147fc76a7df/the_indian_garage_co_black_men_printed_slim_fit_shirt_with_mandarin_collar.jpg,https://www.ajio.com/the-indian-garage-co-men-printed-slim-fit-shirt-with-mandarin-collar/p/460298393_black
ajio,465762380,Men,Shirts,JAINISH,JAINISH Grey Men Slim Fit Shirt with Spread Collar,545,1499,64,,,Grey,https://assets.ajio.com/medias/sys_master/root/20230628/Xpb7/649b9700a9b42d15c903d07f/jainish_grey_men_slim_fit_shirt_with_spread_collar.jpg,https://www.ajio.com/jainish-men-slim-fit-shirt-with-spread-collar/p/465762380_grey
ajio,420404752,Men,Shirts,ROXTAR,ROXTAR Black Men Checked Slim Fit Shirt,180,449,60,,,Black,https://assets.ajio.com/medias/sys_master/root/20230427/IumT/644a8b46d55b7d0c6383ffc0/roxtar_black_men_checked_slim_fit_shirt.jpg,https://www.ajio.com/roxtar-men-checked-slim-fit-shirt/p/420404752_black
ajio,441138314,Men,Shirts,JOHN PLAYERS,JOHN PLAYERS Beige Men Checked Slim Fit Shirt with Patch Pocket,540,1799,70,,,Beige,https://assets.ajio.com/medias/sys_master/root/20220611/s44L/62a3a8e7aeb26921af1c19df/john_players_beige_men_checked_slim_fit_shirt_with_patch_pocket.jpg,https://www.ajio.com/john-players-men-checked-slim-fit-shirt-with-patch-pocket/p/441138314_khaki
ajio,441147366,Men,Shirts,JOHN PLAYERS,JOHN PLAYERS White Men Slim Fit Shirt with Patch Pocket,520,1299,60,,,White,https://assets.ajio.com/medias/sys_master/root/20221130/SLqp/6386f97ef997ddfdbdabff9f/john_players_white_men_slim_fit_shirt_with_patch_pocket.jpg,https://www.ajio.com/john-players-men-slim-fit-shirt-with-patch-pocket/p/441147366_white
ajio,469332973,Men,Shirts,Ketch,Ketch Black Men Striped Slim Fit Hooded Shirt,462,1649,72,,,Black,https://assets.ajio.com/medias/sys_master/root/20221122/vdkc/637ce1b8aeb269659ca6b21f/ketch_black_men_striped_slim_fit_hooded_shirt.jpg,https://www.ajio.com/ketch-men-striped-slim-fit-hooded-shirt/p/469332973_black
ajio,420358947,Men,Shirts,ROXTAR,ROXTAR Brown Men Checked Slim Fit Shirt with Patch Pocket,220,549,60,,,Brown,https://assets.ajio.com/medias/sys_master/root/20230427/BTkz/644ab12242f9e729d756b5fd/roxtar_brown_men_checked_slim_fit_shirt_with_patch_pocket.jpg,https://www.ajio.com/roxtar-men-checked-slim-fit-shirt-with-patch-pocket/p/420358947_brown
ajio,465596823,Men,Shirts,SHOWOFF,SHOWOFF Pink Men Regular Fit Shirt with Flap Pockets,1040,2600,60,,,Pink,https://assets.ajio.com/medias/sys_master/root/20230628/m5Jd/649b4a03eebac147fc0e7487/showoff_pink_men_regular_fit_shirt_with_flap_pockets.jpg,https://www.ajio.com/showoff-men-regular-fit-shirt-with-flap-pockets/p/465596823_pink
ajio,466057711,Men,Shirts,Don Vino,Don Vino White Men Heathered Slim Fit Shirt with Insert Pocket,600,1499,60,,,White,https://assets.ajio.com/medias/sys_master/root/20230419/MhoY/643f8962711cf97ba733e4bf/don_vino_white_men_heathered_slim_fit_shirt_with_insert_pocket.jpg,https://www.ajio.com/don-vino-men-heathered-slim-fit-shirt-with-insert-pocket/p/466057711_white
ajio,460453602,Men,Shirts,The Indian Garage Co,The Indian Garage Co  Men Checked Slim Fit Shirt with Patch Pocket,560,1749,68,,,,https://assets.ajio.com/medias/sys_master/root/20230718/GEhI/64b6b4afa9b42d15c95dacc7/the_indian_garage_co__men_checked_slim_fit_shirt_with_patch_pocket.jpg,https://www.ajio.com/the-indian-garage-co-men-checked-slim-fit-shirt-with-patch-pocket/p/460453602_red
ajio,420434689,Men,Shirts,BREAKPOINT,BREAKPOINT Rust Men Checked Slim Fit Shirt with Patch Pocket,315,899,65,,,Rust,https://assets.ajio.com/medias/sys_master/root/20230301/IBRI/63ff9861f997dde6f4d5dfce/breakpoint_rust_men_checked_slim_fit_shirt_with_patch_pocket.jpg,https://www.ajio.com/breakpoint-men-checked-slim-fit-shirt-with-patch-pocket/p/420434689_rust
ajio,464110919,Men,Shirts,IMYOUNG,IMYOUNG Multicoloured Men Printed Slim Fit Shirt,600,2999,80,,,,https://assets.ajio.com/medias/sys_master/root/20220402/HVER/62476143f997dd03e243dde7/imyoung_multicoloured_men_printed_slim_fit_shirt.jpg,https://www.ajio.com/imyoung-men-printed-slim-fit-shirt/p/464110919_multi
ajio,442168555,Men,Shirts,ALLEN SOLLY,ALLEN SOLLY Peach Men Checked Slim Fit Shirt with Patch Pocket,1724,2299,25,,,Peach,https://assets.ajio.com/medias/sys_master/root/20230607/jWx1/6480affdd55b7d0c63576e56/allen_solly_peach_men_checked_slim_fit_shirt_with_patch_pocket.jpg,https://www.ajio.com/allen-solly-men-checked-slim-fit-shirt-with-patch-pocket/p/442168555_peach
ajio,469486671,Men,Shirts,Ketch,Ketch Coral Men Printed Slim Fit Cotton Shirt,444,1849,76,,,Coral,https://assets.ajio.com/medias/sys_master/root/20230523/9QOI/646c7cf442f9e729d7a47bf7/ketch_coral_men_printed_slim_fit_cotton_shirt.jpg,https://www.ajio.com/ketch-men-printed-slim-fit-cotton-shirt/p/469486671_coral
ajio,466594967,Men,Shirts,JAINISH,JAINISH Silver-Toned Men Slim Fit Shirt with Spread Collar,545,1499,64,,,Silver,https://assets.ajio.com/medias/sys_master/root/20230918/FJVZ/650856afddf7791519e20565/jainish_silver-toned_men_slim_fit_shirt_with_spread_collar.jpg,https://www.ajio.com/jainish-men-slim-fit-shirt-with-spread-collar/p/466594967_silver
ajio,469382805,Men,Shirts,ARROW,ARROW Cream Men Checked Slim Fit Shirt with Patch Pocket,1300,2599,50,,,Cream,https://assets.ajio.com/medias/sys_master/root/20221115/VdMm/6373c088aeb269659c8f5bac/arrow_cream_men_checked_slim_fit_shirt_with_patch_pocket.jpg,https://www.ajio.com/arrow-men-checked-slim-fit-shirt-with-patch-pocket/p/469382805_white
ajio,420358993,Men,Shirts,ROXTAR,ROXTAR Red Men Checked Slim Fit Shirt,180,449,60,,,Red,https://assets.ajio.com/medias/sys_master/root/20230427/9XOa/644aaa2042f9e729d7569042/roxtar_red_men_checked_slim_fit_shirt.jpg,https://www.ajio.com/roxtar-men-checked-slim-fit-shirt/p/420358993_red
ajio,441654281,Men,Shirts,PARK AVENUE,PARK AVENUE Blue Men Slim Fit Cutaway Collar Shirt,1215,2699,55,,,Blue,https://assets.ajio.com/medias/sys_master/root/20230419/vbKm/644018ea907deb497af3547b/park_avenue_blue_men_slim_fit_cutaway_collar_shirt.jpg,https://www.ajio.com/park-avenue-men-slim-fit-cutaway-collar-shirt/p/441654281_blue
ajio,466317275,Men,Shirts,Styli,Styli Black Men Front Graphic Regular Fit T-Shirt,273,699,61,,,Black,https://assets.ajio.com/medias/sys_master/root/20230807/Xg5A/64d0daa8eebac147fcad10a6/styli_black_men_front_graphic_regular_fit_t-shirt.jpg,https://www.ajio.com/styli-men-front-graphic-regular-fit-t-shirt/p/466317275_black
ajio,469034686,Men,Shirts,Ketch,Ketch Navy Blue Men Checked Slim Fit Shirt with Patch Pocket,369,899,59,,,Navy Blue,https://assets.ajio.com/medias/sys_master/root/20220119/6pGD/61e827fbaeb2695cdd1d4100/ketch_navy_blue_men_checked_slim_fit_shirt_with_patch_pocket.jpg,https://www.ajio.com/ketch-men-checked-slim-fit-shirt-with-patch-pocket/p/469034686_navymulti
ajio,469473387,Men,Shirts,Arrow Sports,Arrow Sports Green Men Checked Slim Fit Shirt,1299,2499,48,,,Green,https://assets.ajio.com/medias/sys_master/root/20230426/Cjga/644901ffd55b7d0c6380188f/arrow_sports_green_men_checked_slim_fit_shirt.jpg,https://www.ajio.com/arrow-sports-men-checked-slim-fit-shirt/p/469473387_darkgreen
ajio,469262438,Men,Shirts,VAN HEUSEN,VAN HEUSEN Navy Blue Men Checked Slim Fit Shirt with Patch Pocket,1127,2299,51,,,Navy Blue,https://assets.ajio.com/medias/sys_master/root/20220722/4Civ/62dad9faaeb26921af90db8c/van_heusen_navy_blue_men_checked_slim_fit_shirt_with_patch_pocket.jpg,https://www.ajio.com/van-heusen-men-checked-slim-fit-shirt-with-patch-pocket/p/469262438_navy
ajio,465456585,Men,Shirts,CROCODILE,CROCODILE Orange Men Polka-Dot Regular Fit Shirt,1050,2099,50,,,Orange,https://assets.ajio.com/medias/sys_master/root/20221219/ag6p/63a0a806aeb269659cf43f07/crocodile_orange_men_polka-dot_regular_fit_shirt.jpg,https://www.ajio.com/crocodile-men-polka-dot-regular-fit-shirt/p/465456585_orange
ajio,465490017,Men,Shirts,Forca by Lifestyle,Forca by Lifestyle Olive Men Solid Regular Fit Shirt,750,1499,50,,,Olive,https://assets.ajio.com/medias/sys_master/root/20230624/zQok/6496eeeba9b42d15c9ed6c89/forca_by_lifestyle_olive_men_solid_regular_fit_shirt.jpg,https://www.ajio.com/forca-by-lifestyle-men-solid-regular-fit-shirt/p/465490017_olive
ajio,469213287,Men,Shirts,SIMON CARTER,SIMON CARTER Olive Men Micro Print Slim Fit Cotton Shirt,1400,2799,50,,,Olive,https://assets.ajio.com/medias/sys_master/root/20220613/UJ3p/62a6e7feaeb26921af1dbdd3/simon_carter_olive_men_micro_print_slim_fit_cotton_shirt.jpg,https://www.ajio.com/simon-carter-men-micro-print-slim-fit-cotton-shirt/p/469213287_olive
ajio,441699536,Men,Shirts,PARX,PARX Blue Men Cutaway Collar Slim Fit Shirt,760,1899,60,,,Blue,https://assets.ajio.com/medias/sys_master/root/20230320/etGx/64189b08f997dde6f40ab28a/parx_blue_men_cutaway_collar_slim_fit_shirt.jpg,https://www.ajio.com/parx-men-cutaway-collar-slim-fit-shirt/p/441699536_darkblue
ajio,420358807,Men,Shirts,ROXTAR,ROXTAR Olive Green Men Checked Slim Fit Shirt,300,599,50,,,Green,https://assets.ajio.com/medias/sys_master/root/20230517/jD2Y/6465191542f9e729d792ee30/roxtar_olive_green_men_checked_slim_fit_shirt.jpg,https://www.ajio.com/roxtar-men-checked-slim-fit-shirt/p/420358807_olive
ajio,466442190,Men,Shirts,Styli,Styli Black Men California Graphic Print Regular Fit T-Shirt,494,899,45,,,Black,https://assets.ajio.com/medias/sys_master/root/20230830/hLn0/64ef5300ddf77915198b0387/styli_black_men_california_graphic_print_regular_fit_t-shirt.jpg,https://www.ajio.com/styli-men-california-graphic-print-regular-fit-t-shirt/p/466442190_black
ajio,469071874,Men,Shirts,INDIAN TERRAIN Sky,INDIAN TERRAIN Sky Blue Men Heathered Slim Fit Shirt with Patch Pocket,882,2099,58,,,Sky Blue,https://assets.ajio.com/medias/sys_master/root/20220224/pSyV/621695acaeb26921afb33ded/indian_terrain_sky_blue_men_heathered_slim_fit_shirt_with_patch_pocket.jpg,https://www.ajio.com/indian-terrain-men-heathered-slim-fit-shirt-with-patch-pocket/p/469071874_skyblue
ajio,469040205,Men,Shirts,Ketch,Ketch Navy Blue Men Striped Slim Fit Shirt with Patch Pocket,449,1449,69,,,Navy Blue,https://assets.ajio.com/medias/sys_master/root/20211123/Jhl6/619d05bff997ddf8f1150147/ketch_navy_blue_men_striped_slim_fit_shirt_with_patch_pocket.jpg,https://www.ajio.com/ketch-men-striped-slim-fit-shirt-with-patch-pocket/p/469040205_navymulti
ajio,469318277,Men,Shirts,ALLEN SOLLY,ALLEN SOLLY Yellow Men Slim Fit Cotton Shirt,1039,1599,35,,,Yellow,https://assets.ajio.com/medias/sys_master/root/20220916/6A59/6324915df997dd1f8d04d6e2/allen_solly_yellow_men_slim_fit_cotton_shirt.jpg,https://www.ajio.com/allen-solly-men-slim-fit-cotton-shirt/p/469318277_yellow
ajio,441122593,Men,Shirts,JOHN PLAYERS JEANS,JOHN PLAYERS JEANS Black Charcoal & Blue Men Checked Extra Slim Fit Shirt,510,1699,70,,,Charcoal,https://assets.ajio.com/medias/sys_master/root/20210916/Gpao/61427c5d7cdb8cb824253436/john_players_jeans_black_charcoal_%26_blue_men_checked_extra_slim_fit_shirt.jpg,https://www.ajio.com/john-players-jeans-men-checked-extra-slim-fit-shirt/p/441122593_blackcharcoal
ajio,469332755,Men,Shirts,Ketch,Ketch White Men Typographic Print Slim Fit Shirt,499,1849,73,,,White,https://assets.ajio.com/medias/sys_master/root/20221122/pAsj/637cddf6aeb269659ca69ddf/ketch_white_men_typographic_print_slim_fit_shirt.jpg,https://www.ajio.com/ketch-men-typographic-print-slim-fit-shirt/p/469332755_white
ajio,463278021,Men,Shirts,PAUL STREET,PAUL STREET Black Men Slim Fit Shirt with Patch Pocket,614,1365,55,,,Black,https://assets.ajio.com/medias/sys_master/root/20230621/8JDH/64923318d55b7d0c638501a3/paul_street_black_men_slim_fit_shirt_with_patch_pocket.jpg,https://www.ajio.com/paul-street-men-slim-fit-shirt-with-patch-pocket/p/463278021_black
ajio,441897394,Men,Shirts,UNITED COLORS OF BENETTON Sky,UNITED COLORS OF BENETTON Sky Blue Men Slim Fit Shirt with Band Collar,1889,2999,37,,,Sky Blue,https://assets.ajio.com/medias/sys_master/root/20230314/N1yU/6410a478f997dde6f4f9f2e2/united_colors_of_benetton_sky_blue_men_slim_fit_shirt_with_band_collar.jpg,https://www.ajio.com/united-colors-of-benetton-men-slim-fit-shirt-with-band-collar/p/441897394_skyblue
ajio,420448756,Men,Shirts,BREAKPOINT,BREAKPOINT Red Men Checked Slim Fit Shirt with Patch Pocket,280,699,60,,,Red,https://assets.ajio.com/medias/sys_master/root/20230302/Gic8/63ffaef8f997dde6f4d661fc/breakpoint_red_men_checked_slim_fit_shirt_with_patch_pocket.jpg,https://www.ajio.com/breakpoint-men-checked-slim-fit-shirt-with-patch-pocket/p/420448756_red
ajio,466168135,Men,Shirts,THOMAS SCOTT,THOMAS SCOTT Black Men Slim fit Shirt with Patch Pocket,859,3298,74,,,Black,https://assets.ajio.com/medias/sys_master/root/20230519/4E9J/64668aafd55b7d0c63c6233f/thomas_scott_black_men_slim_fit_shirt_with_patch_pocket.jpg,https://www.ajio.com/thomas-scott-men-slim-fit-shirt-with-patch-pocket/p/466168135_black
ajio,466685963,Men,Shirts,Game Keeper,Game Keeper Multicoloured Men Tie & Dye Regular Fit Crew-Neck T-Shirt,419,1999,79,,,,https://assets.ajio.com/medias/sys_master/root/20231009/JgKv/65242ae8afa4cf41f5350cde/game_keeper_multicoloured_men_tie_%26_dye_regular_fit_crew-neck_t-shirt.jpg,https://www.ajio.com/game-keeper-men-tie--dye-regular-fit-crew-neck-t-shirt/p/466685963_multi
ajio,469464927,Men,Shirts,Arrow Sports,Arrow Sports Blue Men Checked Slim Fit Shirt,1100,2499,56,,,Blue,https://assets.ajio.com/medias/sys_master/root/20230425/PwP9/6447e6dcd55b7d0c637ea8eb/arrow_sports_blue_men_checked_slim_fit_shirt.jpg,https://www.ajio.com/arrow-sports-men-checked-slim-fit-shirt/p/469464927_white
ajio,466219895,Men,Shirts,SHOWOFF Coffee,SHOWOFF Coffee Men Slim Fit Shirt with Spread Collar,1040,2600,60,,,,https://assets.ajio.com/medias/sys_master/root/20230531/pKuh/6477758dd55b7d0c632c3c20/showoff_coffee_men_slim_fit_shirt_with_spread_collar.jpg,https://www.ajio.com/showoff-men-slim-fit-shirt-with-spread-collar/p/466219895_coffee
ajio,466542949,Men,Shirts,PARK AVENUE,PARK AVENUE Pink Men Slim Fit Shirt with Patch Pocket,945,2099,55,,,Pink,https://assets.ajio.com/medias/sys_master/root/20230907/YGSz/64f92512afa4cf41f5ce289a/park_avenue_pink_men_slim_fit_shirt_with_patch_pocket.jpg,https://www.ajio.com/park-avenue-men-slim-fit-shirt-with-patch-pocket/p/466542949_pink
ajio,441666846,Men,Shirts,MUFTI,MUFTI White Men Checked Slim Fit Cotton Shirt,1200,2399,50,,,White,https://assets.ajio.com/medias/sys_master/root/20230626/TL6U/6499a904eebac147fc09935a/mufti_white_men_checked_slim_fit_cotton_shirt.jpg,https://www.ajio.com/mufti-men-checked-slim-fit-cotton-shirt/p/441666846_white
ajio,441666834,Men,Shirts,MUFTI,MUFTI Black Men Slim Fit Shirt with Patch Pocket,1250,2499,50,,,Black,https://assets.ajio.com/medias/sys_master/root/20230626/gLpO/6499aa53a9b42d15c9f3b32b/mufti_black_men_slim_fit_shirt_with_patch_pocket.jpg,https://www.ajio.com/mufti-men-slim-fit-shirt-with-patch-pocket/p/441666834_black
ajio,466298967,Men,Shirts,CRIMSOUNE CLUB,CRIMSOUNE CLUB Green Men Checked Slim Fit Shirt,850,1699,50,,,Green,https://assets.ajio.com/medias/sys_master/root/20230622/2ATs/64944e9d42f9e729d7792f2b/crimsoune_club_green_men_checked_slim_fit_shirt.jpg,https://www.ajio.com/crimsoune-club-men-checked-slim-fit-shirt/p/466298967_green
ajio,469444918,Men,Shirts,British Club,British Club Peach Men Printed Slim Fit Shirt with Patch Pocket,532,1399,62,,,Peach,https://assets.ajio.com/medias/sys_master/root/20230220/erhb/63f3a0e9f997dde6f4b4e855/british_club_peach_men_printed_slim_fit_shirt_with_patch_pocket.jpg,https://www.ajio.com/british-club-men-printed-slim-fit-shirt-with-patch-pocket/p/469444918_peach
ajio,469539256,Men,Shirts,ALLEN SOLLY,ALLEN SOLLY Blue Men Floral Print Slim Fit Shirt,1494,2299,35,,,Blue,https://assets.ajio.com/medias/sys_master/root/20230728/UcZI/64c3d093a9b42d15c97872d9/allen_solly_blue_men_floral_print_slim_fit_shirt.jpg,https://www.ajio.com/allen-solly-men-floral-print-slim-fit-shirt/p/469539256_lightblue
ajio,465868638,Men,Shirts,SNITCH,SNITCH Olive Men Printed Slim Fit Shirt with Spread Collar,699,1998,65,,,Olive,https://assets.ajio.com/medias/sys_master/root/20230628/Wb8j/649beb75a9b42d15c90e0e73/snitch_olive_men_printed_slim_fit_shirt_with_spread_collar.jpg,https://www.ajio.com/snitch-men-printed-slim-fit-shirt-with-spread-collar/p/465868638_olive
ajio,469220268,Men,Shirts,Ketch Dusty,Ketch Dusty Rust Men Slim Fit Shirt with Cutaway Collar,448,1599,72,,,Rust,https://assets.ajio.com/medias/sys_master/root/20220806/rVfS/62ed6ac4f997dd03e22915fe/ketch_dusty_rust_men_slim_fit_shirt_with_cutaway_collar.jpg,https://www.ajio.com/ketch-men-slim-fit-shirt-with-cutaway-collar/p/469220268_multicolour
ajio,441138787,Men,Shirts,JOHN PLAYERS JEANS,JOHN PLAYERS JEANS White Men Zip-Front Slim Fit Hooded Shirt,600,1999,70,,,White,https://assets.ajio.com/medias/sys_master/root/20220630/SURY/62bca3daaeb26921af52310e/john_players_jeans_white_men_zip-front_slim_fit_hooded_shirt.jpg,https://www.ajio.com/john-players-jeans-men-zip-front-slim-fit-hooded-shirt/p/441138787_white
ajio,441415920,Men,Shirts,PARX,PARX White Men Cutaway Collar Slim Fit Shirt,760,1899,60,,,White,https://assets.ajio.com/medias/sys_master/root/20230320/Vpyf/64187d7caeb26924e3cf3c44/parx_white_men_cutaway_collar_slim_fit_shirt.jpg,https://www.ajio.com/parx-men-cutaway-collar-slim-fit-shirt/p/441415920_white
ajio,460436292,Men,Shirts,The Indian Garage Co,The Indian Garage Co Olive Green Men Printed Slim Fit Shirt with Patch Pocket,612,1749,65,,,Green,https://assets.ajio.com/medias/sys_master/root/20230524/eP7t/646e2164d55b7d0c63d5d3d6/the_indian_garage_co_olive_green_men_printed_slim_fit_shirt_with_patch_pocket.jpg,https://www.ajio.com/the-indian-garage-co-men-printed-slim-fit-shirt-with-patch-pocket/p/460436292_olive
ajio,469018286,Men,Shirts,Jack & Jones,Jack & Jones Green Men Camo Print Slim Fit Shirt,1120,2799,60,,,Green,https://assets.ajio.com/medias/sys_master/root/20211019/qUZf/616ee1b0aeb26901109bbfc6/jack_%26_jones_green_men_camo_print_slim_fit_shirt.jpg,https://www.ajio.com/jack--jones-men-camo-print-slim-fit-shirt/p/469018286_green
ajio,466253571,Men,Shirts,THE BEAR HOUSE,THE BEAR HOUSE Blue Men Checked Slim Fit Shirt,1497,2495,40,,,Blue,https://assets.ajio.com/medias/sys_master/root/20230608/IOz3/6481dac7d55b7d0c635a25da/the_bear_house_blue_men_checked_slim_fit_shirt.jpg,https://www.ajio.com/the-bear-house-men-checked-slim-fit-shirt/p/466253571_blue
ajio,420372053,Men,Shirts,ACE MODE,ACE MODE Blue & White Men Checked Slim Fit Shirt,420,1049,60,,,White,https://assets.ajio.com/medias/sys_master/root/20230301/OBZQ/63ff6642aeb26924e39c1ab1/ace_mode_blue_%26_white_men_checked_slim_fit_shirt.jpg,https://www.ajio.com/ace-mode-men-checked-slim-fit-shirt/p/420372053_blue
ajio,466094655,Men,Shirts,THE BEAR HOUSE,THE BEAR HOUSE Blue Men Checked Slim Fit Shirt with Flap Pockets,1453,2795,48,,,Blue,https://assets.ajio.com/medias/sys_master/root/20230629/x4Kj/649cd2f6a9b42d15c91c3310/the_bear_house_blue_men_checked_slim_fit_shirt_with_flap_pockets.jpg,https://www.ajio.com/the-bear-house-men-checked-slim-fit-shirt-with-flap-pockets/p/466094655_blue
ajio,466386797,Men,Shirts,Styli,Styli Blue & White Relaxed Fit Men Colorblock Panel Compact Jersey Oversized T-Shirt,390,999,61,,,White,https://assets.ajio.com/medias/sys_master/root/20230807/SMVb/64d0da76a9b42d15c991ca7d/styli_blue_%26_white_relaxed_fit_men_colorblock_panel_compact_jersey_oversized_t-shirt.jpg,https://www.ajio.com/styli-relaxed-fit-men-colorblock-panel-compact-jersey-oversized-t-shirt/p/466386797_blue
ajio,466687673,Men,Shirts,MAX,MAX Black Men Short Sleeves Round-Neck T-Shirt,399,399,0,,,Black,https://assets.ajio.com/medias/sys_master/root/20231009/KeVn/65240078ddf77915192bb98e/max_black_men_short_sleeves_round-neck_t-shirt.jpg,https://www.ajio.com/max-men-short-sleeves-round-neck-t-shirt/p/466687673_black
ajio,466682656,Men,Shirts,Recast,Recast Purple Men Oversized Fit Crew-Neck T-Shirt,420,1199,65,,,Purple,https://assets.ajio.com/medias/sys_master/root/20231007/QrJb/65206195afa4cf41f5301f78/recast_purple_men_oversized_fit_crew-neck_t-shirt.jpg,https://www.ajio.com/recast-men-oversized-fit-crew-neck-t-shirt/p/466682656_purple
ajio,464080814,Men,Shirts,BLACKBERRYS,BLACKBERRYS Grey Men Printed Slim Fit Shirt with Patch Pocket,1317,2195,40,,,Grey,https://assets.ajio.com/medias/sys_master/root/20220328/ux7b/6241d11eaeb26921affad8b9/blackberrys_grey_men_printed_slim_fit_shirt_with_patch_pocket.jpg,https://www.ajio.com/blackberrys-men-printed-slim-fit-shirt-with-patch-pocket/p/464080814_grey
ajio,469464825,Men,Shirts,Arrow Sports,Arrow Sports Navy Blue Men Checked Slim Fit Shirt,1250,2499,50,,,Navy Blue,https://assets.ajio.com/medias/sys_master/root/20230426/izhR/6449027042f9e729d75112ea/arrow_sports_navy_blue_men_checked_slim_fit_shirt.jpg,https://www.ajio.com/arrow-sports-men-checked-slim-fit-shirt/p/469464825_darkblue
ajio,469230342,Men,Shirts,ARROW,ARROW Maroon Men Slim Fit Shirt with Patch Pocket,1300,2599,50,,,Maroon,https://assets.ajio.com/medias/sys_master/root/20220617/5Hp6/62ac698ef997dd03e28aa725/arrow_maroon_men_slim_fit_shirt_with_patch_pocket.jpg,https://www.ajio.com/arrow-men-slim-fit-shirt-with-patch-pocket/p/469230342_dkred
ajio,466281099,Men,Shirts,PARK AVENUE,PARK AVENUE Multicoloured Men Checked Slim Fit Shirt with Patch Pocket,990,2199,55,,,,https://assets.ajio.com/medias/sys_master/root/20230616/ZmRk/648c641f42f9e729d7477b0c/park_avenue_multicoloured_men_checked_slim_fit_shirt_with_patch_pocket.jpg,https://www.ajio.com/park-avenue-men-checked-slim-fit-shirt-with-patch-pocket/p/466281099_multi
ajio,469213387,Men,Shirts,SIMON CARTER,SIMON CARTER Black Men Paisley Print Slim Fit Cotton Shirt,1400,2799,50,,,Black,https://assets.ajio.com/medias/sys_master/root/20220609/MBIO/62a2064eaeb26921af19e169/simon_carter_black_men_paisley_print_slim_fit_cotton_shirt.jpg,https://www.ajio.com/simon-carter-men-paisley-print-slim-fit-cotton-shirt/p/469213387_black
ajio,469262436,Men,Shirts,VAN HEUSEN,VAN HEUSEN Blue Men Micro Print Slim Fit Shirt,1225,2499,51,,,Blue,https://assets.ajio.com/medias/sys_master/root/20220722/ZYmo/62dac27daeb26921af901087/van_heusen_blue_men_micro_print_slim_fit_shirt.jpg,https://www.ajio.com/van-heusen-men-micro-print-slim-fit-shirt/p/469262436_blue
ajio,469514976,Men,Shirts,INDEPENDENCE,INDEPENDENCE Purple Men Slim Fit Formal Shirt with Patch Pocket,559,1695,67,,,Purple,https://assets.ajio.com/medias/sys_master/root/20231012/SHy7/65280fb2ddf779151937c284/independence_purple_men_slim_fit_formal_shirt_with_patch_pocket.jpg,https://www.ajio.com/independence-men-slim-fit-formal-shirt-with-patch-pocket/p/469514976_purple
ajio,466386406,Men,Shirts,PARX,PARX Blue Men Slim Fit Shirt with Patch Pocket,720,1799,60,,,Blue,https://assets.ajio.com/medias/sys_master/root/20230726/QGKy/64c02105eebac147fc87dd21/parx_blue_men_slim_fit_shirt_with_patch_pocket.jpg,https://www.ajio.com/parx-men-slim-fit-shirt-with-patch-pocket/p/466386406_blue
ajio,466160761,Men,Shirts,SNITCH,SNITCH Red Men Paisley Print Slim Fit Shirt,639,1998,68,,,Red,https://assets.ajio.com/medias/sys_master/root/20230516/6kx6/6463877242f9e729d78c6a99/snitch_red_men_paisley_print_slim_fit_shirt.jpg,https://www.ajio.com/snitch-men-paisley-print-slim-fit-shirt/p/466160761_red
ajio,441138253,Men,Shirts,JOHN PLAYERS,JOHN PLAYERS White Men Checked Slim Fit Shirt with Patch Pocket,450,1499,70,,,White,https://assets.ajio.com/medias/sys_master/root/20220725/tk9x/62deb782aeb26921af99698d/john_players_white_men_checked_slim_fit_shirt_with_patch_pocket.jpg,https://www.ajio.com/john-players-men-checked-slim-fit-shirt-with-patch-pocket/p/441138253_white
ajio,441135234,Men,Shirts,JOHN PLAYERS,JOHN PLAYERS White Men Slim Fit Knitted Shirt with Patch Pocket,540,1799,70,,,White,https://assets.ajio.com/medias/sys_master/root/20211228/WZvC/61ca225af997ddf8f16383cf/john_players_white_men_slim_fit_knitted_shirt_with_patch_pocket.jpg,https://www.ajio.com/john-players-men-slim-fit-knitted-shirt-with-patch-pocket/p/441135234_white
ajio,469040172,Men,Shirts,Ketch,Ketch Blue Men Printed Slim Fit Shirt with Patch Pocket,362,1249,71,,,Blue,https://assets.ajio.com/medias/sys_master/root/20211123/l9TN/619d091bf997ddf8f11515f2/ketch_blue_men_printed_slim_fit_shirt_with_patch_pocket.jpg,https://www.ajio.com/ketch-men-printed-slim-fit-shirt-with-patch-pocket/p/469040172_bluemix
ajio,466702059,Men,Shirts,TRUE SPIRIT,TRUE SPIRIT Pink Men Slim Fit Polo T-Shirt with Ribbed Hem,540,1499,64,,,Pink,https://assets.ajio.com/medias/sys_master/root/20231013/jFAG/65284a37ddf7791519384161/true_spirit_pink_men_slim_fit_polo_t-shirt_with_ribbed_hem.jpg,https://www.ajio.com/true-spirit-men-slim-fit-polo-t-shirt-with-ribbed-hem/p/466702059_pink
ajio,420462747,Men,Shirts,BREAKPOINT,BREAKPOINT Blue Men Checked Slim Fit Shirt,440,1099,60,,,Blue,https://assets.ajio.com/medias/sys_master/root/20230313/PVzS/640f3a99aeb26924e3baf066/breakpoint_blue_men_checked_slim_fit_shirt.jpg,https://www.ajio.com/breakpoint-men-checked-slim-fit-shirt/p/420462747_blue
ajio,465819644,Men,Shirts,PROTOTYPE,PROTOTYPE Blue Men Slim Fit Shirt with Flap Pockets,1400,3499,60,,,Blue,https://assets.ajio.com/medias/sys_master/root/20230526/ZINM/64704af8d55b7d0c630fcca2/prototype_blue_men_slim_fit_shirt_with_flap_pockets.jpg,https://www.ajio.com/prototype-men-slim-fit-shirt-with-flap-pockets/p/465819644_blue
ajio,466387406,Men,Shirts,PARK AVENUE,PARK AVENUE Yellow Men Checked Slim Fit Shirt with Patch Pocket,990,2199,55,,,Yellow,https://assets.ajio.com/medias/sys_master/root/20230726/tP8K/64c14acaeebac147fc8b225d/park_avenue_yellow_men_checked_slim_fit_shirt_with_patch_pocket.jpg,https://www.ajio.com/park-avenue-men-checked-slim-fit-shirt-with-patch-pocket/p/466387406_yellow
ajio,466717438,Men,Shirts,98°north,98°north Maroon Men Regular Fit Polo T-Shirt with Patch Pocket,989,2299,57,,,Maroon,https://assets.ajio.com/medias/sys_master/root/20231017/BcOk/652eb66eafa4cf41f54b0ab4/98%C2%B0north_maroon_men_regular_fit_polo_t-shirt_with_patch_pocket.jpg,https://www.ajio.com/98-north-men-regular-fit-polo-t-shirt-with-patch-pocket/p/466717438_maroon
ajio,441666334,Men,Shirts,U.S. Polo Assn.,U.S. Polo Assn. Khaki Grey Men Slim Fit Cotton Shirt,1679,2399,30,,,Khaki,https://assets.ajio.com/medias/sys_master/root/20230621/dNi6/64931c4cd55b7d0c639dee41/u.s._polo_assn._khaki_grey_men_slim_fit_cotton_shirt.jpg,https://www.ajio.com/u-s-polo-assn-men-slim-fit-cotton-shirt/p/441666334_khaki
ajio,465601080,Men,Shirts,PAUL STREET,PAUL STREET Black Men Slim Fit Shirt with Flap Pockets,886,1845,52,,,Black,https://assets.ajio.com/medias/sys_master/root/20230628/upa7/649b4e24a9b42d15c9f90e96/paul_street_black_men_slim_fit_shirt_with_flap_pockets.jpg,https://www.ajio.com/paul-street-men-slim-fit-shirt-with-flap-pockets/p/465601080_black
ajio,469453100,Men,Shirts,SPYKAR,SPYKAR Blue Men Denim Slim Fit Shirt,1649,2999,45,,,Blue,https://assets.ajio.com/medias/sys_master/root/20230418/tsJ4/643eb9d3711cf97ba7308931/spykar_blue_men_denim_slim_fit_shirt.jpg,https://www.ajio.com/spykar-men-denim-slim-fit-shirt/p/469453100_darkblue
ajio,469280354,Men,Shirts,U.S. Polo Assn. Us,"U.S. Polo Assn.  Us men shirts, orange, s",1175,2499,53,,,Orange,https://assets.ajio.com/medias/sys_master/root/20220908/Xncw/6319d4a3aeb269dbb37b5fde/u.s._polo_assn.__us_men_shirts%2C_orange%2C_s.jpg,https://www.ajio.com/u-s-polo-assn-us-men-shirts-orange-s/p/469280354_orange
ajio,466429700,Men,Shirts,SNITCH,SNITCH White Men Slim Fit Shirt with Button-Down Collar,999,1998,50,,,White,https://assets.ajio.com/medias/sys_master/root/20230807/d2Ti/64d0f91aa9b42d15c9934164/snitch_white_men_slim_fit_shirt_with_button-down_collar.jpg,https://www.ajio.com/snitch-men-slim-fit-shirt-with-button-down-collar/p/466429700_white
ajio,441667025,Men,Shirts,MUFTI,MUFTI  Men Striped Slim Fit Shirt,1200,2399,50,,,,https://assets.ajio.com/medias/sys_master/root/20221129/DKax/63862febf997ddfdbda82ead/mufti__men_striped_slim_fit_shirt.jpg,https://www.ajio.com/mufti-men-striped-slim-fit-shirt/p/441667025_white
ajio,465198550,Men,Shirts,PROTOTYPE,PROTOTYPE Blue Men Button Closure Slim Fit Shirt,1440,3999,64,,,Blue,https://assets.ajio.com/medias/sys_master/root/20230624/08dJ/649630b7eebac147fceae050/prototype_blue_men_button_closure_slim_fit_shirt.jpg,https://www.ajio.com/prototype-men-button-closure-slim-fit-shirt/p/465198550_blue
ajio,469438476,Men,Shirts,LOUIS PHILIPPE,LOUIS PHILIPPE White Men Striped Slim Fit Shirt,1297,2199,41,,,White,https://assets.ajio.com/medias/sys_master/root/20230120/Irmx/63ca7987f997dd708e15e453/louis_philippe_white_men_striped_slim_fit_shirt.jpg,https://www.ajio.com/louis-philippe-men-striped-slim-fit-shirt/p/469438476_white
ajio,469498407,Men,Shirts,The Indian Garage Co,The Indian Garage Co Blue Men Slim Fit Shirt with Spread Collar,565,1949,71,,,Blue,https://assets.ajio.com/medias/sys_master/root/20230530/kBzz/647611ed42f9e729d7ff32a4/the_indian_garage_co_blue_men_slim_fit_shirt_with_spread_collar.jpg,https://www.ajio.com/the-indian-garage-co-men-slim-fit-shirt-with-spread-collar/p/469498407_blue
ajio,441416675,Men,Shirts,MUFTI,MUFTI Navy Blue Men Checked Slim Fit Shirt with Patch Pocket,840,2099,60,,,Navy Blue,https://assets.ajio.com/medias/sys_master/root/20220808/QNP5/62f0fcb0f997dd03e22bd7e5/mufti_navy_blue_men_checked_slim_fit_shirt_with_patch_pocket.jpg,https://www.ajio.com/mufti-men-checked-slim-fit-shirt-with-patch-pocket/p/441416675_navy
ajio,441147362,Men,Shirts,JOHN PLAYERS,JOHN PLAYERS Yellow Men Checked Slim Fit Shirt,520,1299,60,,,Yellow,https://assets.ajio.com/medias/sys_master/root/20221114/7VM0/6371e180aeb269659c892513/john_players_yellow_men_checked_slim_fit_shirt.jpg,https://www.ajio.com/john-players-men-checked-slim-fit-shirt/p/441147362_yellow
ajio,441777551,Men,Shirts,PARX,PARX Blue Men Checked Slim Fit Shirt,680,1699,60,,,Blue,https://assets.ajio.com/medias/sys_master/root/20230801/Z9jR/64c91efceebac147fc9c146d/parx_blue_men_checked_slim_fit_shirt.jpg,https://www.ajio.com/parx-men-checked-slim-fit-shirt/p/441777551_mediumblue
ajio,441130922,Men,Shirts,JOHN PLAYERS JEANS,JOHN PLAYERS JEANS Cream Men Placement Striped Slim Fit Shirt,390,1299,70,,,Cream,https://assets.ajio.com/medias/sys_master/root/20220126/moKX/61f04342f997dd66233c5296/john_players_jeans_cream_men_placement_striped_slim_fit_shirt.jpg,https://www.ajio.com/john-players-jeans-men-placement-striped-slim-fit-shirt/p/441130922_beige
ajio,420359067,Men,Shirts,ROXTAR,ROXTAR Navy Men Checked Slim Fit Shirt,180,449,60,,,Navy,https://assets.ajio.com/medias/sys_master/root/20230427/79Lo/644aaf5ad55b7d0c63857789/roxtar_navy_men_checked_slim_fit_shirt.jpg,https://www.ajio.com/roxtar-men-checked-slim-fit-shirt/p/420359067_navy
ajio,441422567,Men,Shirts,INDIAN TERRAIN,INDIAN TERRAIN Multicoloured Men Checked Slim Fit Shirt,798,2099,62,,,,https://assets.ajio.com/medias/sys_master/root/20220810/CTHT/62f3c34df997dd03e23870ff/indian_terrain_multicoloured_men_checked_slim_fit_shirt.jpg,https://www.ajio.com/indian-terrain-men-checked-slim-fit-shirt/p/441422567_brtmulti
ajio,464156175,Men,Shirts,CROCODILE,CROCODILE Orange Men Checked Slim Fit Shirt with Patch Pocket,1000,1999,50,,,Orange,https://assets.ajio.com/medias/sys_master/root/20230621/jXSV/6492c7eb42f9e729d76ff7aa/crocodile_orange_men_checked_slim_fit_shirt_with_patch_pocket.jpg,https://www.ajio.com/crocodile-men-checked-slim-fit-shirt-with-patch-pocket/p/464156175_orange
ajio,466172916,Men,Shirts,Rare Rabbit,Rare Rabbit Green Men Slim Fit Shirt with Spread Collar,2000,3999,50,,,Green,https://assets.ajio.com/medias/sys_master/root/20230520/kvwI/6467d17a42f9e729d79ebdac/rare_rabbit_green_men_slim_fit_shirt_with_spread_collar.jpg,https://www.ajio.com/rare-rabbit-men-slim-fit-shirt-with-spread-collar/p/466172916_green
ajio,441602635,Men,Shirts,MUFTI,MUFTI Red Men Geometric Print Slim Fit Cotton Shirt,720,1799,60,,,Red,https://assets.ajio.com/medias/sys_master/root/20220809/Spta/62f276edaeb26921afd7171e/mufti_red_men_geometric_print_slim_fit_cotton_shirt.jpg,https://www.ajio.com/mufti-men-geometric-print-slim-fit-cotton-shirt/p/441602635_red
ajio,469332745,Men,Shirts,Ketch,Ketch White Men Slim Fit Cotton Shirt,504,1799,72,,,White,https://assets.ajio.com/medias/sys_master/root/20221122/HPTu/637cf409aeb269659ca70c97/ketch_white_men_slim_fit_cotton_shirt.jpg,https://www.ajio.com/ketch-men-slim-fit-cotton-shirt/p/469332745_white
ajio,469034594,Men,Shirts,Ketch Aqua,Ketch Aqua Blue Men Slim Fit Shirt with Patch Pocket,455,1299,65,,,Blue,https://assets.ajio.com/medias/sys_master/root/20211029/RHft/617af6c4f997ddf8f1f037ff/ketch_aqua_blue_men_slim_fit_shirt_with_patch_pocket.jpg,https://www.ajio.com/ketch-men-slim-fit-shirt-with-patch-pocket/p/469034594_aquablue
ajio,460989299,Men,Shirts,The Indian Garage Co,The Indian Garage Co Black Men Checked Slim Fit Shirt with Patch Pocket,612,1749,65,,,Black,https://assets.ajio.com/medias/sys_master/root/20230718/7bj8/64b6a826eebac147fc766d7d/the_indian_garage_co_black_men_checked_slim_fit_shirt_with_patch_pocket.jpg,https://www.ajio.com/the-indian-garage-co-men-checked-slim-fit-shirt-with-patch-pocket/p/460989299_black
ajio,443018321,Men,Shirts,DNMX,DNMX Beige Men Tropical Print Slim Fit Shirt,999,999,0,,,Beige,https://assets.ajio.com/medias/sys_master/root/20230720/sUZ5/64b964e4eebac147fc7fac77/dnmx_beige_men_tropical_print_slim_fit_shirt.jpg,https://www.ajio.com/dnmx-men-tropical-print-slim-fit-shirt/p/443018321_beige
ajio,441700622,Men,Shirts,INDIAN TERRAIN,INDIAN TERRAIN Mustard Yellow Men Geometric Print Slim Fit Shirt,987,2099,53,,,Mustard,https://assets.ajio.com/medias/sys_master/root/20230717/YTsU/64b56800eebac147fc73b7d4/indian_terrain_mustard_yellow_men_geometric_print_slim_fit_shirt.jpg,https://www.ajio.com/indian-terrain-men-geometric-print-slim-fit-shirt/p/441700622_ltyellow
ajio,469442001,Men,Shirts,SPYKAR,SPYKAR Coral Men Checked Slim Fit Shirt,1104,2399,54,,,Coral,https://assets.ajio.com/medias/sys_master/root/20230413/YTIE/6438154e711cf97ba721bf28/spykar_coral_men_checked_slim_fit_shirt.jpg,https://www.ajio.com/spykar-men-checked-slim-fit-shirt/p/469442001_coral
ajio,441961818,Men,Shirts,PARX,PARX Red Men Cutaway Collar Slim Fit Shirt,720,1799,60,,,Red,https://assets.ajio.com/medias/sys_master/root/20230320/eQeS/64189a76f997dde6f40aaeb0/parx_red_men_cutaway_collar_slim_fit_shirt.jpg,https://www.ajio.com/parx-men-cutaway-collar-slim-fit-shirt/p/441961818_red
ajio,420384077,Men,Shirts,ROXTAR,ROXTAR Navy Men Checked Slim Fit Shirt,220,549,60,,,Navy,https://assets.ajio.com/medias/sys_master/root/20230427/io8C/644ab29dd55b7d0c6385853d/roxtar_navy_men_checked_slim_fit_shirt.jpg,https://www.ajio.com/roxtar-men-checked-slim-fit-shirt/p/420384077_green
ajio,441403409,Men,Shirts,INDIAN TERRAIN,INDIAN TERRAIN Grey Melange Men Micro Print Slim Fit Shirt,874,2299,62,,,Grey,https://assets.ajio.com/medias/sys_master/root/20230717/tJwo/64b555b4eebac147fc72bf53/indian_terrain_grey_melange_men_micro_print_slim_fit_shirt.jpg,https://www.ajio.com/indian-terrain-men-micro-print-slim-fit-shirt/p/441403409_greenmelange
ajio,464526027,Men,Shirts,VOXATI,VOXATI Grey Men Washed Slim Fit VOXATI Men's Denim Grey Shirt,980,1999,51,,,Grey,https://assets.ajio.com/medias/sys_master/root/20220622/fPzh/62b23d7caeb26921af3e9562/voxati_grey_men_washed_slim_fit_voxati_men%27s_denim_grey_shirt.jpg,https://www.ajio.com/voxati-men-washed-slim-fit-voxati-men-s-denim-grey-shirt/p/464526027_grey
ajio,469268028,Men,Shirts,SPYKAR,SPYKAR Green Men Slim Fit Shirt with Patch Pocket,1034,2199,53,,,Green,https://assets.ajio.com/medias/sys_master/root/20230413/rgOM/6437dc20711cf97ba7201433/spykar_green_men_slim_fit_shirt_with_patch_pocket.jpg,https://www.ajio.com/spykar-men-slim-fit-shirt-with-patch-pocket/p/469268028_green
ajio,441700637,Men,Shirts,INDIAN TERRAIN,INDIAN TERRAIN Grey Men Striped Slim Fit Cotton Shirt,1032,2399,57,,,Grey,https://assets.ajio.com/medias/sys_master/root/20230717/B7VD/64b5724aeebac147fc749287/indian_terrain_grey_men_striped_slim_fit_cotton_shirt.jpg,https://www.ajio.com/indian-terrain-men-striped-slim-fit-cotton-shirt/p/441700637_ltgrey
ajio,469263587,Men,Shirts,Ketch,Ketch Rust Men Micro Print Slim Fit Shirt,362,1249,71,,,Rust,https://assets.ajio.com/medias/sys_master/root/20221026/NWhE/63582bb5aeb269659c59bd32/ketch_rust_men_micro_print_slim_fit_shirt.jpg,https://www.ajio.com/ketch-men-micro-print-slim-fit-shirt/p/469263587_rust
ajio,441775435,Men,Shirts,SIN,SIN Black Men Washed Slim Fit Shirt,934,1699,45,,,Black,https://assets.ajio.com/medias/sys_master/root/20230117/5Kvb/63c64777aeb269c651e4b29c/sin_black_men_washed_slim_fit_shirt.jpg,https://www.ajio.com/sin-men-washed-slim-fit-shirt/p/441775435_black
ajio,466701934,Men,Shirts,Fame forever by lifestyle,Fame forever by lifestyle Yellow Men Regular Fit Graphic Print Crew-Neck T-Shirt,719,899,20,,,Yellow,https://assets.ajio.com/medias/sys_master/root/20231013/6Hr7/65284cd2ddf7791519384cf8/fame_forever_by_lifestyle_yellow_men_regular_fit_graphic_print_crew-neck_t-shirt.jpg,https://www.ajio.com/fame-forever-by-lifestyle-men-regular-fit-graphic-print-crew-neck-t-shirt/p/466701934_yellow
ajio,469483492,Men,Shirts,British Club,British Club Blue Men Digital Print Satin Slim Fit Half Sleeve Shirt,720,1999,64,,,Blue,https://assets.ajio.com/medias/sys_master/root/20230516/Wzlr/6463a4e8d55b7d0c63b9b549/british_club_blue_men_digital_print_satin_slim_fit_half_sleeve_shirt.jpg,https://www.ajio.com/british-club-men-digital-print-satin-slim-fit-half-sleeve-shirt/p/469483492_blue
ajio,441077118,Men,Shirts,SIN,SIN Blue Men Slim Fit Micro Print Shirt with Patch Pocket,444,1199,63,,,Blue,https://assets.ajio.com/medias/sys_master/root/20201104/foET/5fa1aec9f997dd8c8382a301/sin_blue_men_slim_fit_micro_print_shirt_with_patch_pocket.jpg,https://www.ajio.com/sin-men-slim-fit-micro-print-shirt-with-patch-pocket/p/441077118_navy
ajio,466680463,Men,Shirts,BLISSTONE,BLISSTONE Black Men Regular Fit Shirt with Spread Collar,569,999,43,,,Black,https://assets.ajio.com/medias/sys_master/root/20231013/XUPM/6528507fafa4cf41f53fadef/blisstone_black_men_regular_fit_shirt_with_spread_collar.jpg,https://www.ajio.com/blisstone-men-regular-fit-shirt-with-spread-collar/p/466680463_black
ajio,469399305,Men,Shirts,Ketch,Ketch Green Men Slim Fit Shirt with Spread Collar,445,1649,73,,,Green,https://assets.ajio.com/medias/sys_master/root/20230118/iEZH/63c81989aeb269c651ea89fb/ketch_green_men_slim_fit_shirt_with_spread_collar.jpg,https://www.ajio.com/ketch-men-slim-fit-shirt-with-spread-collar/p/469399305_green
ajio,441138616,Men,Shirts,JOHN PLAYERS JEANS,JOHN PLAYERS JEANS Black Men Slim Fit Shirt with Patch Pocket,540,1799,70,,,Black,https://assets.ajio.com/medias/sys_master/root/20220817/hxFA/62fd25a3f997dd394cff9136/john_players_jeans_black_men_slim_fit_shirt_with_patch_pocket.jpg,https://www.ajio.com/john-players-jeans-men-slim-fit-shirt-with-patch-pocket/p/441138616_black
ajio,441142096,Men,Shirts,NETPLAY,NETPLAY White Men Checked Slim Fit Shirt with Patch Pocket,390,1299,70,,,White,https://assets.ajio.com/medias/sys_master/root/20220706/X7Zg/62c5b990f997dd03e2c01ac8/netplay_white_men_checked_slim_fit_shirt_with_patch_pocket.jpg,https://www.ajio.com/netplay-men-checked-slim-fit-shirt-with-patch-pocket/p/441142096_white
ajio,469241559,Men,Shirts,LEVIS,LEVIS White & Yellow Men Striped Slim Fit Shirt with Patch Pocket,1592,2699,41,,,Yellow,https://assets.ajio.com/medias/sys_master/root/20220808/aG1N/62f11f60aeb26921afcf55d3/levis_white_%26_yellow_men_striped_slim_fit_shirt_with_patch_pocket.jpg,https://www.ajio.com/levis-men-striped-slim-fit-shirt-with-patch-pocket/p/469241559_white
ajio,465093521,Men,Shirts,Cantabil,Cantabil Khaki Men Slim Fit Shirt with Patch Pocket,800,1999,60,,,Khaki,https://assets.ajio.com/medias/sys_master/root/20230624/Efeo/649602a5a9b42d15c9cdf910/cantabil_khaki_men_slim_fit_shirt_with_patch_pocket.jpg,https://www.ajio.com/cantabil-men-slim-fit-shirt-with-patch-pocket/p/465093521_khaki
ajio,469534903,Men,Shirts,The Indian Garage Co,The Indian Garage Co White Men Conversational Print Slim Fit Shirt with Patch Pocket,525,1749,70,,,White,https://assets.ajio.com/medias/sys_master/root/20230810/cP6x/64d4a121a9b42d15c9a0524f/the_indian_garage_co_white_men_conversational_print_slim_fit_shirt_with_patch_pocket.jpg,https://www.ajio.com/the-indian-garage-co-men-conversational-print-slim-fit-shirt-with-patch-pocket/p/469534903_white
ajio,469369899,Men,Shirts,British Club,British Club Green Men Checked Slim Fit Shirt,616,2199,72,,,Green,https://assets.ajio.com/medias/sys_master/root/20221114/wDTL/63721a3bf997ddfdbd70500e/british_club_green_men_checked_slim_fit_shirt.jpg,https://www.ajio.com/british-club-men-checked-slim-fit-shirt/p/469369899_green
ajio,466386751,Men,Shirts,RAYMOND Violet,RAYMOND Violet Men Slim Fit Shirt with Patch Pocket,1319,2199,40,,,,https://assets.ajio.com/medias/sys_master/root/20230726/LZH9/64c07477a9b42d15c96e5ae7/raymond_violet_men_slim_fit_shirt_with_patch_pocket.jpg,https://www.ajio.com/raymond-men-slim-fit-shirt-with-patch-pocket/p/466386751_violet
ajio,420359027,Men,Shirts,ROXTAR,ROXTAR Blue Men Checked Slim Fit Shirt,180,449,60,,,Blue,https://assets.ajio.com/medias/sys_master/root/20230427/aUIb/644a89dbd55b7d0c6383f8b8/roxtar_blue_men_checked_slim_fit_shirt.jpg,https://www.ajio.com/roxtar-men-checked-slim-fit-shirt/p/420359027_darkblue
ajio,460436288,Men,Shirts,The Indian Garage Co,The Indian Garage Co Rust Men Floral Print Slim Fit Cotton Shirt with Patch Pocket,560,1749,68,,,Rust,https://assets.ajio.com/medias/sys_master/root/20230718/TWHg/64b6b4c6a9b42d15c95dae4c/the_indian_garage_co_rust_men_floral_print_slim_fit_cotton_shirt_with_patch_pocket.jpg,https://www.ajio.com/the-indian-garage-co-men-floral-print-slim-fit-cotton-shirt-with-patch-pocket/p/460436288_rust
ajio,441020084,Men,Shirts,INDIAN TERRAIN,INDIAN TERRAIN Red Men Checked Slim Fit Shirt with Patch Pocket,693,2099,67,,,Red,https://assets.ajio.com/medias/sys_master/root/h0c/hdf/14729782099998/indian_terrain_red_men_checked_slim_fit_shirt_with_patch_pocket.jpg,https://www.ajio.com/indian-terrain-men-checked-slim-fit-shirt-with-patch-pocket/p/441020084_darkred
ajio,466669072,Men,Shirts,URGEAR,URGEAR Pink Men Tie & Dye Crew-Neck T-Shirt,459,2329,80,,,Pink,https://assets.ajio.com/medias/sys_master/root/20231004/N6AB/651d95ebafa4cf41f5261094/urgear_pink_men_tie_%26_dye_crew-neck_t-shirt.jpg,https://www.ajio.com/urgear-men-tie--dye-crew-neck-t-shirt/p/466669072_pink
ajio,420371991,Men,Shirts,ACE MODE,ACE MODE Red & Blue Men Checked Slim Fit Shirt,280,699,60,,,Blue,https://assets.ajio.com/medias/sys_master/root/20230301/aw3y/63ff7f16aeb26924e39c96c8/ace_mode_red_%26_blue_men_checked_slim_fit_shirt.jpg,https://www.ajio.com/ace-mode-men-checked-slim-fit-shirt/p/420371991_red
ajio,469163368,Men,Shirts,Ketch,Ketch Green Men Checked Slim Fit Shirt with Patch Pocket,370,999,63,,,Green,https://assets.ajio.com/medias/sys_master/root/20220413/aW6Z/6255dc54aeb26921af1cde47/ketch_green_men_checked_slim_fit_shirt_with_patch_pocket.jpg,https://www.ajio.com/ketch-men-checked-slim-fit-shirt-with-patch-pocket/p/469163368_green
ajio,469161585,Men,Shirts,Ketch,Ketch Multicoloured Men Abstract Print Slim Fit Shirt with Patch Pocket,406,1399,71,,,,https://assets.ajio.com/medias/sys_master/root/20220319/aGYB/6234dcc2f997dd03e21dd19c/ketch_multicoloured_men_abstract_print_slim_fit_shirt_with_patch_pocket.jpg,https://www.ajio.com/ketch-men-abstract-print-slim-fit-shirt-with-patch-pocket/p/469161585_yellow
ajio,469464844,Men,Shirts,Arrow Sports,Arrow Sports Green Men Micro Print Slim Fit Shirt with Patch Pocket,1150,2299,50,,,Green,https://assets.ajio.com/medias/sys_master/root/20230426/dTJA/6448ff0f42f9e729d750fec4/arrow_sports_green_men_micro_print_slim_fit_shirt_with_patch_pocket.jpg,https://www.ajio.com/arrow-sports-men-micro-print-slim-fit-shirt-with-patch-pocket/p/469464844_green
ajio,441138238,Men,Shirts,JOHN PLAYERS,JOHN PLAYERS Pink Men Checked Slim Fit Shirt,540,1799,70,,,Pink,https://assets.ajio.com/medias/sys_master/root/20220518/F8FP/62852cf5aeb26921afa0c385/john_players_pink_men_checked_slim_fit_shirt.jpg,https://www.ajio.com/john-players-men-checked-slim-fit-shirt/p/441138238_peach
ajio,466769061,Men,Shirts,Tyzlo,Tyzlo Navy Blue Men Checked Regular Fit Shirt,510,1499,66,,,Navy Blue,https://assets.ajio.com/medias/sys_master/root/20231102/01Gg/6543cef7afa4cf41f5708c16/tyzlo_navy_blue_men_checked_regular_fit_shirt.jpg,https://www.ajio.com/tyzlo-men-checked-regular-fit-shirt/p/466769061_navy
ajio,464417371,Men,Shirts,SHOWOFF,SHOWOFF Blue Men Floral Print Slim Fit Shirt,962,2405,60,,,Blue,https://assets.ajio.com/medias/sys_master/root/20220601/Dae1/62968360aeb26921afff642f/showoff_blue_men_floral_print_slim_fit_shirt.jpg,https://www.ajio.com/showoff-men-floral-print-slim-fit-shirt/p/464417371_blue
ajio,465963686,Men,Shirts,DENNISLINGO PREMIUM ATTIRE,DENNISLINGO PREMIUM ATTIRE Blue Men Slim Fit Mandarin-Collar Shirt,588,2799,79,,,Blue,https://assets.ajio.com/medias/sys_master/root/20230629/LpCI/649cb1aeeebac147fc2d872e/dennislingo_premium_attire_blue_men_slim_fit_mandarin-collar_shirt.jpg,https://www.ajio.com/dennislingo-premium-attire-men-slim-fit-mandarin-collar-shirt/p/465963686_blue
ajio,469214513,Men,Shirts,LOUIS PHILIPPE,LOUIS PHILIPPE Maroon Men Camouflage Print Slim Fit Shirt,1592,2449,35,,,Maroon,https://assets.ajio.com/medias/sys_master/root/20220609/B54I/62a10b47aeb26921af18a0a3/louis_philippe_maroon_men_camouflage_print_slim_fit_shirt.jpg,https://www.ajio.com/louis-philippe-men-camouflage-print-slim-fit-shirt/p/469214513_maroon
ajio,469332753,Men,Shirts,Ketch,Ketch White Men Printed Slim Fit Cotton Shirt,551,1899,71,,,White,https://assets.ajio.com/medias/sys_master/root/20221122/6blN/637ce056f997ddfdbd8eab23/ketch_white_men_printed_slim_fit_cotton_shirt.jpg,https://www.ajio.com/ketch-men-printed-slim-fit-cotton-shirt/p/469332753_white
ajio,466438719,Men,Shirts,THE BEAR HOUSE,THE BEAR HOUSE Yellow Men Slim Fit Shirt with Patch Pocket,1197,1995,40,,,Yellow,https://assets.ajio.com/medias/sys_master/root/20230809/cj1s/64d3be85a9b42d15c99ed8fd/the_bear_house_yellow_men_slim_fit_shirt_with_patch_pocket.jpg,https://www.ajio.com/the-bear-house-men-slim-fit-shirt-with-patch-pocket/p/466438719_yellow
ajio,465694665,Men,Shirts,Temple Of Denim,Temple Of Denim Blue Men Washed Slim Fit Shacket with Flap Pockets,1800,4999,64,,,Blue,https://assets.ajio.com/medias/sys_master/root/20230321/JSVW/6418ecbef997dde6f410ffc2/temple_of_denim_blue_men_washed_slim_fit_shacket_with_flap_pockets.jpg,https://www.ajio.com/temple-of-denim-men-washed-slim-fit-shacket-with-flap-pockets/p/465694665_blue
ajio,465080062,Men,Shirts,BLACKBERRYS,BLACKBERRYS Green Men Floral Print Slim Fit Shirt,1437,2395,40,,,Green,https://assets.ajio.com/medias/sys_master/root/20230624/Ddpw/6495ff8beebac147fce303a0/blackberrys_green_men_floral_print_slim_fit_shirt.jpg,https://www.ajio.com/blackberrys-men-floral-print-slim-fit-shirt/p/465080062_green
ajio,441893582,Men,Shirts,ALLEN SOLLY,ALLEN SOLLY Red Men Checked Slim Fit Shirt,1724,2299,25,,,Red,https://assets.ajio.com/medias/sys_master/root/20221122/VK3G/637ce28bf997ddfdbd8eb651/allen_solly_red_men_checked_slim_fit_shirt.jpg,https://www.ajio.com/allen-solly-men-checked-slim-fit-shirt/p/441893582_orange
ajio,441700626,Men,Shirts,INDIAN TERRAIN,INDIAN TERRAIN Green Men Printed Slim Fit Shirt,903,2099,57,,,Green,https://assets.ajio.com/medias/sys_master/root/20230803/JWDn/64cbd106a9b42d15c989b684/indian_terrain_green_men_printed_slim_fit_shirt.jpg,https://www.ajio.com/indian-terrain-men-printed-slim-fit-shirt/p/441700626_greenmelange
ajio,469018313,Men,Shirts,Jack & Jones,Jack & Jones Blue Men Floral Print Slim Fit Shirt,1200,2999,60,,,Blue,https://assets.ajio.com/medias/sys_master/root/20211019/Rp68/616edf67aeb26901109bb5bc/jack_%26_jones_blue_men_floral_print_slim_fit_shirt.jpg,https://www.ajio.com/jack--jones-men-floral-print-slim-fit-shirt/p/469018313_blue
ajio,441408813,Men,Shirts,Colorplus,Colorplus Red Men Spread Collar Regular Fit Shirt,1350,2699,50,,,Red,https://assets.ajio.com/medias/sys_master/root/20230320/J0Mq/64187ba5f997dde6f409a3e3/colorplus_red_men_spread_collar_regular_fit_shirt.jpg,https://www.ajio.com/colorplus-men-spread-collar-regular-fit-shirt/p/441408813_red
ajio,469444400,Men,Shirts,Ketch,Ketch Black Men Checked Slim Fit Shirt,437,1899,77,,,Black,https://assets.ajio.com/medias/sys_master/root/20230523/3wlS/646c7b1042f9e729d7a46f1a/ketch_black_men_checked_slim_fit_shirt.jpg,https://www.ajio.com/ketch-men-checked-slim-fit-shirt/p/469444400_black
ajio,466260609,Men,Shirts,PAUL STREET,PAUL STREET White Men Coast Print Slim Fit Shirt,788,1750,55,,,White,https://assets.ajio.com/medias/sys_master/root/20230612/0l27/64871f6bd55b7d0c63603799/paul_street_white_men_coast_print_slim_fit_shirt.jpg,https://www.ajio.com/paul-street-men-coast-print-slim-fit-shirt/p/466260609_white
ajio,441177209,Men,Shirts,KNIGHTHOOD,KNIGHTHOOD Pink Men Checked Slim Fit Shirt with Patch Pocket,709,999,29,,,Pink,https://assets.ajio.com/medias/sys_master/root/20220606/obb8/629e1b47f997dd03e266bb89/knighthood_pink_men_checked_slim_fit_shirt_with_patch_pocket.jpg,https://www.ajio.com/knighthood-men-checked-slim-fit-shirt-with-patch-pocket/p/441177209_orange
ajio,441700994,Men,Shirts,INDIAN TERRAIN,INDIAN TERRAIN White Men Checked Slim Fit Shirt,989,2299,57,,,White,https://assets.ajio.com/medias/sys_master/root/20230927/oare/6514538aafa4cf41f51350d7/indian_terrain_white_men_checked_slim_fit_shirt.jpg,https://www.ajio.com/indian-terrain-men-checked-slim-fit-shirt/p/441700994_ltwhite
ajio,420294747,Men,Shirts,PINE REPUBLIC,PINE REPUBLIC Brown Men Slim Fit Polo T-Shirt,399,399,0,,,Brown,https://assets.ajio.com/medias/sys_master/root/20231106/S7s4/654905aaddf77915197221dd/pine_republic_brown_men_slim_fit_polo_t-shirt.jpg,https://www.ajio.com/pine-republic-men-slim-fit-polo-t-shirt/p/420294747_brown
ajio,420358972,Men,Shirts,ROXTAR,ROXTAR Green Men Checked Slim Fit Shirt,260,649,60,,,Green,https://assets.ajio.com/medias/sys_master/root/20230518/yQ59/64665d23d55b7d0c63c4b28e/roxtar_green_men_checked_slim_fit_shirt.jpg,https://www.ajio.com/roxtar-men-checked-slim-fit-shirt/p/420358972_green
ajio,460868128,Men,Shirts,The Indian Garage Co,The Indian Garage Co Multicoloured Men Checked Slim Fit Shirt,560,1749,68,,,,https://assets.ajio.com/medias/sys_master/root/20230728/qsgx/64c3dc38eebac147fc93c4fd/the_indian_garage_co_multicoloured_men_checked_slim_fit_shirt.jpg,https://www.ajio.com/the-indian-garage-co-men-checked-slim-fit-shirt/p/460868128_multicolour
ajio,466711579,Men,Shirts,AUSK,AUSK Teal Blue Men Graphic Print Oversized Fit Crew-Neck T-Shirt,249,1499,83,,,Blue,https://assets.ajio.com/medias/sys_master/root/20231031/1RyE/654111c5ddf7791519658667/ausk_teal_blue_men_graphic_print_oversized_fit_crew-neck_t-shirt.jpg,https://www.ajio.com/ausk-men-graphic-print-oversized-fit-crew-neck-t-shirt/p/466711579_teal
ajio,464523069,Men,Shirts,YOVISH,YOVISH Blue Men Checked Slim Fit Shirt,1155,3499,67,,,Blue,https://assets.ajio.com/medias/sys_master/root/20230623/qrLs/6494e5b642f9e729d78248b4/yovish_blue_men_checked_slim_fit_shirt.jpg,https://www.ajio.com/yovish-men-checked-slim-fit-shirt/p/464523069_blue
ajio,466684588,Men,Shirts,Ooko Kaka,Ooko Kaka White Men Checked Slim Fit Shirt with Patch Pocket,1960,2800,30,,,White,https://assets.ajio.com/medias/sys_master/root/20231009/exml/6523dff1afa4cf41f532c311/ooko_kaka_white_men_checked_slim_fit_shirt_with_patch_pocket.jpg,https://www.ajio.com/ooko-kaka-men-checked-slim-fit-shirt-with-patch-pocket/p/466684588_white
ajio,469471553,Men,Shirts,SIMON CARTER,SIMON CARTER Blue Men Slim Fit Shirt with Spread Collar,2399,3999,40,,,Blue,https://assets.ajio.com/medias/sys_master/root/20230329/t7SV/64242514907deb497aba7788/simon_carter_blue_men_slim_fit_shirt_with_spread_collar.jpg,https://www.ajio.com/simon-carter-men-slim-fit-shirt-with-spread-collar/p/469471553_blue
ajio,441700944,Men,Shirts,INDIAN TERRAIN,INDIAN TERRAIN Blue Men Lightly Washed Slim Fit Shirt,966,2299,58,,,Blue,https://assets.ajio.com/medias/sys_master/root/20230525/zbyN/646f977842f9e729d7d27c7a/indian_terrain_blue_men_lightly_washed_slim_fit_shirt.jpg,https://www.ajio.com/indian-terrain-men-lightly-washed-slim-fit-shirt/p/441700944_inkblue
ajio,466170943,Men,Shirts,Chennis,Chennis Green Men Checked Slim Fit Shirt,699,999,30,,,Green,https://assets.ajio.com/medias/sys_master/root/20230519/yxJi/6467833fd55b7d0c63c8b47c/chennis_green_men_checked_slim_fit_shirt.jpg,https://www.ajio.com/chennis-men-checked-slim-fit-shirt/p/466170943_green
ajio,441144212,Men,Shirts,NETPLAY,NETPLAY Blue Men Floral Print Slim Fit Shirt,420,1049,60,,,Blue,https://assets.ajio.com/medias/sys_master/root/20220623/BiSL/62b4ac10f997dd03e29a6d8e/netplay_blue_men_floral_print_slim_fit_shirt.jpg,https://www.ajio.com/netplay-men-floral-print-slim-fit-shirt/p/441144212_ltblue
ajio,460979124,Men,Shirts,Pepe Jeans,Pepe Jeans Yellow Men Slim Fit Shirt with Flap Pockets,884,2599,66,,,Yellow,https://assets.ajio.com/medias/sys_master/root/20230216/bOJW/63edcf6cf997dde6f4ab1c04/pepe_jeans_yellow_men_slim_fit_shirt_with_flap_pockets.jpg,https://www.ajio.com/pepe-jeans-men-slim-fit-shirt-with-flap-pockets/p/460979124_yellow
ajio,466145342,Men,Shirts,STUDIO NEXX,STUDIO NEXX Black Men Slim Fit Shirt with Patch Pocket,599,1699,65,,,Black,https://assets.ajio.com/medias/sys_master/root/20230629/OfqL/649d0337a9b42d15c9224a4e/studio_nexx_black_men_slim_fit_shirt_with_patch_pocket.jpg,https://www.ajio.com/studio-nexx-men-slim-fit-shirt-with-patch-pocket/p/466145342_black
ajio,465761763,Men,Shirts,CRIMSOUNE CLUB,CRIMSOUNE CLUB White Men Checked Slim Fit Shirt with Patch Pocket,950,1899,50,,,White,https://assets.ajio.com/medias/sys_master/root/20230322/hPC6/641a978d907deb497a99a724/crimsoune_club_white_men_checked_slim_fit_shirt_with_patch_pocket.jpg,https://www.ajio.com/crimsoune-club-men-checked-slim-fit-shirt-with-patch-pocket/p/465761763_white
ajio,465821348,Men,Shirts,PAUL STREET,PAUL STREET Blue Men Checked Slim Fit Shirt with Patch Pocket,878,1950,55,,,Blue,https://assets.ajio.com/medias/sys_master/root/20230628/SE92/649be57feebac147fc23559f/paul_street_blue_men_checked_slim_fit_shirt_with_patch_pocket.jpg,https://www.ajio.com/paul-street-men-checked-slim-fit-shirt-with-patch-pocket/p/465821348_blue
ajio,420404742,Men,Shirts,ROXTAR,ROXTAR White Men Checked Slim Fit Shirt with Patch Pocket,180,449,60,,,White,https://assets.ajio.com/medias/sys_master/root/20230427/tUc1/644a97c5d55b7d0c638468e9/roxtar_white_men_checked_slim_fit_shirt_with_patch_pocket.jpg,https://www.ajio.com/roxtar-men-checked-slim-fit-shirt-with-patch-pocket/p/420404742_white
ajio,441592308,Men,Shirts,PARX,PARX Peach Orange Men Printed Slim Fit Shirt,720,1799,60,,,Orange,https://assets.ajio.com/medias/sys_master/root/20230801/otIM/64c936faa9b42d15c9845c02/parx_peach_orange_men_printed_slim_fit_shirt.jpg,https://www.ajio.com/parx-men-printed-slim-fit-shirt/p/441592308_ltorange
ajio,469533388,Men,Shirts,VAN HEUSEN,VAN HEUSEN Maroon Men Slim Fit Shirt with Patch Pocket,1474,2499,41,,,Maroon,https://assets.ajio.com/medias/sys_master/root/20230714/J6uM/64b04c38eebac147fc6b5cc0/van_heusen_maroon_men_slim_fit_shirt_with_patch_pocket.jpg,https://www.ajio.com/van-heusen-men-slim-fit-shirt-with-patch-pocket/p/469533388_maroon
ajio,469486665,Men,Shirts,Ketch,Ketch White Men Graphic Print Slim Fit Shirt,455,1749,74,,,White,https://assets.ajio.com/medias/sys_master/root/20230523/SKF9/646c7b6f42f9e729d7a470c3/ketch_white_men_graphic_print_slim_fit_shirt.jpg,https://www.ajio.com/ketch-men-graphic-print-slim-fit-shirt/p/469486665_white
ajio,464513121,Men,Shirts,PAUL STREET,PAUL STREET White Men Printed Slim Fit Shirt,695,1545,55,,,White,https://assets.ajio.com/medias/sys_master/root/20230623/YLb8/6495027942f9e729d78693de/paul_street_white_men_printed_slim_fit_shirt.jpg,https://www.ajio.com/paul-street-men-printed-slim-fit-shirt/p/464513121_white
ajio,441700961,Men,Shirts,INDIAN TERRAIN,INDIAN TERRAIN Multicoloured Men Checked Slim Fit Shirt,1075,2499,57,,,,https://assets.ajio.com/medias/sys_master/root/20230717/UY7P/64b5564da9b42d15c95a057e/indian_terrain_multicoloured_men_checked_slim_fit_shirt.jpg,https://www.ajio.com/indian-terrain-men-checked-slim-fit-shirt/p/441700961_ltorange
ajio,466768578,Men,Shirts,Sthula's,Sthula's Green Men Loose Fit Round-Neck T-Shirt,324,1799,82,,,Green,https://assets.ajio.com/medias/sys_master/root/20231103/I6PD/654420cdddf77915196bcdf5/sthula%27s_green_men_loose_fit_round-neck_t-shirt.jpg,https://www.ajio.com/sthula-s-men-loose-fit-round-neck-t-shirt/p/466768578_green
ajio,465868146,Men,Shirts,SNITCH,SNITCH Grey & Black Men Floral Print Slim Fit Shirt,699,1998,65,,,Black,https://assets.ajio.com/medias/sys_master/root/20230628/F4Y6/649c08cdeebac147fc2786a8/snitch_grey_%26_black_men_floral_print_slim_fit_shirt.jpg,https://www.ajio.com/snitch-men-floral-print-slim-fit-shirt/p/465868146_grey
ajio,420404843,Men,Shirts,ROXTAR,ROXTAR Black Men Checked Slim Fit Shirt with Flap Pockets,220,549,60,,,Black,https://assets.ajio.com/medias/sys_master/root/20230427/4Itp/644ab6c542f9e729d756cd41/roxtar_black_men_checked_slim_fit_shirt_with_flap_pockets.jpg,https://www.ajio.com/roxtar-men-checked-slim-fit-shirt-with-flap-pockets/p/420404843_black
ajio,469125976,Men,Shirts,ARROW,ARROW Pink Men Slim Fit Shirt with Patch Pocket,1250,2499,50,,,Pink,https://assets.ajio.com/medias/sys_master/root/20230128/rU6Y/63d4e4a8f997dd708e286d51/arrow_pink_men_slim_fit_shirt_with_patch_pocket.jpg,https://www.ajio.com/arrow-men-slim-fit-shirt-with-patch-pocket/p/469125976_pink
ajio,466706252,Men,Shirts,MANIAC,MANIAC Pink Men Oversized Fit Polo T-Shirt,565,1569,64,,,Pink,https://assets.ajio.com/medias/sys_master/root/20231015/qUV2/652be8f0ddf77915193c5100/maniac_pink_men_oversized_fit_polo_t-shirt.jpg,https://www.ajio.com/maniac-men-oversized-fit-polo-t-shirt/p/466706252_pink
ajio,441120851,Men,Shirts,JOHN PLAYERS,JOHN PLAYERS Blue Men Checked Slim Fit Shirt,450,1499,70,,,Blue,https://assets.ajio.com/medias/sys_master/root/20210728/gWCw/61006910f997ddb3123c3d42/john_players_blue_men_checked_slim_fit_shirt.jpg,https://www.ajio.com/john-players-men-checked-slim-fit-shirt/p/441120851_blue
ajio,465451802,Men,Shirts,CROCODILE,CROCODILE Blue Men Solid Regular Fit Shirt,1250,2499,50,,,Blue,https://assets.ajio.com/medias/sys_master/root/20230624/H5Sn/6496d50aa9b42d15c9ea5ab4/crocodile_blue_men_solid_regular_fit_shirt.jpg,https://www.ajio.com/crocodile-men-solid-regular-fit-shirt/p/465451802_aqua
ajio,465456354,Men,Shirts,SNITCH,SNITCH Pink Men Micro Print Slim Fit Shirt,702,2599,73,,,Pink,https://assets.ajio.com/medias/sys_master/root/20230526/BU93/6470296642f9e729d7e0442a/snitch_pink_men_micro_print_slim_fit_shirt.jpg,https://www.ajio.com/snitch-men-micro-print-slim-fit-shirt/p/465456354_pink
ajio,469034614,Men,Shirts,Ketch,Ketch Blue Men Slim Fit Shirt with Patch Pocket,468,1199,61,,,Blue,https://assets.ajio.com/medias/sys_master/root/20211029/nPqv/617af47eaeb2690110afe158/ketch_blue_men_slim_fit_shirt_with_patch_pocket.jpg,https://www.ajio.com/ketch-men-slim-fit-shirt-with-patch-pocket/p/469034614_bluewhite
ajio,466524772,Men,Shirts,JB JUST,JB JUST BLACK Black Men Slim Fit Shirt with Patch Pocket,672,1599,58,,,Black,https://assets.ajio.com/medias/sys_master/root/20230904/mUgX/64f5b8caddf77915199274e0/jb_just_black_black_men_slim_fit_shirt_with_patch_pocket.jpg,https://www.ajio.com/jb-just-black-men-slim-fit-shirt-with-patch-pocket/p/466524772_black
ajio,469195346,Men,Shirts,VAN HEUSEN,VAN HEUSEN Black Men Checked Slim Fit Cotton Shirt with Patch Pocket,1176,2399,51,,,Black,https://assets.ajio.com/medias/sys_master/root/20220505/VBB6/6273f32af997dd03e2970094/van_heusen_black_men_checked_slim_fit_cotton_shirt_with_patch_pocket.jpg,https://www.ajio.com/van-heusen-men-checked-slim-fit-cotton-shirt-with-patch-pocket/p/469195346_black
ajio,466390322,Men,Shirts,PARK AVENUE,PARK AVENUE Maroon Men Checked Slim Fit Shirt with Patch Pocket,990,2199,55,,,Maroon,https://assets.ajio.com/medias/sys_master/root/20230727/NTTO/64c19e23eebac147fc8bda2b/park_avenue_maroon_men_checked_slim_fit_shirt_with_patch_pocket.jpg,https://www.ajio.com/park-avenue-men-checked-slim-fit-shirt-with-patch-pocket/p/466390322_maroon
ajio,420360317,Men,Shirts,ROXTAR,ROXTAR Khaki Men Printed Slim Fit Shirt,220,549,60,,,Khaki,https://assets.ajio.com/medias/sys_master/root/20230427/Br8f/644abcd442f9e729d756d5ae/roxtar_khaki_men_printed_slim_fit_shirt.jpg,https://www.ajio.com/roxtar-men-printed-slim-fit-shirt/p/420360317_khaki
ajio,441901478,Men,Shirts,PARX,PARX White Men Cutaway Collar Slim Fit Shirt,760,1899,60,,,White,https://assets.ajio.com/medias/sys_master/root/20230320/M80j/641870dfaeb26924e3cf04c6/parx_white_men_cutaway_collar_slim_fit_shirt.jpg,https://www.ajio.com/parx-men-cutaway-collar-slim-fit-shirt/p/441901478_white
ajio,420400607,Men,Shirts,NTWK,NTWK White Men Micro Print Slim Fit Shirt,350,999,65,,,White,https://assets.ajio.com/medias/sys_master/root/20230316/OKmS/64134667aeb26924e3c8b309/ntwk_white_men_micro_print_slim_fit_shirt.jpg,https://www.ajio.com/ntwk-men-micro-print-slim-fit-shirt/p/420400607_white
ajio,466683668,Men,Shirts,Ooko Kaka,Ooko Kaka Blue Men Slim Fit Shirt with Flap Pockets,1960,2800,30,,,Blue,https://assets.ajio.com/medias/sys_master/root/20231009/DehC/652429baddf77915192d0914/ooko_kaka_blue_men_slim_fit_shirt_with_flap_pockets.jpg,https://www.ajio.com/ooko-kaka-men-slim-fit-shirt-with-flap-pockets/p/466683668_blue
ajio,469212993,Men,Shirts,VAN HEUSEN,VAN HEUSEN Navy Men Micro Print Slim Fit Shirt,1225,2499,51,,,Navy,https://assets.ajio.com/medias/sys_master/root/20220609/SRr7/62a20920aeb26921af19f02f/van_heusen_navy_men_micro_print_slim_fit_shirt.jpg,https://www.ajio.com/van-heusen-men-micro-print-slim-fit-shirt/p/469212993_navy
ajio,469288424,Men,Shirts,Ketch,Ketch Pink Men Printed Slim Fit Shirt,435,1499,71,,,Pink,https://assets.ajio.com/medias/sys_master/root/20221026/BCtZ/635837c4aeb269659c59d9dd/ketch_pink_men_printed_slim_fit_shirt.jpg,https://www.ajio.com/ketch-men-printed-slim-fit-shirt/p/469288424_pink
ajio,420375852,Men,Shirts,NTWK,NTWK Grey Men Striped Slim Fit Shirt,350,999,65,,,Grey,https://assets.ajio.com/medias/sys_master/root/20230316/r12y/641353a3f997dde6f40329af/ntwk_grey_men_striped_slim_fit_shirt.jpg,https://www.ajio.com/ntwk-men-striped-slim-fit-shirt/p/420375852_grey
ajio,469553725,Men,Shirts,ALLEN SOLLY,ALLEN SOLLY Navy Blue Men Polka-Dot Print Slim Fit Shirt,1299,1999,35,,,Navy Blue,https://assets.ajio.com/medias/sys_master/root/20231013/U8ai/65292e13ddf7791519395f4d/allen_solly_navy_blue_men_polka-dot_print_slim_fit_shirt.jpg,https://www.ajio.com/allen-solly-men-polka-dot-print-slim-fit-shirt/p/469553725_navy
ajio,469340065,Men,Shirts,LOUIS PHILIPPE,LOUIS PHILIPPE White Men Striped Slim Fit Shirt,2224,2499,11,,,White,https://assets.ajio.com/medias/sys_master/root/20221018/mrOU/634ebfefaeb269659c4c33ff/louis_philippe_white_men_striped_slim_fit_shirt.jpg,https://www.ajio.com/louis-philippe-men-striped-slim-fit-shirt/p/469340065_white
ajio,441901349,Men,Shirts,PARX,PARX White Men Cutaway Collar Slim Fit Shirt,760,1899,60,,,White,https://assets.ajio.com/medias/sys_master/root/20230320/QSOO/6418a518f997dde6f40b5538/parx_white_men_cutaway_collar_slim_fit_shirt.jpg,https://www.ajio.com/parx-men-cutaway-collar-slim-fit-shirt/p/441901349_white
ajio,420434707,Men,Shirts,BREAKPOINT,BREAKPOINT Orange & Blue Men Checked Slim Fit Shirt,400,999,60,,,Orange,https://assets.ajio.com/medias/sys_master/root/20230313/QU61/640f44dcf997dde6f4f4958f/breakpoint_orange_%26_blue_men_checked_slim_fit_shirt.jpg,https://www.ajio.com/breakpoint-men-checked-slim-fit-shirt/p/420434707_orange
ajio,466700605,Men,Shirts,SNITCH,SNITCH Black Men Slim Fit Shirt with Spread Collar,999,1998,50,,,Black,https://assets.ajio.com/medias/sys_master/root/20231012/KeOE/6527f523afa4cf41f53eaa57/snitch_black_men_slim_fit_shirt_with_spread_collar.jpg,https://www.ajio.com/snitch-men-slim-fit-shirt-with-spread-collar/p/466700605_black
ajio,466454116,Men,Shirts,Campus Sutra,Campus Sutra Blue Men Graphic Print Regular Fit Shirt,720,1799,60,,,Blue,https://assets.ajio.com/medias/sys_master/root/20230822/gGos/64e3bf03afa4cf41f565caaa/campus_sutra_blue_men_graphic_print_regular_fit_shirt.jpg,https://www.ajio.com/campus-sutra-men-graphic-print-regular-fit-shirt/p/466454116_blue
ajio,469530012,Men,Shirts,ALLEN SOLLY,ALLEN SOLLY White Men Striped Slim Fit Shirt,1819,2799,35,,,White,https://assets.ajio.com/medias/sys_master/root/20230721/Zgdl/64ba294ceebac147fc8097a4/allen_solly_white_men_striped_slim_fit_shirt.jpg,https://www.ajio.com/allen-solly-men-striped-slim-fit-shirt/p/469530012_white
ajio,469517945,Men,Shirts,VAN HEUSEN,VAN HEUSEN Cream Men Micro Print Slim Fit Shirt,1356,2299,41,,,Cream,https://assets.ajio.com/medias/sys_master/root/20230620/igoh/6491c4a742f9e729d7544e87/van_heusen_cream_men_micro_print_slim_fit_shirt.jpg,https://www.ajio.com/van-heusen-men-micro-print-slim-fit-shirt/p/469517945_cream
ajio,420358729,Men,Shirts,ROXTAR,ROXTAR Blue Men Checked Slim Fit Shirt,220,549,60,,,Blue,https://assets.ajio.com/medias/sys_master/root/20230518/TudO/64664ee842f9e729d798177c/roxtar_blue_men_checked_slim_fit_shirt.jpg,https://www.ajio.com/roxtar-men-checked-slim-fit-shirt/p/420358729_blue
ajio,466710890,Men,Shirts,AUSK,AUSK White Men Graphic Print Oversized Fit Crew-Neck T-Shirt,249,1499,83,,,White,https://assets.ajio.com/medias/sys_master/root/20231031/sI9i/65411f08ddf779151965d0a7/ausk_white_men_graphic_print_oversized_fit_crew-neck_t-shirt.jpg,https://www.ajio.com/ausk-men-graphic-print-oversized-fit-crew-neck-t-shirt/p/466710890_white
ajio,464132569,Men,Shirts,YOVISH,YOVISH White Men Checked Slim Fit Shirt with Patch Pocket,875,3499,75,,,White,https://assets.ajio.com/medias/sys_master/root/20230629/vFOq/649cff27a9b42d15c921d06d/yovish_white_men_checked_slim_fit_shirt_with_patch_pocket.jpg,https://www.ajio.com/yovish-men-checked-slim-fit-shirt-with-patch-pocket/p/464132569_white
ajio,441145127,Men,Shirts,JOHN PLAYERS,JOHN PLAYERS Beige Men Floral Print Slim Fit Shirt with Patch Pocket,600,1999,70,,,Beige,https://assets.ajio.com/medias/sys_master/root/20220622/foaB/62b21f23aeb26921af3cc87f/john_players_beige_men_floral_print_slim_fit_shirt_with_patch_pocket.jpg,https://www.ajio.com/john-players-men-floral-print-slim-fit-shirt-with-patch-pocket/p/441145127_beige
ajio,469444413,Men,Shirts,Ketch,Ketch Multicoloured Men Checked Slim Fit Shirt with Patch Pocket,480,1999,76,,,,https://assets.ajio.com/medias/sys_master/root/20230523/nmG0/646c7beed55b7d0c63d00cef/ketch_multicoloured_men_checked_slim_fit_shirt_with_patch_pocket.jpg,https://www.ajio.com/ketch-men-checked-slim-fit-shirt-with-patch-pocket/p/469444413_grey
ajio,469513048,Men,Shirts,ALLEN SOLLY,ALLEN SOLLY Blue Men Slim Fit Shirt with Logo Embroidery,1874,2499,25,,,Blue,https://assets.ajio.com/medias/sys_master/root/20230526/xpzT/64709ee442f9e729d7eb9482/allen_solly_blue_men_slim_fit_shirt_with_logo_embroidery.jpg,https://www.ajio.com/allen-solly-men-slim-fit-shirt-with-logo-embroidery/p/469513048_blue
ajio,441537279,Men,Shirts,MONTE BIANCO,MONTE BIANCO Pink Men Checked Slim Fit Shirt with Patch Pocket,510,1499,66,,,Pink,https://assets.ajio.com/medias/sys_master/root/20230112/9S9m/63c03788f997dd708e034aef/monte_bianco_pink_men_checked_slim_fit_shirt_with_patch_pocket.jpg,https://www.ajio.com/monte-bianco-men-checked-slim-fit-shirt-with-patch-pocket/p/441537279_pink
ajio,420377645,Men,Shirts,ALTAIR,ALTAIR Olive Green Men Slim Fit Shirt with Patch Pocket,699,699,0,,,Green,https://assets.ajio.com/medias/sys_master/root/20230808/2m3e/64d253c7eebac147fcb4735d/altair_olive_green_men_slim_fit_shirt_with_patch_pocket.jpg,https://www.ajio.com/altair-men-slim-fit-shirt-with-patch-pocket/p/420377645_olive
ajio,441184041,Men,Shirts,SIN,SIN Navy Men Printed Slim Fit Shirt with Patch Pocket,518,1399,63,,,Navy,https://assets.ajio.com/medias/sys_master/root/20220419/8bNi/625dc69caeb26921af29984c/sin_navy_men_printed_slim_fit_shirt_with_patch_pocket.jpg,https://www.ajio.com/sin-men-printed-slim-fit-shirt-with-patch-pocket/p/441184041_navy
ajio,461119051,Men,Shirts,DENNISLINGO PREMIUM ATTIRE Light,DENNISLINGO PREMIUM ATTIRE Light Yellow Men Slim Fit Shirt with Band Collar,610,1849,67,,,Yellow,https://assets.ajio.com/medias/sys_master/root/20230906/KXbT/64f8091cafa4cf41f5b34b87/dennislingo_premium_attire_light_yellow_men_slim_fit_shirt_with_band_collar.jpg,https://www.ajio.com/dennislingo-premium-attire-men-slim-fit-shirt-with-band-collar/p/461119051_yellow
ajio,462410577,Men,Shirts,STUDIO NEXX,STUDIO NEXX Maroon Men Slim Fit Shirt with Full Sleeves,579,1699,66,,,Maroon,https://assets.ajio.com/medias/sys_master/root/20230602/01Tj/64799d66d55b7d0c6343fd70/studio_nexx_maroon_men_slim_fit_shirt_with_full_sleeves.jpg,https://www.ajio.com/studio-nexx-men-slim-fit-shirt-with-full-sleeves/p/462410577_maroon
ajio,465450906,Men,Shirts,CROCODILE,CROCODILE Green Men Checked Slim Fit Shirt with Patch Pocket,1150,2299,50,,,Green,https://assets.ajio.com/medias/sys_master/root/20230624/H12a/64967444a9b42d15c9deeb5c/crocodile_green_men_checked_slim_fit_shirt_with_patch_pocket.jpg,https://www.ajio.com/crocodile-men-checked-slim-fit-shirt-with-patch-pocket/p/465450906_teal
ajio,463306554,Men,Shirts,Style Quotient,Style Quotient Blue Men Tropical Printed Regular Fit Shirt,405,1499,73,,,Blue,https://assets.ajio.com/medias/sys_master/root/20230620/vW7x/64921b3642f9e729d758d933/style_quotient_blue_men_tropical_printed_regular_fit_shirt.jpg,https://www.ajio.com/style-quotient-men-tropical-printed-regular-fit-shirt/p/463306554_blue
ajio,441701017,Men,Shirts,INDIAN TERRAIN,INDIAN TERRAIN Black Men Micro Print Slim Fit Shirt,946,2199,57,,,Black,https://assets.ajio.com/medias/sys_master/root/20230803/lC3F/64cbcf9deebac147fca4cf76/indian_terrain_black_men_micro_print_slim_fit_shirt.jpg,https://www.ajio.com/indian-terrain-men-micro-print-slim-fit-shirt/p/441701017_blackcharcoal
ajio,469071858,Men,Shirts,INDIAN TERRAIN,INDIAN TERRAIN Blue Men Checked Slim Fit Shirt,874,2299,62,,,Blue,https://assets.ajio.com/medias/sys_master/root/20230531/ua5p/6477616dd55b7d0c632bf747/indian_terrain_blue_men_checked_slim_fit_shirt.jpg,https://www.ajio.com/indian-terrain-men-checked-slim-fit-shirt/p/469071858_lightblue
ajio,469184799,Men,Shirts,Ketch,Ketch Navy Blue Men Checked Slim Fit Shirt,370,999,63,,,Navy Blue,https://assets.ajio.com/medias/sys_master/root/20220413/Kokm/6255e73aaeb26921af1d4635/ketch_navy_blue_men_checked_slim_fit_shirt.jpg,https://www.ajio.com/ketch-men-checked-slim-fit-shirt/p/469184799_navyblue
ajio,469517765,Men,Shirts,ALLEN SOLLY,ALLEN SOLLY Brown Men Checked Slim Fit Shirt with Patch Pocket,1586,2299,31,,,Brown,https://assets.ajio.com/medias/sys_master/root/20230622/8u42/649408e742f9e729d7786472/allen_solly_brown_men_checked_slim_fit_shirt_with_patch_pocket.jpg,https://www.ajio.com/allen-solly-men-checked-slim-fit-shirt-with-patch-pocket/p/469517765_multi
ajio,469070567,Men,Shirts,INDIAN TERRAIN,INDIAN TERRAIN Olive Men Checked Slim Fit Shirt,1204,2799,57,,,Olive,https://assets.ajio.com/medias/sys_master/root/20230803/DEQt/64cbc200eebac147fca48262/indian_terrain_olive_men_checked_slim_fit_shirt.jpg,https://www.ajio.com/indian-terrain-men-checked-slim-fit-shirt/p/469070567_olive
ajio,469539252,Men,Shirts,ALLEN SOLLY,ALLEN SOLLY White Men Slim Fit Cotton Shirt,1494,2299,35,,,White,https://assets.ajio.com/medias/sys_master/root/20230728/ccAv/64c3b4e2a9b42d15c977ad17/allen_solly_white_men_slim_fit_cotton_shirt.jpg,https://www.ajio.com/allen-solly-men-slim-fit-cotton-shirt/p/469539252_grey
ajio,466450108,Men,Shirts,SNITCH,SNITCH Grey Men Spread-Collar Relaxed Fit Shirt,1499,2998,50,,,Grey,https://assets.ajio.com/medias/sys_master/root/20230812/5h56/64d6912fa9b42d15c9a679fd/snitch_grey_men_spread-collar_relaxed_fit_shirt.jpg,https://www.ajio.com/snitch-men-spread-collar-relaxed-fit-shirt/p/466450108_grey
ajio,465646838,Men,Shirts,STAGBEETLE,STAGBEETLE Grey Men Slim Fit Shirt with Mandarin Collar,945,3499,73,,,Grey,https://assets.ajio.com/medias/sys_master/root/20230628/3BDi/649b609feebac147fc1207bd/stagbeetle_grey_men_slim_fit_shirt_with_mandarin_collar.jpg,https://www.ajio.com/stagbeetle-men-slim-fit-shirt-with-mandarin-collar/p/465646838_grey
ajio,469110833,Men,Shirts,ECKO,ECKO Olive Green Men Slim Fit Shirt with Flap-Button Pockets,630,2099,70,,,Green,https://assets.ajio.com/medias/sys_master/root/20220413/DvrS/6256ee5faeb26921af1df91b/ecko_olive_green_men_slim_fit_shirt_with_flap-button_pockets.jpg,https://www.ajio.com/ecko-men-slim-fit-shirt-with-flap-button-pockets/p/469110833_olive
ajio,465031299,Men,Shirts,THE SOUL PATROL Aqua,THE SOUL PATROL Aqua Men Slim Fit Shirt with Patch Pocket,600,1999,70,,,,https://assets.ajio.com/medias/sys_master/root/20230623/So4k/64958843eebac147fcd7555d/the_soul_patrol_aqua_men_slim_fit_shirt_with_patch_pocket.jpg,https://www.ajio.com/the-soul-patrol-men-slim-fit-shirt-with-patch-pocket/p/465031299_aqua
ajio,469280336,Men,Shirts,U.S. Polo Assn. Us,"U.S. Polo Assn.  Us men shirts, yellow, s",1391,2399,42,,,Yellow,https://assets.ajio.com/medias/sys_master/root/20230315/ihe0/6411a08ef997dde6f4fd5fd6/u.s._polo_assn.__us_men_shirts%2C_yellow%2C_s.jpg,https://www.ajio.com/u-s-polo-assn-us-men-shirts-yellow-s/p/469280336_yellow
ajio,463676038,Men,Shirts,MAHARAJA,MAHARAJA Purple Men Solid Slim Fit Shirt,500,2000,75,,,Purple,https://assets.ajio.com/medias/sys_master/root/20230621/bbzc/64924c7d42f9e729d7610529/maharaja_purple_men_solid_slim_fit_shirt.jpg,https://www.ajio.com/maharaja-men-solid-slim-fit-shirt/p/463676038_purple
ajio,420401133,Men,Shirts,ACE MODE,ACE MODE White Men Printed Slim Fit Shirt with Patch Pocket,400,999,60,,,White,https://assets.ajio.com/medias/sys_master/root/20230301/t4Wv/63ff7010f997dde6f4d4e027/ace_mode_white_men_printed_slim_fit_shirt_with_patch_pocket.jpg,https://www.ajio.com/ace-mode-men-printed-slim-fit-shirt-with-patch-pocket/p/420401133_white
ajio,466433131,Men,Shirts,PAUL STREET,PAUL STREET White Men Geometric Print Slim Fit Shirt,743,1350,45,,,White,https://assets.ajio.com/medias/sys_master/root/20230808/kFhz/64d26eb0a9b42d15c999ef96/paul_street_white_men_geometric_print_slim_fit_shirt.jpg,https://www.ajio.com/paul-street-men-geometric-print-slim-fit-shirt/p/466433131_white
ajio,420461233,Men,Shirts,BREAKPOINT,BREAKPOINT Green Men Checked Slim Fit Shirt,480,1199,60,,,Green,https://assets.ajio.com/medias/sys_master/root/20230301/5WWC/63ff80f0aeb26924e39ca048/breakpoint_green_men_checked_slim_fit_shirt.jpg,https://www.ajio.com/breakpoint-men-checked-slim-fit-shirt/p/420461233_drkgreen
ajio,465889068,Men,Shirts,CRIMSOUNE CLUB,CRIMSOUNE CLUB Yellow Men Checked Slim Fit Shirt with Patch Pocket,900,1799,50,,,Yellow,https://assets.ajio.com/medias/sys_master/root/20230628/yrnh/649bf4e7eebac147fc252ac9/crimsoune_club_yellow_men_checked_slim_fit_shirt_with_patch_pocket.jpg,https://www.ajio.com/crimsoune-club-men-checked-slim-fit-shirt-with-patch-pocket/p/465889068_yellow
ajio,465829312,Men,Shirts,Rare Rabbit,Rare Rabbit Grey Men Checked Slim Fit Shirt,1924,3499,45,,,Grey,https://assets.ajio.com/medias/sys_master/root/20230628/SfAg/649bb4eeeebac147fc1d928d/rare_rabbit_grey_men_checked_slim_fit_shirt.jpg,https://www.ajio.com/rare-rabbit-men-checked-slim-fit-shirt/p/465829312_grey
ajio,441961881,Men,Shirts,PARX,PARX White Men Cutaway Collar Slim Fit Shirt,760,1899,60,,,White,https://assets.ajio.com/medias/sys_master/root/20230321/XOPt/6418c889aeb26924e3d2af56/parx_white_men_cutaway_collar_slim_fit_shirt.jpg,https://www.ajio.com/parx-men-cutaway-collar-slim-fit-shirt/p/441961881_white
ajio,465819424,Men,Shirts,PROTOTYPE,PROTOTYPE Black Men Slim Fit Shirt with Flap Pockets,1400,3499,60,,,Black,https://assets.ajio.com/medias/sys_master/root/20230628/h9oY/649ba5e8a9b42d15c905c1df/prototype_black_men_slim_fit_shirt_with_flap_pockets.jpg,https://www.ajio.com/prototype-men-slim-fit-shirt-with-flap-pockets/p/465819424_black
ajio,469212987,Men,Shirts,VAN HEUSEN,VAN HEUSEN Grey Men Leaf Print Slim Fit Shirt,1323,2699,51,,,Grey,https://assets.ajio.com/medias/sys_master/root/20220609/Z617/62a20927aeb26921af19f0e1/van_heusen_grey_men_leaf_print_slim_fit_shirt.jpg,https://www.ajio.com/van-heusen-men-leaf-print-slim-fit-shirt/p/469212987_grey
ajio,441153274,Men,Shirts,INDIAN TERRAIN,INDIAN TERRAIN Grey Men Striped Slim Fit Shirt,825,2499,67,,,Grey,https://assets.ajio.com/medias/sys_master/root/20210625/QINH/60d5f403aeb269a9e30fd416/indian_terrain_grey_men_striped_slim_fit_shirt.jpg,https://www.ajio.com/indian-terrain-men-striped-slim-fit-shirt/p/441153274_burgandy
ajio,469070632,Men,Shirts,INDIAN TERRAIN,INDIAN TERRAIN Brown Men Checked Slim Fit Shirt with Patch Pocket,882,2099,58,,,Brown,https://assets.ajio.com/medias/sys_master/root/20220224/Nm4q/62168b59aeb26921afb31415/indian_terrain_brown_men_checked_slim_fit_shirt_with_patch_pocket.jpg,https://www.ajio.com/indian-terrain-men-checked-slim-fit-shirt-with-patch-pocket/p/469070632_brown
ajio,469163295,Men,Shirts,Ketch,Ketch Navy Blue Men Checked Slim Fit Shirt with Patch Pocket,370,999,63,,,Navy Blue,https://assets.ajio.com/medias/sys_master/root/20220429/a4bK/626bef82f997dd03e28a54c0/ketch_navy_blue_men_checked_slim_fit_shirt_with_patch_pocket.jpg,https://www.ajio.com/ketch-men-checked-slim-fit-shirt-with-patch-pocket/p/469163295_navyblue
ajio,469332779,Men,Shirts,Ketch,Ketch Teal Blue Men Printed Slim Fit Shirt,362,1249,71,,,Blue,https://assets.ajio.com/medias/sys_master/root/20221122/jO9w/637cf836aeb269659ca721fa/ketch_teal_blue_men_printed_slim_fit_shirt.jpg,https://www.ajio.com/ketch-men-printed-slim-fit-shirt/p/469332779_teal
ajio,441142086,Men,Shirts,NETPLAY,NETPLAY Khaki Men Checked Slim Fit Shirt with Patch Pocket,390,1299,70,,,Khaki,https://assets.ajio.com/medias/sys_master/root/20220610/sEYu/62a24722f997dd03e26f96ee/netplay_khaki_men_checked_slim_fit_shirt_with_patch_pocket.jpg,https://www.ajio.com/netplay-men-checked-slim-fit-shirt-with-patch-pocket/p/441142086_khaki
ajio,460969571,Men,Shirts,Jack & Jones,Jack & Jones Blue & White Men Striped Slim Fit Shirt,920,2299,60,,,White,https://assets.ajio.com/medias/sys_master/root/20211006/jTFI/615d57fcaeb2692b85b113d6/jack_%26_jones_blue_%26_white_men_striped_slim_fit_shirt.jpg,https://www.ajio.com/jack--jones-men-striped-slim-fit-shirt/p/460969571_blue
ajio,469092247,Men,Shirts,Ketch,Ketch White & Black Men Typographic Print Slim Fit Shirt,405,1349,70,,,Black,https://assets.ajio.com/medias/sys_master/root/20220119/eo84/61e82c25f997dd66232a2fda/ketch_white_%26_black_men_typographic_print_slim_fit_shirt.jpg,https://www.ajio.com/ketch-men-typographic-print-slim-fit-shirt/p/469092247_whiteblack
ajio,465751172,Men,Shirts,Rare Rabbit,Rare Rabbit Beige Men Heathered Slim Fit Shirt,1799,2999,40,,,Beige,https://assets.ajio.com/medias/sys_master/root/20230629/IpPF/649d3541a9b42d15c92835d4/rare_rabbit_beige_men_heathered_slim_fit_shirt.jpg,https://www.ajio.com/rare-rabbit-men-heathered-slim-fit-shirt/p/465751172_beige
ajio,466717900,Men,Shirts,Celio,Celio Black Men Slim Fit Shirt with Spread Collar,2519,2799,10,,,Black,https://assets.ajio.com/medias/sys_master/root/20231017/r33G/652eb5b4ddf7791519442636/celio_black_men_slim_fit_shirt_with_spread_collar.jpg,https://www.ajio.com/celio-men-slim-fit-shirt-with-spread-collar/p/466717900_black
ajio,441688808,Men,Shirts,Lee,Lee Olive Men Slim Fit Shirt with Patch Pocket,1200,2399,50,,,Olive,https://assets.ajio.com/medias/sys_master/root/20220921/zV17/632b295bf997dd1f8d1189a2/lee_olive_men_slim_fit_shirt_with_patch_pocket.jpg,https://www.ajio.com/lee-men-slim-fit-shirt-with-patch-pocket/p/441688808_olive
ajio,469441996,Men,Shirts,SPYKAR,SPYKAR White Men Slim Fit Shirt,1271,2399,47,,,White,https://assets.ajio.com/medias/sys_master/root/20230413/jhvO/64381919907deb497adfe2c6/spykar_white_men_slim_fit_shirt.jpg,https://www.ajio.com/spykar-men-slim-fit-shirt/p/469441996_white
ajio,469473401,Men,Shirts,Arrow Sports,Arrow Sports Blue Men Windowpane Checked Slim Fit Shirt,1250,2499,50,,,Blue,https://assets.ajio.com/medias/sys_master/root/20230426/QQrC/644902e642f9e729d75116da/arrow_sports_blue_men_windowpane_checked_slim_fit_shirt.jpg,https://www.ajio.com/arrow-sports-men-windowpane-checked-slim-fit-shirt/p/469473401_blue
ajio,469034448,Men,Shirts,Ketch,Ketch Navy Blue Men Checked Slim Fit Shirt,324,899,64,,,Navy Blue,https://assets.ajio.com/medias/sys_master/root/20220119/MqIf/61e82814aeb2695cdd1d4272/ketch_navy_blue_men_checked_slim_fit_shirt.jpg,https://www.ajio.com/ketch-men-checked-slim-fit-shirt/p/469034448_navymulti
ajio,466694488,Men,Shirts,PARCEL YARD,PARCEL YARD Navy Blue Men Striped Regular Fit Polo T-Shirt,420,1199,65,,,Navy Blue,https://assets.ajio.com/medias/sys_master/root/20231011/14m1/6525cec2afa4cf41f539d416/parcel_yard_navy_blue_men_striped_regular_fit_polo_t-shirt.jpg,https://www.ajio.com/parcel-yard-men-striped-regular-fit-polo-t-shirt/p/466694488_navy
ajio,441641079,Men,Shirts,PARX,PARX Black Men Slim Fit Cutaway Collar Shirt,1120,2799,60,,,Black,https://assets.ajio.com/medias/sys_master/root/20230419/EZYX/64401a6e907deb497af35c53/parx_black_men_slim_fit_cutaway_collar_shirt.jpg,https://www.ajio.com/parx-men-slim-fit-cutaway-collar-shirt/p/441641079_black
ajio,466419495,Men,Shirts,SNITCH,SNITCH Red Men Printed Slim Fit Shirt with Spread Collar,999,1998,50,,,Red,https://assets.ajio.com/medias/sys_master/root/20230804/g5rU/64cce43da9b42d15c98bbdd2/snitch_red_men_printed_slim_fit_shirt_with_spread_collar.jpg,https://www.ajio.com/snitch-men-printed-slim-fit-shirt-with-spread-collar/p/466419495_red
ajio,466231479,Men,Shirts,VEIRDO,VEIRDO Black Loose Fit Men Graphic Print T-Shirt,599,1199,50,,,Black,https://assets.ajio.com/medias/sys_master/root/20230706/VWle/64a6e24ceebac147fc597e0f/veirdo_black_loose_fit_men_graphic_print_t-shirt.jpg,https://www.ajio.com/veirdo-loose-fit-men-graphic-print-t-shirt/p/466231479_black
ajio,466448290,Men,Shirts,JOVEN,JOVEN Blue Men Micro Print Slim Fit Shirt with Patch Pocket,640,1999,68,,,Blue,https://assets.ajio.com/medias/sys_master/root/20230811/M952/64d66093eebac147fcc1cbb1/joven_blue_men_micro_print_slim_fit_shirt_with_patch_pocket.jpg,https://www.ajio.com/joven-men-micro-print-slim-fit-shirt-with-patch-pocket/p/466448290_blue
ajio,466419279,Men,Shirts,SNITCH,SNITCH Black Men Printed Slim Fit Shirt with Spread Collar,999,1998,50,,,Black,https://assets.ajio.com/medias/sys_master/root/20230901/wJbd/64f1f764ddf7791519902fff/snitch_black_men_printed_slim_fit_shirt_with_spread_collar.jpg,https://www.ajio.com/snitch-men-printed-slim-fit-shirt-with-spread-collar/p/466419279_black
ajio,469539253,Men,Shirts,ALLEN SOLLY,ALLEN SOLLY Blue Men Slim Fit Shirt with Patch Pocket,1624,2499,35,,,Blue,https://assets.ajio.com/medias/sys_master/root/20230728/KGOt/64c3a9a8a9b42d15c97773f4/allen_solly_blue_men_slim_fit_shirt_with_patch_pocket.jpg,https://www.ajio.com/allen-solly-men-slim-fit-shirt-with-patch-pocket/p/469539253_blue
ajio,461148684,Men,Shirts,FNX,FNX Black Men Slim Fit Shirt with Patch Pocket,824,1499,45,,,Black,https://assets.ajio.com/medias/sys_master/root/20230906/N6kf/64f87370ddf7791519b18a6b/fnx_black_men_slim_fit_shirt_with_patch_pocket.jpg,https://www.ajio.com/fnx-men-slim-fit-shirt-with-patch-pocket/p/461148684_black
ajio,420434337,Men,Shirts,BREAKPOINT,BREAKPOINT Multicoloured Men Checked Slim Fit Shirt with Flap Pockets,300,999,70,,,,https://assets.ajio.com/medias/sys_master/root/20230703/bwHl/64a2e4cfa9b42d15c93122a3/breakpoint_multicoloured_men_checked_slim_fit_shirt_with_flap_pockets.jpg,https://www.ajio.com/breakpoint-men-checked-slim-fit-shirt-with-flap-pockets/p/420434337_multicolor
ajio,469263617,Men,Shirts,Ketch,Ketch Olive Men Striped Slim Fit Shirt,412,1249,67,,,Olive,https://assets.ajio.com/medias/sys_master/root/20221026/QFx0/63582ca6aeb269659c59bedc/ketch_olive_men_striped_slim_fit_shirt.jpg,https://www.ajio.com/ketch-men-striped-slim-fit-shirt/p/469263617_olive
ajio,469241736,Men,Shirts,LEVIS,LEVIS Grey Men Striped Slim Fit Shirt,1500,2999,50,,,Grey,https://assets.ajio.com/medias/sys_master/root/20221011/rIS5/63447124f997ddfdbd1ac9b7/levis_grey_men_striped_slim_fit_shirt.jpg,https://www.ajio.com/levis-men-striped-slim-fit-shirt/p/469241736_grey
ajio,469507303,Men,Shirts,The Indian Garage Co,The Indian Garage Co Multicoloured Men Checked Slim Fit Shirt,525,1749,70,,,,https://assets.ajio.com/medias/sys_master/root/20230530/Jk3q/64760d1fd55b7d0c632971c3/the_indian_garage_co_multicoloured_men_checked_slim_fit_shirt.jpg,https://www.ajio.com/the-indian-garage-co-men-checked-slim-fit-shirt/p/469507303_pink
ajio,441298736,Men,Shirts,Lee Cooper,Lee Cooper Beige Men Printed Slim Fit Shirt,600,1999,70,,,Beige,https://assets.ajio.com/medias/sys_master/root/20220916/yEO3/63239a3faeb269dbb38e9c18/lee_cooper_beige_men_printed_slim_fit_shirt.jpg,https://www.ajio.com/lee-cooper-men-printed-slim-fit-shirt/p/441298736_beige
ajio,469213347,Men,Shirts,VAN HEUSEN,VAN HEUSEN Olive Green Men Slim Fit Shirt with Patch Pockets,1225,2499,51,,,Green,https://assets.ajio.com/medias/sys_master/root/20220610/xkFE/62a24b44f997dd03e26fa8b2/van_heusen_olive_green_men_slim_fit_shirt_with_patch_pockets.jpg,https://www.ajio.com/van-heusen-men-slim-fit-shirt-with-patch-pockets/p/469213347_olive
ajio,469125941,Men,Shirts,ARROW,ARROW Navy Blue Men Manhattan Patterned Slim Fit Shirt,1400,2799,50,,,Navy Blue,https://assets.ajio.com/medias/sys_master/root/20221101/AdAo/6360207daeb269659c685e20/arrow_navy_blue_men_manhattan_patterned_slim_fit_shirt.jpg,https://www.ajio.com/arrow-men-manhattan-patterned-slim-fit-shirt/p/469125941_dkblue
ajio,466299289,Men,Shirts,SNITCH,SNITCH Green Men Slim Fit Shirt with Spread Collar,999,1998,50,,,Green,https://assets.ajio.com/medias/sys_master/root/20230623/XjbS/64954e84a9b42d15c9bbb884/snitch_green_men_slim_fit_shirt_with_spread_collar.jpg,https://www.ajio.com/snitch-men-slim-fit-shirt-with-spread-collar/p/466299289_green
ajio,466231478,Men,Shirts,VEIRDO Lilac Loose Fit,VEIRDO Lilac Loose Fit Men Graphic Print T-Shirt,599,1199,50,,,,https://assets.ajio.com/medias/sys_master/root/20230614/hSTg/64896e6b42f9e729d740daa4/veirdo_lilac_loose_fit_men_graphic_print_t-shirt.jpg,https://www.ajio.com/veirdo-loose-fit-men-graphic-print-t-shirt/p/466231478_purple
ajio,466458625,Men,Shirts,Styli,Styli Black Relaxed Fit Men Varsity Print Oversized T-Shirt,631,799,21,,,Black,https://assets.ajio.com/medias/sys_master/root/20230828/Leil/64ec7416ddf779151980d722/styli_black_relaxed_fit_men_varsity_print_oversized_t-shirt.jpg,https://www.ajio.com/styli-relaxed-fit-men-varsity-print-oversized-t-shirt/p/466458625_black
ajio,466291150,Men,Shirts,THE BEAR HOUSE,THE BEAR HOUSE Maroon Men Checked Slim Fit Shirt,1497,2495,40,,,Maroon,https://assets.ajio.com/medias/sys_master/root/20230620/WIpr/6491831e42f9e729d7500eda/the_bear_house_maroon_men_checked_slim_fit_shirt.jpg,https://www.ajio.com/the-bear-house-men-checked-slim-fit-shirt/p/466291150_maroon
ajio,469114490,Men,Shirts,LEVIS,LEVIS Yellow Men Geometric Print Slim Fit Shirt with Patch Pocket,1481,2599,43,,,Yellow,https://assets.ajio.com/medias/sys_master/root/20220301/WYIS/621d21daaeb26921afbc59ae/levis_yellow_men_geometric_print_slim_fit_shirt_with_patch_pocket.jpg,https://www.ajio.com/levis-men-geometric-print-slim-fit-shirt-with-patch-pocket/p/469114490_yellow
ajio,469473469,Men,Shirts,Arrow Sports,Arrow Sports Grey Men Striped Slim Fit Cotton Shirt,1299,2499,48,,,Grey,https://assets.ajio.com/medias/sys_master/root/20230426/960C/644901ffd55b7d0c63801898/arrow_sports_grey_men_striped_slim_fit_cotton_shirt.jpg,https://www.ajio.com/arrow-sports-men-striped-slim-fit-cotton-shirt/p/469473469_lightgrey
ajio,441666931,Men,Shirts,MUFTI,MUFTI Beige Men Printed Slim Fit Cotton Shirt,1452,3299,56,,,Beige,https://assets.ajio.com/medias/sys_master/root/20230626/sNxF/6499b790a9b42d15c9f3f4f6/mufti_beige_men_printed_slim_fit_cotton_shirt.jpg,https://www.ajio.com/mufti-men-printed-slim-fit-cotton-shirt/p/441666931_pink
ajio,469473451,Men,Shirts,Arrow Sports Dark,Arrow Sports Dark Green Men Striped Slim Fit Shirt,1175,2499,53,,,Green,https://assets.ajio.com/medias/sys_master/root/20230426/9Y2g/644900f3d55b7d0c638011dc/arrow_sports_dark_green_men_striped_slim_fit_shirt.jpg,https://www.ajio.com/arrow-sports-men-striped-slim-fit-shirt/p/469473451_darkgreen
ajio,465944882,Men,Shirts,THE BEAR HOUSE,THE BEAR HOUSE White Men Floral Print Slim Fit Shirt,837,2390,65,,,White,https://assets.ajio.com/medias/sys_master/root/20230628/OKDD/649c17afeebac147fc297715/the_bear_house_white_men_floral_print_slim_fit_shirt.jpg,https://www.ajio.com/the-bear-house-men-floral-print-slim-fit-shirt/p/465944882_white
ajio,469382837,Men,Shirts,ARROW,ARROW Beige Men Geometric Print Slim Fit Shirt with Patch Pocket,1150,2299,50,,,Beige,https://assets.ajio.com/medias/sys_master/root/20221115/Lspd/6373ad56f997ddfdbd763485/arrow_beige_men_geometric_print_slim_fit_shirt_with_patch_pocket.jpg,https://www.ajio.com/arrow-men-geometric-print-slim-fit-shirt-with-patch-pocket/p/469382837_beige
ajio,466388446,Men,Shirts,Puma,Puma Green Men Ess Slim Fit Polo T-Shirt,663,1699,61,,,Green,https://assets.ajio.com/medias/sys_master/root/20231012/uNUr/6527aa6bddf779151935dfee/puma_green_men_ess_slim_fit_polo_t-shirt.jpg,https://www.ajio.com/puma-men-ess-slim-fit-polo-t-shirt/p/466388446_green
ajio,469195036,Men,Shirts,SPYKAR,SPYKAR Orange Men Slim Fit Shirt with Patch Pocket,1376,2699,49,,,Orange,https://assets.ajio.com/medias/sys_master/root/20220527/r98f/62902872f997dd03e2371524/spykar_orange_men_slim_fit_shirt_with_patch_pocket.jpg,https://www.ajio.com/spykar-men-slim-fit-shirt-with-patch-pocket/p/469195036_orange
ajio,469078061,Men,Shirts,Arrow Sports,Arrow Sports Orange Men Printed Slim Fit Shirt with Patch Pocket,1059,1999,47,,,Orange,https://assets.ajio.com/medias/sys_master/root/20211228/zWA5/61ca2ffbf997ddf8f1644a1c/arrow_sports_orange_men_printed_slim_fit_shirt_with_patch_pocket.jpg,https://www.ajio.com/arrow-sports-men-printed-slim-fit-shirt-with-patch-pocket/p/469078061_yellow
ajio,460960704,Men,Shirts,ADIDAS,ADIDAS Blue & Black Men Colourblock Regular Fit Tennis Polo T-Shirt,3999,3999,0,,,Black,https://assets.ajio.com/medias/sys_master/root/20231013/mS4b/65292dfbafa4cf41f5409ca8/adidas_blue_%26_black_men_colourblock_regular_fit_tennis_polo_t-shirt.jpg,https://www.ajio.com/adidas-men-colourblock-regular-fit-tennis-polo-t-shirt/p/460960704_bluewhite
ajio,420404781,Men,Shirts,ROXTAR,ROXTAR Orange Men Checked Slim Fit Shirt,180,449,60,,,Orange,https://assets.ajio.com/medias/sys_master/root/20230427/IwzH/644aafce42f9e729d756ae6c/roxtar_orange_men_checked_slim_fit_shirt.jpg,https://www.ajio.com/roxtar-men-checked-slim-fit-shirt/p/420404781_orange
ajio,466101034,Men,Shirts,Chennis,Chennis   Beige   Men Checked Slim Fit Shirt with Spread Collar,494,899,45,,,Beige,https://assets.ajio.com/medias/sys_master/root/20230427/1Dv7/644a6e0bd55b7d0c6383d1ea/chennis_%C2%A0_beige_%C2%A0_men_checked_slim_fit_shirt_with_spread_collar.jpg,https://www.ajio.com/chennis-men-checked-slim-fit-shirt-with-spread-collar/p/466101034_beige
ajio,469521422,Men,Shirts,LOUIS PHILIPPE,LOUIS PHILIPPE Peach Men Slim Fit Shirt with Patch Pocket,1533,2599,41,,,Peach,https://assets.ajio.com/medias/sys_master/root/20230705/l6iG/64a5932beebac147fc4ff35e/louis_philippe_peach_men_slim_fit_shirt_with_patch_pocket.jpg,https://www.ajio.com/louis-philippe-men-slim-fit-shirt-with-patch-pocket/p/469521422_peach
ajio,463197452,Men,Shirts,Celio,Celio Brown Men Checked Printed Regular Fit Shirt,1250,2499,50,,,Brown,https://assets.ajio.com/medias/sys_master/root/20230620/61z8/64920afed55b7d0c637efb43/celio_brown_men_checked_printed_regular_fit_shirt.jpg,https://www.ajio.com/celio-men-checked-printed-regular-fit-shirt/p/463197452_brown
ajio,469517941,Men,Shirts,SIMON CARTER,SIMON CARTER White Men Striped Slim Fit Shirt,1949,2999,35,,,White,https://assets.ajio.com/medias/sys_master/root/20230620/gbck/6491c58842f9e729d7546bab/simon_carter_white_men_striped_slim_fit_shirt.jpg,https://www.ajio.com/simon-carter-men-striped-slim-fit-shirt/p/469517941_white
ajio,469161583,Men,Shirts,Ketch Light,Ketch Light Grey Men Abstract Print Slim Fit Shirt with Patch Pocket,602,1399,57,,,Grey,https://assets.ajio.com/medias/sys_master/root/20220319/q61C/6234e32caeb26921afe319b2/ketch_light_grey_men_abstract_print_slim_fit_shirt_with_patch_pocket.jpg,https://www.ajio.com/ketch-men-abstract-print-slim-fit-shirt-with-patch-pocket/p/469161583_lightgreen
ajio,466461702,Men,Shirts,PURPLE,PURPLE STATE Multicoloured Men Checked Slim Fit Shirt with Spread Collar,760,1999,62,,,Purple,https://assets.ajio.com/medias/sys_master/root/20230816/vxH9/64dccef0a9b42d15c9b11319/purple_state_multicoloured_men_checked_slim_fit_shirt_with_spread_collar.jpg,https://www.ajio.com/purple-state-men-checked-slim-fit-shirt-with-spread-collar/p/466461702_multi
ajio,441145053,Men,Shirts,JOHN PLAYERS,JOHN PLAYERS Blue Men Slim Fit Shirt with Patch Pocket,600,1999,70,,,Blue,https://assets.ajio.com/medias/sys_master/root/20220623/s4fO/62b4a5f8aeb26921af433665/john_players_blue_men_slim_fit_shirt_with_patch_pocket.jpg,https://www.ajio.com/john-players-men-slim-fit-shirt-with-patch-pocket/p/441145053_ltblue
ajio,441924491,Men,Shirts,LEVIS,LEVIS Blue Men Checked Slim Fit Shirt,2143,3199,33,,,Blue,https://assets.ajio.com/medias/sys_master/root/20230525/JMIZ/646f92cbd55b7d0c63fd436a/levis_blue_men_checked_slim_fit_shirt.jpg,https://www.ajio.com/levis-men-checked-slim-fit-shirt/p/441924491_blue
ajio,466539900,Men,Shirts,SNITCH,SNITCH Red Men Solid Slim Fit Shirt,999,1998,50,,,Red,https://assets.ajio.com/medias/sys_master/root/20230906/fi8b/64f90a42ddf7791519be868a/snitch_red_men_solid_slim_fit_shirt.jpg,https://www.ajio.com/snitch-men-solid-slim-fit-shirt/p/466539900_red
ajio,441602594,Men,Shirts,MUFTI,MUFTI Black Men Houndstooth Print Slim Fit Shirt with Patch Pocket,714,2099,66,,,Black,https://assets.ajio.com/medias/sys_master/root/20220826/t619/6308f950f997dd394c28b4f1/mufti_black_men_houndstooth_print_slim_fit_shirt_with_patch_pocket.jpg,https://www.ajio.com/mufti-men-houndstooth-print-slim-fit-shirt-with-patch-pocket/p/441602594_black
ajio,466386786,Men,Shirts,RAYMOND,RAYMOND Red & Off White Men Checked Slim Fit Shirt with Patch Pocket,1259,2099,40,,,Off White,https://assets.ajio.com/medias/sys_master/root/20230726/GSgX/64c09efca9b42d15c96f769b/raymond_red_%26_off_white_men_checked_slim_fit_shirt_with_patch_pocket.jpg,https://www.ajio.com/raymond-men-checked-slim-fit-shirt-with-patch-pocket/p/466386786_red
ajio,466686847,Men,Shirts,KALT,KALT Black Men Regular Fit Polo T-Shirt,490,700,30,,,Black,https://assets.ajio.com/medias/sys_master/root/20231009/COF7/65242bd0afa4cf41f53527d7/kalt_black_men_regular_fit_polo_t-shirt.jpg,https://www.ajio.com/kalt-men-regular-fit-polo-t-shirt/p/466686847_black
ajio,441122518,Men,Shirts,JOHN PLAYERS,JOHN PLAYERS Mustard Yellow & Blue Men Checked Slim Fit Shirt With Patch Pocket,390,1299,70,,,Mustard,https://assets.ajio.com/medias/sys_master/root/20210706/tXdR/60e36cc7f997ddb3121bbcd3/john_players_mustard_yellow_%26_blue_men_checked_slim_fit_shirt_with_patch_pocket.jpg,https://www.ajio.com/john-players-men-checked-slim-fit-shirt-with-patch-pocket/p/441122518_mustard
ajio,441129993,Men,Shirts,JOHN PLAYERS,JOHN PLAYERS Blue Men Woven Slim Fit Shirt with Spread Collar,450,1499,70,,,Blue,https://assets.ajio.com/medias/sys_master/root/20220114/AY2U/61e19a51aeb2695cdd15bdff/john_players_blue_men_woven_slim_fit_shirt_with_spread_collar.jpg,https://www.ajio.com/john-players-men-woven-slim-fit-shirt-with-spread-collar/p/441129993_navy
ajio,464747519,Men,Shirts,CRIMSOUNE CLUB,CRIMSOUNE CLUB Yellow & navy Men Checked Slim Fit Shirt,900,1799,50,,,Yellow,https://assets.ajio.com/medias/sys_master/root/20230623/RfMA/64951b92d55b7d0c63b2162f/crimsoune_club_yellow_%26_navy_men_checked_slim_fit_shirt.jpg,https://www.ajio.com/crimsoune-club-men-checked-slim-fit-shirt/p/464747519_yellow
ajio,469486668,Men,Shirts,Ketch,Ketch Rust Orange Men Printed Slim Fit Shirt,487,1949,75,,,Orange,https://assets.ajio.com/medias/sys_master/root/20230602/vWJI/647a10ba42f9e729d71ed4f7/ketch_rust_orange_men_printed_slim_fit_shirt.jpg,https://www.ajio.com/ketch-men-printed-slim-fit-shirt/p/469486668_rust
ajio,441688846,Men,Shirts,Lee,Lee Cream Men Striped Slim Fit Shirt with Patch Pocket,1100,2199,50,,,Cream,https://assets.ajio.com/medias/sys_master/root/20220921/8Kqq/632b4399aeb269dbb39d49a8/lee_cream_men_striped_slim_fit_shirt_with_patch_pocket.jpg,https://www.ajio.com/lee-men-striped-slim-fit-shirt-with-patch-pocket/p/441688846_cream
ajio,420401092,Men,Shirts,ACE MODE,ACE MODE Green Men Slim Fit Shirt with Patch Pocket,400,999,60,,,Green,https://assets.ajio.com/medias/sys_master/root/20230301/zhhH/63ff768baeb26924e39c6b03/ace_mode_green_men_slim_fit_shirt_with_patch_pocket.jpg,https://www.ajio.com/ace-mode-men-slim-fit-shirt-with-patch-pocket/p/420401092_green
ajio,469218705,Men,Shirts,VOI JEANS,VOI JEANS Khaki Men Slim Fit Shirt with Patch Pocket,425,1699,75,,,Khaki,https://assets.ajio.com/medias/sys_master/root/20220715/O5j0/62d1adfdf997dd03e2d83fe8/voi_jeans_khaki_men_slim_fit_shirt_with_patch_pocket.jpg,https://www.ajio.com/voi-jeans-men-slim-fit-shirt-with-patch-pocket/p/469218705_khaki
ajio,441311031,Men,Shirts,INDIAN TERRAIN,INDIAN TERRAIN Grey Melange Men Cotton Slim Fit Shirt,798,2099,62,,,Grey,https://assets.ajio.com/medias/sys_master/root/20230529/ibhK/6474bcafd55b7d0c631c3acc/indian_terrain_grey_melange_men_cotton_slim_fit_shirt.jpg,https://www.ajio.com/indian-terrain-men-cotton-slim-fit-shirt/p/441311031_greymelange
ajio,466293736,Men,Shirts,SNITCH,SNITCH Blue Men Paisley Print Slim Fit Shirt,701,2598,73,,,Blue,https://assets.ajio.com/medias/sys_master/root/20230621/ziTz/64923979d55b7d0c63863462/snitch_blue_men_paisley_print_slim_fit_shirt.jpg,https://www.ajio.com/snitch-men-paisley-print-slim-fit-shirt/p/466293736_blue
ajio,465892124,Men,Shirts,THE BEAR HOUSE,THE BEAR HOUSE White Men Slim Fit Shirt with Spread Collar,1248,2495,50,,,White,https://assets.ajio.com/medias/sys_master/root/20230628/5Ttj/649bf170a9b42d15c90ec3c7/the_bear_house_white_men_slim_fit_shirt_with_spread_collar.jpg,https://www.ajio.com/the-bear-house-men-slim-fit-shirt-with-spread-collar/p/465892124_white
ajio,466712979,Men,Shirts,MANIAC,MANIAC Black Men Boxy Fit Printed T-Shirt,532,1399,62,,,Black,https://assets.ajio.com/medias/sys_master/root/20231016/P17N/652d1338ddf7791519403820/maniac_black_men_boxy_fit_printed_t-shirt.jpg,https://www.ajio.com/maniac-men-boxy-fit-printed-t-shirt/p/466712979_black
ajio,441935130,Men,Shirts,ARROW,ARROW Black Men Slim Fit Shirt with Patch Pocket,1649,2999,45,,,Black,https://assets.ajio.com/medias/sys_master/root/20230502/7JfS/6451440d42f9e729d762aed9/arrow_black_men_slim_fit_shirt_with_patch_pocket.jpg,https://www.ajio.com/arrow-men-slim-fit-shirt-with-patch-pocket/p/441935130_black
ajio,469241662,Men,Shirts,LEVIS,LEVIS Blue Men Slim Fit Shirt with Curved Hems,1548,3599,57,,,Blue,https://assets.ajio.com/medias/sys_master/root/20221205/uU9O/638e2d8af997ddfdbdbb1fe5/levis_blue_men_slim_fit_shirt_with_curved_hems.jpg,https://www.ajio.com/levis-men-slim-fit-shirt-with-curved-hems/p/469241662_blue
ajio,466346243,Men,Shirts,JB JUST,JB JUST BLACK Sea Green Men Slim Fit Linen Shirt with Patch Pocket,704,1599,56,,,Sea Green,https://assets.ajio.com/medias/sys_master/root/20230711/Qvug/64acaec6eebac147fc626b6f/jb_just_black_sea_green_men_slim_fit_linen_shirt_with_patch_pocket.jpg,https://www.ajio.com/jb-just-black-men-slim-fit-linen-shirt-with-patch-pocket/p/466346243_seagreen
ajio,460353496,Men,Shirts,The Indian Garage Co,The Indian Garage Co Blue Men Checked Slim Fit Shirt with Patch Pocket,647,1749,63,,,Blue,https://assets.ajio.com/medias/sys_master/root/20230313/ZxJH/640f4a85f997dde6f4f4b68a/the_indian_garage_co_blue_men_checked_slim_fit_shirt_with_patch_pocket.jpg,https://www.ajio.com/the-indian-garage-co-men-checked-slim-fit-shirt-with-patch-pocket/p/460353496_blue
ajio,463678883,Men,Shirts,MAHARAJA,MAHARAJA Green & White Men Checked Slim Fit Shirt,500,2000,75,,,White,https://assets.ajio.com/medias/sys_master/root/20230621/DOZA/6492429fd55b7d0c63877a42/maharaja_green_%26_white_men_checked_slim_fit_shirt.jpg,https://www.ajio.com/maharaja-men-checked-slim-fit-shirt/p/463678883_green
ajio,420400608,Men,Shirts,NTWK,NTWK White Men Micro Print Slim Fit Shirt,350,999,65,,,White,https://assets.ajio.com/medias/sys_master/root/20230316/YGX0/64133e14f997dde6f4027e10/ntwk_white_men_micro_print_slim_fit_shirt.jpg,https://www.ajio.com/ntwk-men-micro-print-slim-fit-shirt/p/420400608_white
ajio,463307229,Men,Shirts,PARK AVENUE,PARK AVENUE White Men Solid Regular Fit Shirt,1440,3199,55,,,White,https://assets.ajio.com/medias/sys_master/root/20230621/zYpO/64923ccad55b7d0c6386aa30/park_avenue_white_men_solid_regular_fit_shirt.jpg,https://www.ajio.com/park-avenue-men-solid-regular-fit-shirt/p/463307229_white
ajio,466004452,Men,Shirts,Lee,Lee Grey Men Checked Slim Fit Shirt with Patch Pocket,1100,2199,50,,,Grey,https://assets.ajio.com/medias/sys_master/root/20230629/WoFw/649cc9f6eebac147fc3126d8/lee_grey_men_checked_slim_fit_shirt_with_patch_pocket.jpg,https://www.ajio.com/lee-men-checked-slim-fit-shirt-with-patch-pocket/p/466004452_grey
ajio,469561044,Men,Shirts,ALLEN SOLLY,ALLEN SOLLY Blue Men Checked Slim Fit Shirt,1169,1799,35,,,Blue,https://assets.ajio.com/medias/sys_master/root/20231019/boOV/65314b86afa4cf41f550a1b9/allen_solly_blue_men_checked_slim_fit_shirt.jpg,https://www.ajio.com/allen-solly-men-checked-slim-fit-shirt/p/469561044_blue
ajio,466412876,Men,Shirts,Rare Rabbit,Rare Rabbit Orange Men Slim Fit Mandarin-Collar Shirt,1800,3999,55,,,Orange,https://assets.ajio.com/medias/sys_master/root/20230802/6pQl/64ca852ca9b42d15c9876343/rare_rabbit_orange_men_slim_fit_mandarin-collar_shirt.jpg,https://www.ajio.com/rare-rabbit-men-slim-fit-mandarin-collar-shirt/p/466412876_orange
ajio,420045241,Men,Shirts,JOHN PLAYERS Light,JOHN PLAYERS Light Pink Men Striped Extra Slim Fit Shirt with Patch Pocket,450,1499,70,,,Pink,https://assets.ajio.com/medias/sys_master/root/20201205/aGQb/5fca89c2aeb269d5632ab9e2/john_players_light_pink_men_striped_extra_slim_fit_shirt_with_patch_pocket.jpg,https://www.ajio.com/john-players-men-striped-extra-slim-fit-shirt-with-patch-pocket/p/420045241_ltblue
ajio,466390693,Men,Shirts,RAYMOND,RAYMOND Blue Men Micro-Print Slim Fit Shirt,1199,1999,40,,,Blue,https://assets.ajio.com/medias/sys_master/root/20230727/6jW1/64c282c6eebac147fc8ecc76/raymond_blue_men_micro-print_slim_fit_shirt.jpg,https://www.ajio.com/raymond-men-micro-print-slim-fit-shirt/p/466390693_blue
ajio,420377272,Men,Shirts,BOY,BOY CODE Grey Melange Graphic Print Round-Neck T-Shirt,140,349,60,,,Grey,https://assets.ajio.com/medias/sys_master/root/20230301/e3ng/63ff9959f997dde6f4d5e681/boy_code_grey_melange_graphic_print_round-neck_t-shirt.jpg,https://www.ajio.com/boy-code-graphic-print-round-neck-t-shirt/p/420377272_greymelange
ajio,466535280,Men,Shirts,SNITCH,SNITCH Blue Men Slim Fit Shirt with Patch Pocket,999,1998,50,,,Blue,https://assets.ajio.com/medias/sys_master/root/20230905/NVbQ/64f72e4fddf77915199b066c/snitch_blue_men_slim_fit_shirt_with_patch_pocket.jpg,https://www.ajio.com/snitch-men-slim-fit-shirt-with-patch-pocket/p/466535280_blue
ajio,469161582,Men,Shirts,Ketch Aqua,Ketch Aqua Blue Men Kitsch Print Slim Fit Shirt,406,1399,71,,,Blue,https://assets.ajio.com/medias/sys_master/root/20220413/T7wq/6255ce2daeb26921af1cabb7/ketch_aqua_blue_men_kitsch_print_slim_fit_shirt.jpg,https://www.ajio.com/ketch-men-kitsch-print-slim-fit-shirt/p/469161582_aqua
ajio,465065631,Men,Shirts,SNITCH,SNITCH Blue Men Floral Print Slim Fit Shirt,1109,2998,63,,,Blue,https://assets.ajio.com/medias/sys_master/root/20230624/qPxR/649613eaeebac147fce5f90e/snitch_blue_men_floral_print_slim_fit_shirt.jpg,https://www.ajio.com/snitch-men-floral-print-slim-fit-shirt/p/465065631_blue
ajio,469126144,Men,Shirts,ARROW,ARROW Maroon Men Striped Slim Fit Shirt,1350,2699,50,,,Maroon,https://assets.ajio.com/medias/sys_master/root/20220629/JceJ/62bc42fcf997dd03e2a79212/arrow_maroon_men_striped_slim_fit_shirt.jpg,https://www.ajio.com/arrow-men-striped-slim-fit-shirt/p/469126144_maroon
ajio,469156251,Men,Shirts,INDIAN TERRAIN,INDIAN TERRAIN Navy Men Checked Slim Fit Shirt with Patch Pocket,798,2099,62,,,Navy,https://assets.ajio.com/medias/sys_master/root/20220811/bWA8/62f52da4f997dd03e23df917/indian_terrain_navy_men_checked_slim_fit_shirt_with_patch_pocket.jpg,https://www.ajio.com/indian-terrain-men-checked-slim-fit-shirt-with-patch-pocket/p/469156251_navy
ajio,441907333,Men,Shirts,PARK AVENUE,PARK AVENUE Blue Men Cutaway Collar Slim Fit Shirt,1260,2799,55,,,Blue,https://assets.ajio.com/medias/sys_master/root/20230323/LFpy/641c3ab7907deb497aac5ee7/park_avenue_blue_men_cutaway_collar_slim_fit_shirt.jpg,https://www.ajio.com/park-avenue-men-cutaway-collar-slim-fit-shirt/p/441907333_blue
ajio,441666823,Men,Shirts,MUFTI,MUFTI Navy Blue Men Slim Fit Cotton Shirt with Patch Pocket,1012,2299,56,,,Navy Blue,https://assets.ajio.com/medias/sys_master/root/20230626/9kFL/6499b7fea9b42d15c9f3f5af/mufti_navy_blue_men_slim_fit_cotton_shirt_with_patch_pocket.jpg,https://www.ajio.com/mufti-men-slim-fit-cotton-shirt-with-patch-pocket/p/441666823_navy
ajio,420404721,Men,Shirts,ROXTAR,ROXTAR Black Men Checked Slim Fit Shirt,180,449,60,,,Black,https://assets.ajio.com/medias/sys_master/root/20230427/PCRy/644ab4e342f9e729d756c994/roxtar_black_men_checked_slim_fit_shirt.jpg,https://www.ajio.com/roxtar-men-checked-slim-fit-shirt/p/420404721_black
ajio,420395603,Men,Shirts,ROXTAR,ROXTAR Black & Maroon Men Checked Slim Fit Shirt with Patch Pocket,180,449,60,,,Maroon,https://assets.ajio.com/medias/sys_master/root/20230427/qNUm/644ab13242f9e729d756b689/roxtar_black_%26_maroon_men_checked_slim_fit_shirt_with_patch_pocket.jpg,https://www.ajio.com/roxtar-men-checked-slim-fit-shirt-with-patch-pocket/p/420395603_black
ajio,469280241,Men,Shirts,U.S. Polo Assn.,U.S. Polo Assn. Blue Men Regular Fit Shirt with Patch Pocket,1463,2399,39,,,Blue,https://assets.ajio.com/medias/sys_master/root/20230920/gEWm/650b0d26afa4cf41f5f4ed2a/u.s._polo_assn._blue_men_regular_fit_shirt_with_patch_pocket.jpg,https://www.ajio.com/u-s-polo-assn-men-regular-fit-shirt-with-patch-pocket/p/469280241_ltblue
ajio,460353531,Men,Shirts,The Indian Garage Co,The Indian Garage Co  Men Ditsy Print Slim Fit Shirt with Patch Pocket,525,1749,70,,,,https://assets.ajio.com/medias/sys_master/root/20230524/uHoy/646e47e1d55b7d0c63d6c430/the_indian_garage_co__men_ditsy_print_slim_fit_shirt_with_patch_pocket.jpg,https://www.ajio.com/the-indian-garage-co-men-ditsy-print-slim-fit-shirt-with-patch-pocket/p/460353531_white
ajio,469218283,Men,Shirts,Buda Jeans Co,Buda Jeans Co Rust Orange Men Checked Slim Fit Shirt with Patch Pocket,595,1699,65,,,Orange,https://assets.ajio.com/medias/sys_master/root/20230517/HHr4/6464c2a242f9e729d7906b43/buda_jeans_co_rust_orange_men_checked_slim_fit_shirt_with_patch_pocket.jpg,https://www.ajio.com/buda-jeans-co-men-checked-slim-fit-shirt-with-patch-pocket/p/469218283_rust
ajio,441700966,Men,Shirts,INDIAN TERRAIN,INDIAN TERRAIN Navy Blue Men Printed Slim Fit Shirt,989,2299,57,,,Navy Blue,https://assets.ajio.com/medias/sys_master/root/20230525/CT9K/646f8976d55b7d0c63fc887d/indian_terrain_navy_blue_men_printed_slim_fit_shirt.jpg,https://www.ajio.com/indian-terrain-men-printed-slim-fit-shirt/p/441700966_navyblue
ajio,466114617,Men,Shirts,SNITCH,SNITCH Black Men Embroidered Spread Collared Slim Fit Shirt,727,2598,72,,,Black,https://assets.ajio.com/medias/sys_master/root/20230629/HlnV/649cf148eebac147fc368211/snitch_black_men_embroidered_spread_collared_slim_fit_shirt.jpg,https://www.ajio.com/snitch-men-embroidered-spread-collared-slim-fit-shirt/p/466114617_black
ajio,466732419,Men,Shirts,PULSECHECK,PULSECHECK Red melange Men Regular Fit Polo T-Shirt with Patch Pocket,460,999,54,,,Red,https://assets.ajio.com/medias/sys_master/root/20231021/HKbo/6532feb7afa4cf41f556aa49/pulsecheck_red_melange_men_regular_fit_polo_t-shirt_with_patch_pocket.jpg,https://www.ajio.com/pulsecheck-men-regular-fit-polo-t-shirt-with-patch-pocket/p/466732419_red
ajio,469318345,Men,Shirts,LOUIS PHILIPPE,LOUIS PHILIPPE White Men Checked Slim Fit Shirt with Patch Pocket,1949,2599,25,,,White,https://assets.ajio.com/medias/sys_master/root/20220916/6n9a/63249522f997dd1f8d04ec92/louis_philippe_white_men_checked_slim_fit_shirt_with_patch_pocket.jpg,https://www.ajio.com/louis-philippe-men-checked-slim-fit-shirt-with-patch-pocket/p/469318345_white
ajio,420448752,Men,Shirts,BREAKPOINT,BREAKPOINT Multicoloured Men Checked Slim Fit Shirt with Flap Pocket,280,699,60,,,,https://assets.ajio.com/medias/sys_master/root/20230302/nXNL/63ffa9e1aeb26924e39d8499/breakpoint_multicoloured_men_checked_slim_fit_shirt_with_flap_pocket.jpg,https://www.ajio.com/breakpoint-men-checked-slim-fit-shirt-with-flap-pocket/p/420448752_multicolor
ajio,442088876,Men,Shirts,INDIAN TERRAIN,INDIAN TERRAIN Off-White Men Floral Print Slim Fit Shirt,1204,2799,57,,,White,https://assets.ajio.com/medias/sys_master/root/20231019/cGpA/653152fcddf77915194a3566/indian_terrain_off-white_men_floral_print_slim_fit_shirt.jpg,https://www.ajio.com/indian-terrain-men-floral-print-slim-fit-shirt/p/442088876_offwhite
ajio,420446583,Men,Shirts,ACE MODE,ACE MODE Green Men Checked Slim Fit Shirt with Patch Pocket,385,1099,65,,,Green,https://assets.ajio.com/medias/sys_master/root/20230301/RMFI/63ff7163aeb26924e39c5146/ace_mode_green_men_checked_slim_fit_shirt_with_patch_pocket.jpg,https://www.ajio.com/ace-mode-men-checked-slim-fit-shirt-with-patch-pocket/p/420446583_green
ajio,466459895,Men,Shirts,SNITCH,SNITCH Grey Men Slim Fit Shirt with Button-Down Collar,899,1798,50,,,Grey,https://assets.ajio.com/medias/sys_master/root/20230815/02lN/64daa91aa9b42d15c9ad438a/snitch_grey_men_slim_fit_shirt_with_button-down_collar.jpg,https://www.ajio.com/snitch-men-slim-fit-shirt-with-button-down-collar/p/466459895_grey
ajio,441218196,Men,Shirts,INDIAN TERRAIN,INDIAN TERRAIN Purple Men Checked Slim Fit Shirt,1026,2699,62,,,Purple,https://assets.ajio.com/medias/sys_master/root/20220324/77mZ/623b76b9aeb26921afed99a9/indian_terrain_purple_men_checked_slim_fit_shirt.jpg,https://www.ajio.com/indian-terrain-men-checked-slim-fit-shirt/p/441218196_brown
ajio,469040201,Men,Shirts,Ketch,Ketch Navy Blue & White Men Colourblock Slim Fit Shirt,414,1149,64,,,Navy Blue,https://assets.ajio.com/medias/sys_master/root/20211123/TnNL/619d144ff997ddf8f115526d/ketch_navy_blue_%26_white_men_colourblock_slim_fit_shirt.jpg,https://www.ajio.com/ketch-men-colourblock-slim-fit-shirt/p/469040201_whitenavy
ajio,466711562,Men,Shirts,AUSK Aqua,AUSK Aqua Men Graphic Print Oversized Fit Crew-Neck T-Shirt,249,1499,83,,,,https://assets.ajio.com/medias/sys_master/root/20231031/MymA/65411d2bafa4cf41f56b6e80/ausk_aqua_men_graphic_print_oversized_fit_crew-neck_t-shirt.jpg,https://www.ajio.com/ausk-men-graphic-print-oversized-fit-crew-neck-t-shirt/p/466711562_aqua
ajio,469506534,Men,Shirts,British Club,British Club Blue Men Digital Print Satin Slim Fit Half Sleeve Shirt,775,2095,63,,,Blue,https://assets.ajio.com/medias/sys_master/root/20230512/IXlw/645d35bdd55b7d0c63a8069e/british_club_blue_men_digital_print_satin_slim_fit_half_sleeve_shirt.jpg,https://www.ajio.com/british-club-men-digital-print-satin-slim-fit-half-sleeve-shirt/p/469506534_darkblue
ajio,465080732,Men,Shirts,BLACKBERRYS,BLACKBERRYS Green Men Slim Fit Shirt with Full-Sleeves,1557,2595,40,,,Green,https://assets.ajio.com/medias/sys_master/root/20230829/Yfhv/64ecf4dbddf7791519850312/blackberrys_green_men_slim_fit_shirt_with_full-sleeves.jpg,https://www.ajio.com/blackberrys-men-slim-fit-shirt-with-full-sleeves/p/465080732_green
ajio,466145384,Men,Shirts,STUDIO NEXX,STUDIO NEXX Yellow Men Slim Fit Shirt with Patch Pocket,599,1699,65,,,Yellow,https://assets.ajio.com/medias/sys_master/root/20230511/03tA/645bf84942f9e729d775425a/studio_nexx_yellow_men_slim_fit_shirt_with_patch_pocket.jpg,https://www.ajio.com/studio-nexx-men-slim-fit-shirt-with-patch-pocket/p/466145384_yellow
ajio,469560522,Men,Shirts,American Eagle,American Eagle Grey Men Graphic Print Regular Fit T-Shirt,899,999,10,,,Grey,https://assets.ajio.com/medias/sys_master/root/20231020/pEma/65320f10afa4cf41f5537256/american_eagle_grey_men_graphic_print_regular_fit_t-shirt.jpg,https://www.ajio.com/american-eagle-men-graphic-print-regular-fit-t-shirt/p/469560522_grey
ajio,469506531,Men,Shirts,British Club,British Club Pink Men Digital Print Satin Slim Fit Half Sleeve Shirt,775,2095,63,,,Pink,https://assets.ajio.com/medias/sys_master/root/20230512/6qL4/645d3fd7d55b7d0c63a82753/british_club_pink_men_digital_print_satin_slim_fit_half_sleeve_shirt.jpg,https://www.ajio.com/british-club-men-digital-print-satin-slim-fit-half-sleeve-shirt/p/469506531_coral
ajio,469060821,Men,Shirts,Ketch,Ketch Pink Men Slim Fit Shirt with Patch Pocket,507,1299,61,,,Pink,https://assets.ajio.com/medias/sys_master/root/20220119/D1Qq/61e829ceaeb2695cdd1d484a/ketch_pink_men_slim_fit_shirt_with_patch_pocket.jpg,https://www.ajio.com/ketch-men-slim-fit-shirt-with-patch-pocket/p/469060821_dustypink
ajio,441633191,Men,Shirts,RAYMOND,RAYMOND Blue Men Cutaway Collar Slim Fit Shirt,1559,2599,40,,,Blue,https://assets.ajio.com/medias/sys_master/root/20230321/fOot/6418c988f997dde6f40d6cb2/raymond_blue_men_cutaway_collar_slim_fit_shirt.jpg,https://www.ajio.com/raymond-men-cutaway-collar-slim-fit-shirt/p/441633191_blue
ajio,466722403,Men,Shirts,Vastrado,Vastrado White Men Regular Fit Crew-Neck T-Shirt,475,949,50,,,White,https://assets.ajio.com/medias/sys_master/root/20231018/4aoy/652fdec5ddf77915194635d3/vastrado_white_men_regular_fit_crew-neck_t-shirt.jpg,https://www.ajio.com/vastrado-men-regular-fit-crew-neck-t-shirt/p/466722403_white
ajio,466685220,Men,Shirts,Game Keeper,Game Keeper Pink Men Graphic Regular Fit Crew-Neck T-Shirt,399,1999,80,,,Pink,https://assets.ajio.com/medias/sys_master/root/20231010/scj6/65247c3cafa4cf41f535ed0a/game_keeper_pink_men_graphic_regular_fit_crew-neck_t-shirt.jpg,https://www.ajio.com/game-keeper-men-graphic-regular-fit-crew-neck-t-shirt/p/466685220_pink
ajio,441207316,Men,Shirts,SIN,SIN Mustard Yellow Men Slim Fit Shirt with Patch Pocket,844,1299,35,,,Mustard,https://assets.ajio.com/medias/sys_master/root/20220111/MCFH/61dc93bcf997dd662318749d/sin_mustard_yellow_men_slim_fit_shirt_with_patch_pocket.jpg,https://www.ajio.com/sin-men-slim-fit-shirt-with-patch-pocket/p/441207316_mustard
ajio,463471098,Men,Shirts,YOVISH,YOVISH Multicolor Men Cartoon Printed Slim Fit Shirt,810,2999,73,,,Multicolour,https://assets.ajio.com/medias/sys_master/root/20230621/h9Ms/6492286642f9e729d75b2a5f/yovish_multicolor_men_cartoon_printed_slim_fit_shirt.jpg,https://www.ajio.com/yovish-men-cartoon-printed-slim-fit-shirt/p/463471098_multi
ajio,469486664,Men,Shirts,Ketch,Ketch Blue Men Checked slim Fit Shirt with Patch Pocket,492,2049,76,,,Blue,https://assets.ajio.com/medias/sys_master/root/20230523/GvkR/646c7b1042f9e729d7a46f1f/ketch_blue_men_checked_slim_fit_shirt_with_patch_pocket.jpg,https://www.ajio.com/ketch-men-checked-slim-fit-shirt-with-patch-pocket/p/469486664_blue
ajio,466749571,Men,Shirts,Blacknote Light,Blacknote Light green Men Graphic Print Stylised Fit Crew-Neck T-Shirt,299,1599,81,,,Green,https://assets.ajio.com/medias/sys_master/root/20231027/o7nZ/653ae6a8ddf77915195d4e48/blacknote_light_green_men_graphic_print_stylised_fit_crew-neck_t-shirt.jpg,https://www.ajio.com/blacknote-men-graphic-print-stylised-fit-crew-neck-t-shirt/p/466749571_green
ajio,420418906,Men,Shirts,ROXTAR,ROXTAR Yellow Men Checked Slim Fit Shirt,260,649,60,,,Yellow,https://assets.ajio.com/medias/sys_master/root/20230427/JHcs/644a8d9ad55b7d0c63840a79/roxtar_yellow_men_checked_slim_fit_shirt.jpg,https://www.ajio.com/roxtar-men-checked-slim-fit-shirt/p/420418906_yellow
ajio,469220183,Men,Shirts,Ketch Lime,Ketch Lime Yellow Men Graphic Print Slim Fit Shirt with Patch Pocket,462,1399,67,,,Yellow,https://assets.ajio.com/medias/sys_master/root/20221121/IkYu/637b8f48f997ddfdbd88ae91/ketch_lime_yellow_men_graphic_print_slim_fit_shirt_with_patch_pocket.jpg,https://www.ajio.com/ketch-men-graphic-print-slim-fit-shirt-with-patch-pocket/p/469220183_lime
ajio,441666877,Men,Shirts,MUFTI,MUFTI Black Men Slim Fit Shirt with Flap Pockets,1100,2499,56,,,Black,https://assets.ajio.com/medias/sys_master/root/20230626/3fvd/6499b1e8a9b42d15c9f3d80d/mufti_black_men_slim_fit_shirt_with_flap_pockets.jpg,https://www.ajio.com/mufti-men-slim-fit-shirt-with-flap-pockets/p/441666877_black
ajio,466346831,Men,Shirts,ZEDD,ZEDD Purple Men Solid Regular Fit Shirt,1274,1499,15,,,Purple,https://assets.ajio.com/medias/sys_master/root/20230710/tPIb/64ac08dceebac147fc601298/zedd_purple_men_solid_regular_fit_shirt.jpg,https://www.ajio.com/zedd-men-solid-regular-fit-shirt/p/466346831_purple
ajio,464285325,Men,Shirts,BLACKBERRYS,BLACKBERRYS White Men Solid Slim Fit Shirt,3497,4995,30,,,White,https://assets.ajio.com/medias/sys_master/root/20220505/hZWV/6273e3a4aeb26921af56b29e/blackberrys_white_men_solid_slim_fit_shirt.jpg,https://www.ajio.com/blackberrys-men-solid-slim-fit-shirt/p/464285325_white
ajio,420418930,Men,Shirts,ROXTAR,ROXTAR Red & Navy Blue Men Checked Slim Fit Shirt with Patch Pocket,260,649,60,,,Navy Blue,https://assets.ajio.com/medias/sys_master/root/20230518/xWDV/646651bdd55b7d0c63c43a5b/roxtar_red_%26_navy_blue_men_checked_slim_fit_shirt_with_patch_pocket.jpg,https://www.ajio.com/roxtar-men-checked-slim-fit-shirt-with-patch-pocket/p/420418930_navy
ajio,466712927,Men,Shirts,SHOWOFF Sea,SHOWOFF Sea green Men Self-Design Slim Fit Shirt,700,1750,60,,,Sea Green,https://assets.ajio.com/medias/sys_master/root/20231016/etmI/652d11afafa4cf41f54728ea/showoff_sea_green_men_self-design_slim_fit_shirt.jpg,https://www.ajio.com/showoff-men-self-design-slim-fit-shirt/p/466712927_seagreen
ajio,466246788,Men,Shirts,THE BEAR HOUSE,THE BEAR HOUSE Blue Men Checked Slim Fit Shirt with Patch Pocket,998,2495,60,,,Blue,https://assets.ajio.com/medias/sys_master/root/20230607/UoYf/64805a4042f9e729d72b0192/the_bear_house_blue_men_checked_slim_fit_shirt_with_patch_pocket.jpg,https://www.ajio.com/the-bear-house-men-checked-slim-fit-shirt-with-patch-pocket/p/466246788_blue
ajio,469288435,Men,Shirts,Ketch,Ketch Navy Men Printed Slim Fit Cotton Shirt,412,1649,75,,,Navy,https://assets.ajio.com/medias/sys_master/root/20221026/gWPd/63583983f997ddfdbd3f3587/ketch_navy_men_printed_slim_fit_cotton_shirt.jpg,https://www.ajio.com/ketch-men-printed-slim-fit-cotton-shirt/p/469288435_navy
ajio,465829465,Men,Shirts,PAUL STREET,PAUL STREET Charcoal Men Checked Slim Fit Shirt with Patch Pocket,878,1950,55,,,Charcoal,https://assets.ajio.com/medias/sys_master/root/20230629/MaLU/649d1048eebac147fc3a18e1/paul_street_charcoal_men_checked_slim_fit_shirt_with_patch_pocket.jpg,https://www.ajio.com/paul-street-men-checked-slim-fit-shirt-with-patch-pocket/p/465829465_charcoal
ajio,469517997,Men,Shirts,ALLEN SOLLY,ALLEN SOLLY Yellow Men Striped Slim Fit Shirt with Patch Pocket,1494,2299,35,,,Yellow,https://assets.ajio.com/medias/sys_master/root/20230620/wGCA/6491c5a3d55b7d0c637c1e76/allen_solly_yellow_men_striped_slim_fit_shirt_with_patch_pocket.jpg,https://www.ajio.com/allen-solly-men-striped-slim-fit-shirt-with-patch-pocket/p/469517997_yellow
ajio,465643989,Men,Shirts,K LARA,K LARA Blue Men Slim Fit Shirt with Flap Pockets,653,1920,66,,,Blue,https://assets.ajio.com/medias/sys_master/root/20230628/VpXv/649b5f67a9b42d15c9fbe2ee/k_lara_blue_men_slim_fit_shirt_with_flap_pockets.jpg,https://www.ajio.com/k-lara-men-slim-fit-shirt-with-flap-pockets/p/465643989_blue
ajio,463863427,Men,Shirts,CROCODILE,CROCODILE Burgundy Men Checked Regular Fit Shirt,1000,1999,50,,,Burgundy,https://assets.ajio.com/medias/sys_master/root/20220325/cABd/623d4c89f997dd03e2302dae/crocodile_burgundy_men_checked_regular_fit_shirt.jpg,https://www.ajio.com/crocodile-men-checked-regular-fit-shirt/p/463863427_burgundy
ajio,466768911,Men,Shirts,MAX,MAX Black Men Printed Oversized Fit Crew-Neck T-Shirt,599,599,0,,,Black,https://assets.ajio.com/medias/sys_master/root/20231102/J64h/6543d259ddf77915196b7dd7/max_black_men_printed_oversized_fit_crew-neck_t-shirt.jpg,https://www.ajio.com/max-men-printed-oversized-fit-crew-neck-t-shirt/p/466768911_black
ajio,466768582,Men,Shirts,Sthula's,Sthula's Pink Men Loose Fit Round-Neck T-Shirt,324,1799,82,,,Pink,https://assets.ajio.com/medias/sys_master/root/20231103/NGIj/654420d9afa4cf41f5715201/sthula%27s_pink_men_loose_fit_round-neck_t-shirt.jpg,https://www.ajio.com/sthula-s-men-loose-fit-round-neck-t-shirt/p/466768582_pink
ajio,466111667,Men,Shirts,THE BEAR HOUSE,THE BEAR HOUSE Grey Men Striped Pattern Slim Fit Shirt with Button-Down,1248,2495,50,,,Grey,https://assets.ajio.com/medias/sys_master/root/20230629/Dz2o/649ceeefa9b42d15c91feb1f/the_bear_house_grey_men_striped_pattern_slim_fit_shirt_with_button-down.jpg,https://www.ajio.com/the-bear-house-men-striped-pattern-slim-fit-shirt-with-button-down/p/466111667_grey
ajio,464097194,Men,Shirts,STUDIO NEXX,STUDIO NEXX Blue Men Slim Fit Shirt with Patch Pocket,579,1699,66,,,Blue,https://assets.ajio.com/medias/sys_master/root/20230621/OKON/6492781642f9e729d7665b77/studio_nexx_blue_men_slim_fit_shirt_with_patch_pocket.jpg,https://www.ajio.com/studio-nexx-men-slim-fit-shirt-with-patch-pocket/p/464097194_blue
ajio,469208965,Men,Shirts,Ketch,Ketch Blue Men Micro Print Slim Fit Shirt with Patch Pocket,362,1249,71,,,Blue,https://assets.ajio.com/medias/sys_master/root/20220805/RDcd/62ed39dcaeb26921afca99fd/ketch_blue_men_micro_print_slim_fit_shirt_with_patch_pocket.jpg,https://www.ajio.com/ketch-men-micro-print-slim-fit-shirt-with-patch-pocket/p/469208965_blue
ajio,469473385,Men,Shirts,Arrow Sports,Arrow Sports Pink Men Checked Slim Fit Shirt,1299,2499,48,,,Pink,https://assets.ajio.com/medias/sys_master/root/20230426/lmlw/6449001642f9e729d7510674/arrow_sports_pink_men_checked_slim_fit_shirt.jpg,https://www.ajio.com/arrow-sports-men-checked-slim-fit-shirt/p/469473385_lightblue
ajio,460698912,Men,Shirts,The Indian Garage Co,The Indian Garage Co Cream Men Checked Slim Fit Shirt with Patch Pocket,525,1749,70,,,Cream,https://assets.ajio.com/medias/sys_master/root/20230524/Ea6L/646e541042f9e729d7abe50d/the_indian_garage_co_cream_men_checked_slim_fit_shirt_with_patch_pocket.jpg,https://www.ajio.com/the-indian-garage-co-men-checked-slim-fit-shirt-with-patch-pocket/p/460698912_cream
ajio,466711085,Men,Shirts,JUMP CUTS,JUMP CUTS Grey Men Colourblock Slim Fit Hooded T-Shirt,462,1399,67,,,Grey,https://assets.ajio.com/medias/sys_master/root/20231015/lYhx/652c1837afa4cf41f544b5b8/jump_cuts_grey_men_colourblock_slim_fit_hooded_t-shirt.jpg,https://www.ajio.com/jump-cuts-men-colourblock-slim-fit-hooded-t-shirt/p/466711085_grey
ajio,469034676,Men,Shirts,Ketch,Ketch Blue Men Checked Slim Fit Shirt,270,899,70,,,Blue,https://assets.ajio.com/medias/sys_master/root/20220119/Oi9g/61e82bc7f997dd66232a2e18/ketch_blue_men_checked_slim_fit_shirt.jpg,https://www.ajio.com/ketch-men-checked-slim-fit-shirt/p/469034676_bluemix
ajio,469264643,Men,Shirts,The Indian Garage Co,The Indian Garage Co Blue Men Printed Slim Fit Shirt,525,1749,70,,,Blue,https://assets.ajio.com/medias/sys_master/root/20230728/IcMx/64c3a7d1eebac147fc91a066/the_indian_garage_co_blue_men_printed_slim_fit_shirt.jpg,https://www.ajio.com/the-indian-garage-co-men-printed-slim-fit-shirt/p/469264643_blue
ajio,466392124,Men,Shirts,PARX Medium,PARX Medium Grey Men Checked Slim Fit Shirt with Spread Collar,800,1999,60,,,Grey,https://assets.ajio.com/medias/sys_master/root/20230727/utBX/64c29a69a9b42d15c97567d9/parx_medium_grey_men_checked_slim_fit_shirt_with_spread_collar.jpg,https://www.ajio.com/parx-men-checked-slim-fit-shirt-with-spread-collar/p/466392124_grey
ajio,469519975,Men,Shirts,Ketch,Ketch Navy Blue Men Striped Slim Fit Shirt,450,1799,75,,,Navy Blue,https://assets.ajio.com/medias/sys_master/root/20230629/KjNF/649d7ff4a9b42d15c92a5120/ketch_navy_blue_men_striped_slim_fit_shirt.jpg,https://www.ajio.com/ketch-men-striped-slim-fit-shirt/p/469519975_navy
ajio,466768479,Men,Shirts,Cantabil,Cantabil Black Men Regular Fit Crew-Neck T-Shirt,559,799,30,,,Black,https://assets.ajio.com/medias/sys_master/root/20231103/fU4T/654420c6afa4cf41f5714f91/cantabil_black_men_regular_fit_crew-neck_t-shirt.jpg,https://www.ajio.com/cantabil-men-regular-fit-crew-neck-t-shirt/p/466768479_black
ajio,465886387,Men,Shirts,PAUL STREET,PAUL STREET Blue Men Tribal Print Slim Fit Shirt,876,1990,56,,,Blue,https://assets.ajio.com/medias/sys_master/root/20230628/4nos/649bb146eebac147fc1d2387/paul_street_blue_men_tribal_print_slim_fit_shirt.jpg,https://www.ajio.com/paul-street-men-tribal-print-slim-fit-shirt/p/465886387_blue
ajio,469549631,Men,Shirts,Marks & Spencer,Marks & Spencer Navy Blue Men Striped Regular Fit Polo T-Shirt,2499,2499,0,,,Navy Blue,https://assets.ajio.com/medias/sys_master/root/20231009/F8L6/65241248afa4cf41f5345d27/marks_%26_spencer_navy_blue_men_striped_regular_fit_polo_t-shirt.jpg,https://www.ajio.com/marks--spencer-men-striped-regular-fit-polo-t-shirt/p/469549631_darknavy
ajio,464415577,Men,Shirts,SHOWOFF,SHOWOFF White Men Floral Print Slim Fit Cotton Shirt,988,2470,60,,,White,https://assets.ajio.com/medias/sys_master/root/20220601/ozoZ/62967f24aeb26921affefff0/showoff_white_men_floral_print_slim_fit_cotton_shirt.jpg,https://www.ajio.com/showoff-men-floral-print-slim-fit-cotton-shirt/p/464415577_white
ajio,466768900,Men,Shirts,MAX,MAX Lavender Men Colourblock Stylised Fit Crew-Neck T-Shirt,399,399,0,,,Lavender,https://assets.ajio.com/medias/sys_master/root/20231102/jweU/6543d204afa4cf41f570f12b/max_lavender_men_colourblock_stylised_fit_crew-neck_t-shirt.jpg,https://www.ajio.com/max-men-colourblock-stylised-fit-crew-neck-t-shirt/p/466768900_lavender
ajio,420401131,Men,Shirts,ACE MODE,ACE MODE Pink Men Printed Slim Fit Shirt with Patch Pocket,400,999,60,,,Pink,https://assets.ajio.com/medias/sys_master/root/20230301/7uIF/63ff79ecaeb26924e39c7c28/ace_mode_pink_men_printed_slim_fit_shirt_with_patch_pocket.jpg,https://www.ajio.com/ace-mode-men-printed-slim-fit-shirt-with-patch-pocket/p/420401131_pink
ajio,441207305,Men,Shirts,SIN,SIN Khaki Men Printed Slim Fit Shirt,741,1399,47,,,Khaki,https://assets.ajio.com/medias/sys_master/root/20220111/FveK/61dcb387aeb2695cdd0e7a65/sin_khaki_men_printed_slim_fit_shirt.jpg,https://www.ajio.com/sin-men-printed-slim-fit-shirt/p/441207305_khaki
ajio,441655493,Men,Shirts,BLACKBERRYS,BLACKBERRYS Beige Men Slim Fit Shirt with Patch Pocket,1537,2195,30,,,Beige,https://assets.ajio.com/medias/sys_master/root/20230123/IS1P/63ceb44aaeb269c651f42680/blackberrys_beige_men_slim_fit_shirt_with_patch_pocket.jpg,https://www.ajio.com/blackberrys-men-slim-fit-shirt-with-patch-pocket/p/441655493_beige
ajio,469071862,Men,Shirts,INDIAN TERRAIN,INDIAN TERRAIN Blue Men Printed Slim Fit Shirt,924,2199,58,,,Blue,https://assets.ajio.com/medias/sys_master/root/20230529/HhYL/6474c51242f9e729d7f23762/indian_terrain_blue_men_printed_slim_fit_shirt.jpg,https://www.ajio.com/indian-terrain-men-printed-slim-fit-shirt/p/469071862_sky
ajio,469453353,Men,Shirts,ALLEN SOLLY,ALLEN SOLLY White Men Slim Fit Shirt with Patch Pocket,1739,1999,13,,,White,https://assets.ajio.com/medias/sys_master/root/20230227/kVGE/63fc7b82aeb26924e391bf46/allen_solly_white_men_slim_fit_shirt_with_patch_pocket.jpg,https://www.ajio.com/allen-solly-men-slim-fit-shirt-with-patch-pocket/p/469453353_white
ajio,469280348,Men,Shirts,U.S. Polo Assn. Us,"U.S. Polo Assn.  Us men shirts, navy, s",1271,2399,47,,,Navy,https://assets.ajio.com/medias/sys_master/root/20220908/nuA1/6319d426f997dd1f8dee855b/u.s._polo_assn.__us_men_shirts%2C_navy%2C_s.jpg,https://www.ajio.com/u-s-polo-assn-us-men-shirts-navy-s/p/469280348_navy
ajio,465972463,Men,Shirts,Rodamo,Rodamo Green Men Slim Fit Shirt with Patch Pocket,704,1599,56,,,Green,https://assets.ajio.com/medias/sys_master/root/20230324/ZIpd/641de7ac711cf97ba7ee865f/rodamo_green_men_slim_fit_shirt_with_patch_pocket.jpg,https://www.ajio.com/rodamo-men-slim-fit-shirt-with-patch-pocket/p/465972463_green
ajio,441408815,Men,Shirts,Colorplus,Colorplus Orange Men Spread Collar Regular Fit Shirt,1150,2299,50,,,Orange,https://assets.ajio.com/medias/sys_master/root/20230320/Ap96/641872b6aeb26924e3cf0da0/colorplus_orange_men_spread_collar_regular_fit_shirt.jpg,https://www.ajio.com/colorplus-men-spread-collar-regular-fit-shirt/p/441408815_orange
ajio,465110427,Men,Shirts,PARX,PARX Blue Men Striped Slim Fit Classic Shirt,720,1799,60,,,Blue,https://assets.ajio.com/medias/sys_master/root/20230624/pdtc/6496102ba9b42d15c9d0077a/parx_blue_men_striped_slim_fit_classic_shirt.jpg,https://www.ajio.com/parx-men-striped-slim-fit-classic-shirt/p/465110427_blue
ajio,465827768,Men,Shirts,THE BEAR HOUSE,THE BEAR HOUSE Black Men Slim Fit Shirt with Patch Pocket,1797,2995,40,,,Black,https://assets.ajio.com/medias/sys_master/root/20230227/2ecD/63fcbe8faeb26924e392e744/the_bear_house_black_men_slim_fit_shirt_with_patch_pocket.jpg,https://www.ajio.com/the-bear-house-men-slim-fit-shirt-with-patch-pocket/p/465827768_black
ajio,469175137,Men,Shirts,VAN HEUSEN,VAN HEUSEN Grey Men Floral Print Slim Fit Shirt,1225,2499,51,,,Grey,https://assets.ajio.com/medias/sys_master/root/20220330/cyqr/624476b7f997dd03e23cf3cd/van_heusen_grey_men_floral_print_slim_fit_shirt.jpg,https://www.ajio.com/van-heusen-men-floral-print-slim-fit-shirt/p/469175137_grey
ajio,441666899,Men,Shirts,MUFTI,MUFTI White Men Cotton Slim Fit Shirt,1200,2399,50,,,White,https://assets.ajio.com/medias/sys_master/root/20230626/dJGW/6499a343eebac147fc09705b/mufti_white_men_cotton_slim_fit_shirt.jpg,https://www.ajio.com/mufti-men-cotton-slim-fit-shirt/p/441666899_white
ajio,469241595,Men,Shirts,LEVIS,LEVIS Red Men Striped Slim Fit Shirt,1716,3899,56,,,Red,https://assets.ajio.com/medias/sys_master/root/20221205/gLTV/638e2aa7aeb269659cd1c4f2/levis_red_men_striped_slim_fit_shirt.jpg,https://www.ajio.com/levis-men-striped-slim-fit-shirt/p/469241595_red
ajio,441148472,Men,Shirts,JOHN PLAYERS JEANS,JOHN PLAYERS JEANS Indigo Men Slim Fit Printed Denim Shirt,800,1999,60,,,Indigo,https://assets.ajio.com/medias/sys_master/root/20230118/g5nF/63c7d586f997dd708e111ce5/john_players_jeans_indigo_men_slim_fit_printed_denim_shirt.jpg,https://www.ajio.com/john-players-jeans-men-slim-fit-printed-denim-shirt/p/441148472_indigo
ajio,466765733,Men,Shirts,AUSK,AUSK White Men Checked Regular Fit Polo T-Shirt,399,1499,73,,,White,https://assets.ajio.com/medias/sys_master/root/20231102/nLti/6542b26addf779151968b093/ausk_white_men_checked_regular_fit_polo_t-shirt.jpg,https://www.ajio.com/ausk-men-checked-regular-fit-polo-t-shirt/p/466765733_white
ajio,441701023,Men,Shirts,INDIAN TERRAIN,INDIAN TERRAIN Navy Blue Men Checked Slim Fit Shirt,1075,2499,57,,,Navy Blue,https://assets.ajio.com/medias/sys_master/root/20230717/dc52/64b574a0eebac147fc749fd1/indian_terrain_navy_blue_men_checked_slim_fit_shirt.jpg,https://www.ajio.com/indian-terrain-men-checked-slim-fit-shirt/p/441701023_navyblue
ajio,469531069,Men,Shirts,ALLEN SOLLY,ALLEN SOLLY Blue Men Micro Print Slim Fit Shirt with Patch Pocket,1494,2299,35,,,Blue,https://assets.ajio.com/medias/sys_master/root/20230701/6cSU/649f2948a9b42d15c92ec5ec/allen_solly_blue_men_micro_print_slim_fit_shirt_with_patch_pocket.jpg,https://www.ajio.com/allen-solly-men-micro-print-slim-fit-shirt-with-patch-pocket/p/469531069_blue
ajio,469034501,Men,Shirts,Ketch,Ketch Green Men Slim Fit Shirt with Patch Pocket,450,1499,70,,,Green,https://assets.ajio.com/medias/sys_master/root/20211028/vehe/6179ac70aeb2690110ad3276/ketch_green_men_slim_fit_shirt_with_patch_pocket.jpg,https://www.ajio.com/ketch-men-slim-fit-shirt-with-patch-pocket/p/469034501_lightgreen
ajio,466106073,Men,Shirts,ACCOX,ACCOX White Men Striped Regular Fit Shirt,699,1480,53,,,White,https://assets.ajio.com/medias/sys_master/root/20230428/dBx9/644b938042f9e729d7571700/accox_white_men_striped_regular_fit_shirt.jpg,https://www.ajio.com/accox-men-striped-regular-fit-shirt/p/466106073_white
ajio,420358963,Men,Shirts,ROXTAR,ROXTAR Rust & Blue Men Checked Slim Fit Shirt,220,549,60,,,Blue,https://assets.ajio.com/medias/sys_master/root/20230518/Extc/64665edbd55b7d0c63c4c278/roxtar_rust_%26_blue_men_checked_slim_fit_shirt.jpg,https://www.ajio.com/roxtar-men-checked-slim-fit-shirt/p/420358963_rust
ajio,441142125,Men,Shirts,NETPLAY,NETPLAY Navy Men Striped Slim Fit Shirt with Patch Pocket,390,1299,70,,,Navy,https://assets.ajio.com/medias/sys_master/root/20220623/1dR5/62b49d88aeb26921af430a67/netplay_navy_men_striped_slim_fit_shirt_with_patch_pocket.jpg,https://www.ajio.com/netplay-men-striped-slim-fit-shirt-with-patch-pocket/p/441142125_navy
ajio,469412585,Men,Shirts,SIN,SIN Black Men Printed Slim Fit Shirt,675,1499,55,,,Black,https://assets.ajio.com/medias/sys_master/root/20230117/Gz4K/63c64c27aeb269c651e4cf3f/sin_black_men_printed_slim_fit_shirt.jpg,https://www.ajio.com/sin-men-printed-slim-fit-shirt/p/469412585_black
ajio,469163299,Men,Shirts,Ketch,Ketch Black Men Checked Slim Fit Shirt with Cutaway Collar,320,999,68,,,Black,https://assets.ajio.com/medias/sys_master/root/20220319/tWvF/6234e150f997dd03e21de4a3/ketch_black_men_checked_slim_fit_shirt_with_cutaway_collar.jpg,https://www.ajio.com/ketch-men-checked-slim-fit-shirt-with-cutaway-collar/p/469163299_blackblue
ajio,420434675,Men,Shirts,BREAKPOINT,BREAKPOINT Blue Men Checked Slim Fit Shirt with Patch Pocket,400,999,60,,,Blue,https://assets.ajio.com/medias/sys_master/root/20230301/6tmq/63ff9242aeb26924e39d0cf2/breakpoint_blue_men_checked_slim_fit_shirt_with_patch_pocket.jpg,https://www.ajio.com/breakpoint-men-checked-slim-fit-shirt-with-patch-pocket/p/420434675_ltblue
ajio,469444442,Men,Shirts,Ketch,Ketch Grey Men Geometric Print Slim Fit Shirt,594,2049,71,,,Grey,https://assets.ajio.com/medias/sys_master/root/20230515/MFui/64625363d55b7d0c63b3f52f/ketch_grey_men_geometric_print_slim_fit_shirt.jpg,https://www.ajio.com/ketch-men-geometric-print-slim-fit-shirt/p/469444442_grey
ajio,469040173,Men,Shirts,Ketch,Ketch Blue Men Printed Slim Fit Shirt with Patch Pocket,362,1249,71,,,Blue,https://assets.ajio.com/medias/sys_master/root/20211123/Chbp/619d12ddaeb2690110d3415d/ketch_blue_men_printed_slim_fit_shirt_with_patch_pocket.jpg,https://www.ajio.com/ketch-men-printed-slim-fit-shirt-with-patch-pocket/p/469040173_bluemix
ajio,469208964,Men,Shirts,Ketch,Ketch Black Men Typographic Print Slim Fit Shirt,412,1249,67,,,Black,https://assets.ajio.com/medias/sys_master/root/20220805/8HVa/62ed53b7f997dd03e228b57a/ketch_black_men_typographic_print_slim_fit_shirt.jpg,https://www.ajio.com/ketch-men-typographic-print-slim-fit-shirt/p/469208964_black
ajio,441775438,Men,Shirts,SIN,SIN Navy Blue Men Printed Slim Fit Shirt,690,1499,54,,,Navy Blue,https://assets.ajio.com/medias/sys_master/root/20230117/zePl/63c67d62f997dd708e0efd66/sin_navy_blue_men_printed_slim_fit_shirt.jpg,https://www.ajio.com/sin-men-printed-slim-fit-shirt/p/441775438_navy
ajio,420358745,Men,Shirts,ROXTAR,ROXTAR Multicoloured Men Checked Slim Fit Shirt,220,549,60,,,,https://assets.ajio.com/medias/sys_master/root/20230518/QNYc/64666c7742f9e729d799105e/roxtar_multicoloured_men_checked_slim_fit_shirt.jpg,https://www.ajio.com/roxtar-men-checked-slim-fit-shirt/p/420358745_multicolor
ajio,465867197,Men,Shirts,SNITCH,SNITCH Indigo Men Printed Slim Fit Shirt with Spread Collar,779,2598,70,,,Indigo,https://assets.ajio.com/medias/sys_master/root/20230306/xZ3i/64060272f997dde6f4dfc493/snitch_indigo_men_printed_slim_fit_shirt_with_spread_collar.jpg,https://www.ajio.com/snitch-men-printed-slim-fit-shirt-with-spread-collar/p/465867197_indigo
ajio,466474221,Men,Shirts,SHOWOFF,SHOWOFF Multi Men Checked Slim Fit Shirt,852,2130,60,,,Multi,https://assets.ajio.com/medias/sys_master/root/20230818/w9z4/64df73eaafa4cf41f55e9cf3/showoff_multi_men_checked_slim_fit_shirt.jpg,https://www.ajio.com/showoff-men-checked-slim-fit-shirt/p/466474221_multi
ajio,466717972,Men,Shirts,Badmaash,Badmaash Black Men Slim Fit Spread-Collar Shirt,944,2098,55,,,Black,https://assets.ajio.com/medias/sys_master/root/20231017/ST3R/652e8c32ddf7791519437e99/badmaash_black_men_slim_fit_spread-collar_shirt.jpg,https://www.ajio.com/badmaash-men-slim-fit-spread-collar-shirt/p/466717972_black
ajio,460844739,Men,Shirts,VAN HEUSEN,VAN HEUSEN Black Men Printed Slim Fit Shirt,1127,2299,51,,,Black,https://assets.ajio.com/medias/sys_master/root/20221010/IR2R/634453d1f997ddfdbd191a3d/van_heusen_black_men_printed_slim_fit_shirt.jpg,https://www.ajio.com/van-heusen-men-printed-slim-fit-shirt/p/460844739_black
ajio,469332773,Men,Shirts,Ketch,Ketch Blue Men Floral Print Slim Fit Shirt,362,1249,71,,,Blue,https://assets.ajio.com/medias/sys_master/root/20221122/xtr0/637cf7c0f997ddfdbd8f2f86/ketch_blue_men_floral_print_slim_fit_shirt.jpg,https://www.ajio.com/ketch-men-floral-print-slim-fit-shirt/p/469332773_blue
ajio,469506532,Men,Shirts,British Club,British Club White Men Digital Print Satin Slim Fit Half Sleeve Shirt,775,2095,63,,,White,https://assets.ajio.com/medias/sys_master/root/20230512/JCqp/645d403542f9e729d77ac760/british_club_white_men_digital_print_satin_slim_fit_half_sleeve_shirt.jpg,https://www.ajio.com/british-club-men-digital-print-satin-slim-fit-half-sleeve-shirt/p/469506532_whitepink
ajio,442186594,Men,Shirts,Ketch,Ketch White Men Paisley Print Slim Fit Shirt,487,1949,75,,,White,https://assets.ajio.com/medias/sys_master/root/20230629/F13E/649d70e8a9b42d15c92a0234/ketch_white_men_paisley_print_slim_fit_shirt.jpg,https://www.ajio.com/ketch-men-paisley-print-slim-fit-shirt/p/442186594_white
ajio,469241534,Men,Shirts,LEVIS,LEVIS Black Men Slim Fit Shirt with Flap Pockets,1800,3599,50,,,Black,https://assets.ajio.com/medias/sys_master/root/20221205/nwFf/638e09d0aeb269659cd126b1/levis_black_men_slim_fit_shirt_with_flap_pockets.jpg,https://www.ajio.com/levis-men-slim-fit-shirt-with-flap-pockets/p/469241534_black
ajio,469096676,Men,Shirts,ARROW,ARROW Grey Men Printed Slim Fit Shirt with Patch Pocket,1150,2299,50,,,Grey,https://assets.ajio.com/medias/sys_master/root/20220804/3h9x/62eb82acf997dd03e2212e62/arrow_grey_men_printed_slim_fit_shirt_with_patch_pocket.jpg,https://www.ajio.com/arrow-men-printed-slim-fit-shirt-with-patch-pocket/p/469096676_ltgrey
ajio,469399281,Men,Shirts,Ketch,Ketch White Men Typographic Print Slim Fit Shirt,542,1749,69,,,White,https://assets.ajio.com/medias/sys_master/root/20221122/zXkD/637ceaa7aeb269659ca6de39/ketch_white_men_typographic_print_slim_fit_shirt.jpg,https://www.ajio.com/ketch-men-typographic-print-slim-fit-shirt/p/469399281_white
ajio,441692864,Men,Shirts,LOUIS PHILIPPE,LOUIS PHILIPPE Brown Men Floral Print Slim Fit Shirt with Patch Pocket,1415,2399,41,,,Brown,https://assets.ajio.com/medias/sys_master/root/20220916/mxF0/63248ff2aeb269dbb390cf55/louis_philippe_brown_men_floral_print_slim_fit_shirt_with_patch_pocket.jpg,https://www.ajio.com/louis-philippe-men-floral-print-slim-fit-shirt-with-patch-pocket/p/441692864_beige
ajio,460977081,Men,Shirts,INDIAN TERRAIN,INDIAN TERRAIN Navy Men Micro Print Slim Fit Shirt with Patch Pocket,825,2499,67,,,Navy,https://assets.ajio.com/medias/sys_master/root/20210904/z6X3/61326ae8aeb269a268898dee/indian_terrain_navy_men_micro_print_slim_fit_shirt_with_patch_pocket.jpg,https://www.ajio.com/indian-terrain-men-micro-print-slim-fit-shirt-with-patch-pocket/p/460977081_navy
ajio,469184802,Men,Shirts,Ketch,Ketch Navy Blue Men Checked Slim Fit Shirt with Patch Pocket,320,999,68,,,Navy Blue,https://assets.ajio.com/medias/sys_master/root/20220527/kNDF/628fcf53f997dd03e234095d/ketch_navy_blue_men_checked_slim_fit_shirt_with_patch_pocket.jpg,https://www.ajio.com/ketch-men-checked-slim-fit-shirt-with-patch-pocket/p/469184802_navyblue
ajio,469506561,Men,Shirts,British Club,British Club Brown Men Checks Slim Fit Shirt with Patch Pocket,660,1999,67,,,Brown,https://assets.ajio.com/medias/sys_master/root/20230525/vqn1/646f89f642f9e729d7d167c7/british_club_brown_men_checks_slim_fit_shirt_with_patch_pocket.jpg,https://www.ajio.com/british-club-men-checks-slim-fit-shirt-with-patch-pocket/p/469506561_brown
ajio,465596265,Men,Shirts,SHOWOFF,SHOWOFF Blue Men Regular Fit Shirt with Patch Pockets,1112,2780,60,,,Blue,https://assets.ajio.com/medias/sys_master/root/20230112/3I0B/63c01e69f997dd708e023076/showoff_blue_men_regular_fit_shirt_with_patch_pockets.jpg,https://www.ajio.com/showoff-men-regular-fit-shirt-with-patch-pockets/p/465596265_blue
ajio,466231477,Men,Shirts,VEIRDO,VEIRDO Black Loose Fit Men Graphic Print T-Shirt,599,1199,50,,,Black,https://assets.ajio.com/medias/sys_master/root/20230706/WqbP/64a6f9c4a9b42d15c943059b/veirdo_black_loose_fit_men_graphic_print_t-shirt.jpg,https://www.ajio.com/veirdo-loose-fit-men-graphic-print-t-shirt/p/466231477_black
ajio,469436847,Men,Shirts,LOUIS PHILIPPE,LOUIS PHILIPPE Navy Blue Men Checked Slim Fit Shirt,1949,2599,25,,,Navy Blue,https://assets.ajio.com/medias/sys_master/root/20230125/Yl5b/63d1233af997dd708e20f908/louis_philippe_navy_blue_men_checked_slim_fit_shirt.jpg,https://www.ajio.com/louis-philippe-men-checked-slim-fit-shirt/p/469436847_navy
ajio,441138241,Men,Shirts,JOHN PLAYERS Aqua,JOHN PLAYERS Aqua Men Cotton Slim Fit Shirt with Patch Pocket,450,1499,70,,,,https://assets.ajio.com/medias/sys_master/root/20220609/1Tum/62a0fe74aeb26921af18161e/john_players_aqua_men_cotton_slim_fit_shirt_with_patch_pocket.jpg,https://www.ajio.com/john-players-men-cotton-slim-fit-shirt-with-patch-pocket/p/441138241_aqua
ajio,441881559,Men,Shirts,PARK AVENUE,PARK AVENUE Blue Men Checked Slim Fit Shirt,1305,2899,55,,,Blue,https://assets.ajio.com/medias/sys_master/root/20230801/uhZa/64c937caa9b42d15c9846090/park_avenue_blue_men_checked_slim_fit_shirt.jpg,https://www.ajio.com/park-avenue-men-checked-slim-fit-shirt/p/441881559_mediumblue
ajio,469506516,Men,Shirts,Owen Hart,Owen Hart Blue Men Washed Slim Fit Denim Shirt,826,2849,71,,,Blue,https://assets.ajio.com/medias/sys_master/root/20230519/751B/6467b7c642f9e729d79e79dc/owen_hart_blue_men_washed_slim_fit_denim_shirt.jpg,https://www.ajio.com/owen-hart-men-washed-slim-fit-denim-shirt/p/469506516_blue
ajio,420376835,Men,Shirts,PINE REPUBLIC,PINE REPUBLIC Green Men Plaid Checked Slim Fit Shirt,280,699,60,,,Green,https://assets.ajio.com/medias/sys_master/root/20230316/aBFz/64132979f997dde6f400c8ec/pine_republic_green_men_plaid_checked_slim_fit_shirt.jpg,https://www.ajio.com/pine-republic-men-plaid-checked-slim-fit-shirt/p/420376835_green
ajio,460699002,Men,Shirts,The Indian Garage Co,The Indian Garage Co Blue Men Slim Fit Checked Hooded Shirt,787,1749,55,,,Blue,https://assets.ajio.com/medias/sys_master/root/20220212/MGHG/6206c411aeb26921af9531a1/the_indian_garage_co_blue_men_slim_fit_checked_hooded_shirt.jpg,https://www.ajio.com/the-indian-garage-co-men-slim-fit-checked-hooded-shirt/p/460699002_navyblue
ajio,469292547,Men,Shirts,Koton Light,Koton Light Blue Men Textured Slim Fit Shirt,768,2399,68,,,Light Blue,https://assets.ajio.com/medias/sys_master/root/20230517/LFhy/6464ca58d55b7d0c63bd299f/koton_light_blue_men_textured_slim_fit_shirt.jpg,https://www.ajio.com/koton-men-textured-slim-fit-shirt/p/469292547_lightblue
ajio,463057737,Men,Shirts,hangup,hangup Blue Men Solid Slim Fit Shirt,800,1599,50,,,Blue,https://assets.ajio.com/medias/sys_master/root/20230620/JYlo/6491e783d55b7d0c637c7c37/hangup_blue_men_solid_slim_fit_shirt.jpg,https://www.ajio.com/hangup-men-solid-slim-fit-shirt/p/463057737_blue
ajio,466467715,Men,Shirts,DENNISLINGO PREMIUM ATTIRE,DENNISLINGO PREMIUM ATTIRE Multicolor Men Striped Slim Fit Shirt with Spread Collar,735,2449,70,,,Multicolour,https://assets.ajio.com/medias/sys_master/root/20230817/Cr6Y/64ddcb15a9b42d15c9b4aede/dennislingo_premium_attire_multicolor_men_striped_slim_fit_shirt_with_spread_collar.jpg,https://www.ajio.com/dennislingo-premium-attire-men-striped-slim-fit-shirt-with-spread-collar/p/466467715_multi
ajio,469034518,Men,Shirts,Ketch Neon,Ketch Neon Green Men Slim Fit Shirt with Band Collar,405,1499,73,,,Green,https://assets.ajio.com/medias/sys_master/root/20220317/zVsy/62323269aeb26921afde9f47/ketch_neon_green_men_slim_fit_shirt_with_band_collar.jpg,https://www.ajio.com/ketch-men-slim-fit-shirt-with-band-collar/p/469034518_neongreen
ajio,469263615,Men,Shirts,Ketch,Ketch Yellow Men Printed Slim Fit Shirt,412,1249,67,,,Yellow,https://assets.ajio.com/medias/sys_master/root/20220805/qJlT/62ed2b56aeb26921afca306d/ketch_yellow_men_printed_slim_fit_shirt.jpg,https://www.ajio.com/ketch-men-printed-slim-fit-shirt/p/469263615_yellow
ajio,469110831,Men,Shirts,ECKO,ECKO Khaki Men Slim Fit Shirt with Flap-Button Pockets,630,2099,70,,,Khaki,https://assets.ajio.com/medias/sys_master/root/20220413/MPaY/6256ecfaf997dd03e25b249a/ecko_khaki_men_slim_fit_shirt_with_flap-button_pockets.jpg,https://www.ajio.com/ecko-men-slim-fit-shirt-with-flap-button-pockets/p/469110831_khaki
ajio,465726117,Men,Shirts,LERIYA FASHION,LERIYA FASHION Peach Men Striped Regular Fit Shirt,480,1999,76,,,Peach,https://assets.ajio.com/medias/sys_master/root/20230628/cvQa/649b852ba9b42d15c9016171/leriya_fashion_peach_men_striped_regular_fit_shirt.jpg,https://www.ajio.com/leriya-fashion-men-striped-regular-fit-shirt/p/465726117_peach
ajio,441414786,Men,Shirts,PARK AVENUE,PARK AVENUE Red Men Spread Collar Slim Fit Shirt,945,2099,55,,,Red,https://assets.ajio.com/medias/sys_master/root/20230320/Tt6Q/64188dd3aeb26924e3cfd587/park_avenue_red_men_spread_collar_slim_fit_shirt.jpg,https://www.ajio.com/park-avenue-men-spread-collar-slim-fit-shirt/p/441414786_red
ajio,466384932,Men,Shirts,MAX,MAX LAVENDER Men Indian Regular Fit Shirt,899,899,0,,,Lavender,https://assets.ajio.com/medias/sys_master/root/20230725/T6b1/64bf2303a9b42d15c96be7d3/max_lavender_men_indian_regular_fit_shirt.jpg,https://www.ajio.com/max-men-indian-regular-fit-shirt/p/466384932_purple
ajio,469473492,Men,Shirts,Arrow Sports,Arrow Sports Blue Men Cotton Slim Fit Shirt,1195,2299,48,,,Blue,https://assets.ajio.com/medias/sys_master/root/20230426/LfGS/644901e642f9e729d7510fe6/arrow_sports_blue_men_cotton_slim_fit_shirt.jpg,https://www.ajio.com/arrow-sports-men-cotton-slim-fit-shirt/p/469473492_blue
ajio,464320677,Men,Shirts,MR.BUTTON,MR.BUTTON Grey Men Floral Print Slim Fit Shirt,778,1945,60,,,Grey,https://assets.ajio.com/medias/sys_master/root/20220512/byoi/627c2292f997dd03e2abc8f6/mr.button_grey_men_floral_print_slim_fit_shirt.jpg,https://www.ajio.com/mr-button-men-floral-print-slim-fit-shirt/p/464320677_grey
ajio,469541937,Men,Shirts,Ketch,Ketch Blue Men Striped Slim Fit Shirt,444,1849,76,,,Blue,https://assets.ajio.com/medias/sys_master/root/20230920/J1Y9/650b235dddf7791519eb81cf/ketch_blue_men_striped_slim_fit_shirt.jpg,https://www.ajio.com/ketch-men-striped-slim-fit-shirt/p/469541937_darkblue
ajio,465898511,Men,Shirts,COOL COLORS,COOL COLORS White Men Checked Slim Fit Shirt,1079,1799,40,,,White,https://assets.ajio.com/medias/sys_master/root/20230628/NJv5/649c06f6eebac147fc274ef7/cool_colors_white_men_checked_slim_fit_shirt.jpg,https://www.ajio.com/cool-colors-men-checked-slim-fit-shirt/p/465898511_white
ajio,469034747,Men,Shirts,Ketch,Ketch Multicoloured Men Checked Slim Fit Shirt with Patch Pocket,369,899,59,,,,https://assets.ajio.com/medias/sys_master/root/20211123/Z2Ub/619d0cd6aeb2690110d32463/ketch_multicoloured_men_checked_slim_fit_shirt_with_patch_pocket.jpg,https://www.ajio.com/ketch-men-checked-slim-fit-shirt-with-patch-pocket/p/469034747_navymulti
ajio,469506565,Men,Shirts,British Club,British Club Grey Men Checks Slim Fit Shirt with Patch Pocket,660,1999,67,,,Grey,https://assets.ajio.com/medias/sys_master/root/20230516/S9BE/6463acb9d55b7d0c63b9ea97/british_club_grey_men_checks_slim_fit_shirt_with_patch_pocket.jpg,https://www.ajio.com/british-club-men-checks-slim-fit-shirt-with-patch-pocket/p/469506565_grey
ajio,469114510,Men,Shirts,LEVIS,LEVIS Blue Men Checked Slim Fit Shirt with Patch Pocket,1008,2399,58,,,Blue,https://assets.ajio.com/medias/sys_master/root/20230217/8dAl/63ef9ca5f997dde6f4ae3d2a/levis_blue_men_checked_slim_fit_shirt_with_patch_pocket.jpg,https://www.ajio.com/levis-men-checked-slim-fit-shirt-with-patch-pocket/p/469114510_blue
ajio,469179401,Men,Shirts,Buda Jeans Co,Buda Jeans Co Brown Men Slim Fit Shirt with Patch Pocket,600,1499,60,,,Brown,https://assets.ajio.com/medias/sys_master/root/20221116/UTjc/63750998f997ddfdbd7e1821/buda_jeans_co_brown_men_slim_fit_shirt_with_patch_pocket.jpg,https://www.ajio.com/buda-jeans-co-men-slim-fit-shirt-with-patch-pocket/p/469179401_brown
ajio,460698939,Men,Shirts,The Indian Garage Co,The Indian Garage Co Green Men Checked Slim Fit Shirt with Patch Pocket,507,1749,71,,,Green,https://assets.ajio.com/medias/sys_master/root/20230524/sbYk/646e360a42f9e729d7ab007d/the_indian_garage_co_green_men_checked_slim_fit_shirt_with_patch_pocket.jpg,https://www.ajio.com/the-indian-garage-co-men-checked-slim-fit-shirt-with-patch-pocket/p/460698939_green
ajio,469435018,Men,Shirts,LOUIS PHILIPPE,LOUIS PHILIPPE Blue Men Brand Print Slim Fit Shirt,2474,3299,25,,,Blue,https://assets.ajio.com/medias/sys_master/root/20230112/UCVj/63bfaa6daeb269c651d9e669/louis_philippe_blue_men_brand_print_slim_fit_shirt.jpg,https://www.ajio.com/louis-philippe-men-brand-print-slim-fit-shirt/p/469435018_blue
ajio,461118621,Men,Shirts,DENNISLINGO PREMIUM ATTIRE,DENNISLINGO PREMIUM ATTIRE Olive Green Men Slim Fit Shirt with Patch Pocket,647,1849,65,,,Green,https://assets.ajio.com/medias/sys_master/root/20230906/RRBA/64f80a9aafa4cf41f5b38067/dennislingo_premium_attire_olive_green_men_slim_fit_shirt_with_patch_pocket.jpg,https://www.ajio.com/dennislingo-premium-attire-men-slim-fit-shirt-with-patch-pocket/p/461118621_green
ajio,469506538,Men,Shirts,British Club,British Club Multicoloured Men Digital Print Satin Slim Fit Half Sleeve Shirt,775,2095,63,,,,https://assets.ajio.com/medias/sys_master/root/20230512/Lepk/645d441342f9e729d77ad9a0/british_club_multicoloured_men_digital_print_satin_slim_fit_half_sleeve_shirt.jpg,https://www.ajio.com/british-club-men-digital-print-satin-slim-fit-half-sleeve-shirt/p/469506538_multi
ajio,461413308,Men,Shirts,SHOWOFF,SHOWOFF Beige Men Floral Print Slim Fit Shirt,1091,2425,55,,,Beige,https://assets.ajio.com/medias/sys_master/root/20210404/g5Q6/606a16ecaeb269a9e35051cc/showoff_beige_men_floral_print_slim_fit_shirt.jpg,https://www.ajio.com/showoff-men-floral-print-slim-fit-shirt/p/461413308_beige
ajio,442092650,Men,Shirts,SIN,SIN White Men Slim Fit Shirt with Patch Pocket,644,1399,54,,,White,https://assets.ajio.com/medias/sys_master/root/20230605/KONY/647e1344d55b7d0c634ddc86/sin_white_men_slim_fit_shirt_with_patch_pocket.jpg,https://www.ajio.com/sin-men-slim-fit-shirt-with-patch-pocket/p/442092650_white
ajio,463306512,Men,Shirts,Style Quotient,Style Quotient Green Men Indian Regular Fit Shirt,405,1499,73,,,Green,https://assets.ajio.com/medias/sys_master/root/20230621/nLZX/64923b3542f9e729d75ea1d7/style_quotient_green_men_indian_regular_fit_shirt.jpg,https://www.ajio.com/style-quotient-men-indian-regular-fit-shirt/p/463306512_green
ajio,466468663,Men,Shirts,RAYMOND,RAYMOND Brown Men Slim Fit Shirt with Patch Pocket,1439,2399,40,,,Brown,https://assets.ajio.com/medias/sys_master/root/20230817/rBma/64de200aeebac147fcd16d7b/raymond_brown_men_slim_fit_shirt_with_patch_pocket.jpg,https://www.ajio.com/raymond-men-slim-fit-shirt-with-patch-pocket/p/466468663_brown
ajio,469473424,Men,Shirts,Arrow Sports,Arrow Sports Black Men Grid Checked Slim Fit Formal Shirt,1100,2499,56,,,Black,https://assets.ajio.com/medias/sys_master/root/20230427/hKFN/644a9d20d55b7d0c63851a3b/arrow_sports_black_men_grid_checked_slim_fit_formal_shirt.jpg,https://www.ajio.com/arrow-sports-men-grid-checked-slim-fit-formal-shirt/p/469473424_lightblue
ajio,463838630,Men,Shirts,THE BEAR HOUSE,THE BEAR HOUSE Blue Men Checks Slim Fit Shirt,1248,2495,50,,,Blue,https://assets.ajio.com/medias/sys_master/root/20230621/x39B/6492784942f9e729d766617d/the_bear_house_blue_men_checks_slim_fit_shirt.jpg,https://www.ajio.com/the-bear-house-men-checks-slim-fit-shirt/p/463838630_multi
ajio,441891891,Men,Shirts,PARK AVENUE Light,PARK AVENUE Light Yellow Men Self-Design Slim Fit Shirt,1305,2899,55,,,Yellow,https://assets.ajio.com/medias/sys_master/root/20230801/hJTt/64c93063eebac147fc9e5a69/park_avenue_light_yellow_men_self-design_slim_fit_shirt.jpg,https://www.ajio.com/park-avenue-men-self-design-slim-fit-shirt/p/441891891_lightyellow
ajio,465642035,Men,Shirts,THE BEAR HOUSE,THE BEAR HOUSE Blue Men Slim Fit Shirt with Patch Pocket,998,2495,60,,,Blue,https://assets.ajio.com/medias/sys_master/root/20230628/9cft/649b5daaa9b42d15c9fb91ab/the_bear_house_blue_men_slim_fit_shirt_with_patch_pocket.jpg,https://www.ajio.com/the-bear-house-men-slim-fit-shirt-with-patch-pocket/p/465642035_blue
ajio,469412391,Men,Shirts,British Club,British Club Blue Men Printed Slim Fit Shirt,546,1949,72,,,Blue,https://assets.ajio.com/medias/sys_master/root/20221220/OANC/63a1d58ef997ddfdbde4be08/british_club_blue_men_printed_slim_fit_shirt.jpg,https://www.ajio.com/british-club-men-printed-slim-fit-shirt/p/469412391_darkblue
ajio,441289365,Men,Shirts,ECKO UNLTD,ECKO UNLTD Olive Green Men Checked Slim Fit Shirt with Patch Pocket,540,1799,70,,,Green,https://assets.ajio.com/medias/sys_master/root/20220408/lxS4/624f3160aeb26921af114a69/ecko_unltd_olive_green_men_checked_slim_fit_shirt_with_patch_pocket.jpg,https://www.ajio.com/ecko-unltd-men-checked-slim-fit-shirt-with-patch-pocket/p/441289365_olive
ajio,469434015,Men,Shirts,ARROW,ARROW Blue Men Slim Fit Shirt with Patch Pocket,1374,2499,45,,,Blue,https://assets.ajio.com/medias/sys_master/root/20230228/kKnh/63fe23b8f997dde6f4d1d0ac/arrow_blue_men_slim_fit_shirt_with_patch_pocket.jpg,https://www.ajio.com/arrow-men-slim-fit-shirt-with-patch-pocket/p/469434015_blue
ajio,466145378,Men,Shirts,STUDIO NEXX,STUDIO NEXX Navy Blue Men Slim Fit Shirt with Patch Pocket,599,1699,65,,,Navy Blue,https://assets.ajio.com/medias/sys_master/root/20230629/Vany/649d2be6a9b42d15c9270c68/studio_nexx_navy_blue_men_slim_fit_shirt_with_patch_pocket.jpg,https://www.ajio.com/studio-nexx-men-slim-fit-shirt-with-patch-pocket/p/466145378_navy
ajio,463056351,Men,Shirts,SOJANYA,SOJANYA Maroon Men Solid Regular Fit Shirt,561,1699,67,,,Maroon,https://assets.ajio.com/medias/sys_master/root/20230620/XdgM/6491e7b042f9e729d754d850/sojanya_maroon_men_solid_regular_fit_shirt.jpg,https://www.ajio.com/sojanya-men-solid-regular-fit-shirt/p/463056351_maroon
ajio,469444402,Men,Shirts,Ketch,Ketch Rust Men Checked Slim Fit Shirt,487,1949,75,,,Rust,https://assets.ajio.com/medias/sys_master/root/20230317/oxhc/6414ae82f997dde6f4079997/ketch_rust_men_checked_slim_fit_shirt.jpg,https://www.ajio.com/ketch-men-checked-slim-fit-shirt/p/469444402_rust
ajio,469525725,Men,Shirts,ALLEN SOLLY,ALLEN SOLLY Red Men Checked Slim Fit Shirt,2274,3499,35,,,Red,https://assets.ajio.com/medias/sys_master/root/20230726/yguT/64c10725a9b42d15c96fe603/allen_solly_red_men_checked_slim_fit_shirt.jpg,https://www.ajio.com/allen-solly-men-checked-slim-fit-shirt/p/469525725_red
ajio,441127370,Men,Shirts,JOHN PLAYERS JEANS,JOHN PLAYERS JEANS Blue Men Slim Fit Shirt With Flap Patch Pockets,510,1699,70,,,Blue,https://assets.ajio.com/medias/sys_master/root/20210805/nZUM/610c0af6f997ddce89960ce8/john_players_jeans_blue_men_slim_fit_shirt_with_flap_patch_pockets.jpg,https://www.ajio.com/john-players-jeans-men-slim-fit-shirt-with-flap-patch-pockets/p/441127370_blue
ajio,464930627,Men,Shirts,PROTOTYPE Light,PROTOTYPE Light Blue Men Washed Slim Fit Shirt with Spread Collar,1365,3499,61,,,Light Blue,https://assets.ajio.com/medias/sys_master/root/20230525/wlp2/646f21ab42f9e729d7c3d8d7/prototype_light_blue_men_washed_slim_fit_shirt_with_spread_collar.jpg,https://www.ajio.com/prototype-men-washed-slim-fit-shirt-with-spread-collar/p/464930627_blue
ajio,461085658,Men,Shirts,iVOC,iVOC Yellow Men Slim Fit Shirt with Mandarin Collar,658,1399,53,,,Yellow,https://assets.ajio.com/medias/sys_master/root/20230602/OaO3/647910b0d55b7d0c6332b8d1/ivoc_yellow_men_slim_fit_shirt_with_mandarin_collar.jpg,https://www.ajio.com/ivoc-men-slim-fit-shirt-with-mandarin-collar/p/461085658_yellow
ajio,420372067,Men,Shirts,ACE MODE,ACE MODE Navy Blue Men Checked Slim Fit Shirt with Patch Pocket,420,1049,60,,,Navy Blue,https://assets.ajio.com/medias/sys_master/root/20230301/fZbT/63ff93aaaeb26924e39d152a/ace_mode_navy_blue_men_checked_slim_fit_shirt_with_patch_pocket.jpg,https://www.ajio.com/ace-mode-men-checked-slim-fit-shirt-with-patch-pocket/p/420372067_navy
ajio,466766498,Men,Shirts,SNX,SNX Navy blue Men Micro Print Tailored Fit Shirt,699,2185,68,,,Navy Blue,https://assets.ajio.com/medias/sys_master/root/20231102/F2Ve/6543b9f9afa4cf41f56fbf45/snx_navy_blue_men_micro_print_tailored_fit_shirt.jpg,https://www.ajio.com/snx-men-micro-print-tailored-fit-shirt/p/466766498_navy
ajio,469070796,Men,Shirts,INDIAN TERRAIN,INDIAN TERRAIN Brown Men Checked Slim Fit Shirt,1064,2799,62,,,Brown,https://assets.ajio.com/medias/sys_master/root/20230529/QBSO/6474c411d55b7d0c631ca65c/indian_terrain_brown_men_checked_slim_fit_shirt.jpg,https://www.ajio.com/indian-terrain-men-checked-slim-fit-shirt/p/469070796_brown
ajio,469184957,Men,Shirts,Ketch,Ketch Black Men Graphic Print Slim Fit Cotton Shirt,406,1399,71,,,Black,https://assets.ajio.com/medias/sys_master/root/20220812/RXaT/62f6457daeb26921afe5f673/ketch_black_men_graphic_print_slim_fit_cotton_shirt.jpg,https://www.ajio.com/ketch-men-graphic-print-slim-fit-cotton-shirt/p/469184957_black
ajio,466001029,Men,Shirts,URBANO FASHION,URBANO FASHION Green Men Checked Slim Fit Shirt with Patch Pocket,630,1399,55,,,Green,https://assets.ajio.com/medias/sys_master/root/20230402/KoIc/64295f5f907deb497ac21c22/urbano_fashion_green_men_checked_slim_fit_shirt_with_patch_pocket.jpg,https://www.ajio.com/urbano-fashion-men-checked-slim-fit-shirt-with-patch-pocket/p/466001029_green
ajio,460963963,Men,Shirts,The Indian Garage Co,The Indian Garage Co White Men Printed Slim Fit Shirt with Patch Pocket,647,1749,63,,,White,https://assets.ajio.com/medias/sys_master/root/20210811/q1Se/6112dd16f997ddce899aab8c/the_indian_garage_co_white_men_printed_slim_fit_shirt_with_patch_pocket.jpg,https://www.ajio.com/the-indian-garage-co-men-printed-slim-fit-shirt-with-patch-pocket/p/460963963_white
ajio,441602720,Men,Shirts,MUFTI,MUFTI White Men Checked Slim Fit Shirt with Patch Pocket,880,2199,60,,,White,https://assets.ajio.com/medias/sys_master/root/20220809/hl1w/62f28f61aeb26921afd7af30/mufti_white_men_checked_slim_fit_shirt_with_patch_pocket.jpg,https://www.ajio.com/mufti-men-checked-slim-fit-shirt-with-patch-pocket/p/441602720_white
ajio,469244493,Men,Shirts,TOMMY HILFIGER Tomm,"TOMMY HILFIGER  Tomm men shirts, white, s",2339,3599,35,,,White,https://assets.ajio.com/medias/sys_master/root/20221226/wq8w/63a9b7b4aeb269659c0c3449/tommy_hilfiger__tomm_men_shirts%2C_white%2C_s.jpg,https://www.ajio.com/tommy-hilfiger-tomm-men-shirts-white-s/p/469244493_white
ajio,410340218,Men,Shirts,"ARMANI EXCHANGE Men-apparels-t-shirt, 1100, xl","ARMANI EXCHANGE  Men-apparels-t-shirt, 1100, xl",3000,5999,50,,,,https://assets.ajio.com/medias/sys_master/root/20220820/Njl3/62ffd730aeb269176189a048/armani_exchange__men-apparels-t-shirt%2C_1100%2C_xl.jpg,https://www.ajio.com/armani-exchange-men-apparels-t-shirt-1100-xl/p/410340218_1100
ajio,441901384,Men,Shirts,PARX,PARX Blue Men Cutaway Collar Slim Fit Shirt,800,1999,60,,,Blue,https://assets.ajio.com/medias/sys_master/root/20230320/UEmz/64187398aeb26924e3cf1183/parx_blue_men_cutaway_collar_slim_fit_shirt.jpg,https://www.ajio.com/parx-men-cutaway-collar-slim-fit-shirt/p/441901384_blue
ajio,466239595,Men,Shirts,THE BEAR HOUSE,THE BEAR HOUSE Green Men Striped Slim Fit Shirt with Button-Down Collar,1248,2495,50,,,Green,https://assets.ajio.com/medias/sys_master/root/20230606/7ReO/647e3ae042f9e729d72641d5/the_bear_house_green_men_striped_slim_fit_shirt_with_button-down_collar.jpg,https://www.ajio.com/the-bear-house-men-striped-slim-fit-shirt-with-button-down-collar/p/466239595_green
ajio,466703163,Men,Shirts,CROCODILE,CROCODILE Beige Men Striped Slim Fit Polo T-Shirt with Short Sleeves,1039,1299,20,,,Beige,https://assets.ajio.com/medias/sys_master/root/20231013/x2TZ/65296fa7ddf77915193b15ac/crocodile_beige_men_striped_slim_fit_polo_t-shirt_with_short_sleeves.jpg,https://www.ajio.com/crocodile-men-striped-slim-fit-polo-t-shirt-with-short-sleeves/p/466703163_beige
ajio,420371495,Men,Shirts,BREAKPOINT,BREAKPOINT Blue Men Printed Slim Fit Shirt,450,899,50,,,Blue,https://assets.ajio.com/medias/sys_master/root/20230330/qSWV/6425b043907deb497abd919a/breakpoint_blue_men_printed_slim_fit_shirt.jpg,https://www.ajio.com/breakpoint-men-printed-slim-fit-shirt/p/420371495_blue
ajio,469534897,Men,Shirts,The Indian Garage Co,The Indian Garage Co Green Men Checked Slim Fit Shirt with Patch Pocket,507,1749,71,,,Green,https://assets.ajio.com/medias/sys_master/root/20230809/5DwY/64d3aec3eebac147fcb9f17e/the_indian_garage_co_green_men_checked_slim_fit_shirt_with_patch_pocket.jpg,https://www.ajio.com/the-indian-garage-co-men-checked-slim-fit-shirt-with-patch-pocket/p/469534897_green
ajio,469509898,Men,Shirts,Being Human,Being Human Yellow Men Printed Slim Fit Polo T-Shirt,1143,2199,48,,,Yellow,https://assets.ajio.com/medias/sys_master/root/20231030/Dutb/653fc9c7ddf7791519632ddb/being_human_yellow_men_printed_slim_fit_polo_t-shirt.jpg,https://www.ajio.com/being-human-men-printed-slim-fit-polo-t-shirt/p/469509898_yellow
ajio,410326843,Men,Shirts,"ARMANI EXCHANGE Men-apparels-polo t-shirt, 4876, xxl","ARMANI EXCHANGE  Men-apparels-polo t-shirt, 4876, xxl",4000,7999,50,,,,https://assets.ajio.com/medias/sys_master/root/20220812/bx7V/62f5731ef997dd03e2405beb/armani_exchange__men-apparels-polo_t-shirt%2C_4876%2C_xxl.jpg,https://www.ajio.com/armani-exchange-men-apparels-polo-t-shirt-4876-xxl/p/410326843_4876
ajio,466685199,Men,Shirts,Game Keeper,Game Keeper Black Men Graphic Regular Fit Crew-Neck T-Shirt,399,1999,80,,,Black,https://assets.ajio.com/medias/sys_master/root/20231009/V6GM/6523eac6afa4cf41f5333af4/game_keeper_black_men_graphic_regular_fit_crew-neck_t-shirt.jpg,https://www.ajio.com/game-keeper-men-graphic-regular-fit-crew-neck-t-shirt/p/466685199_black
ajio,465557874,Men,Shirts,Rare Rabbit,Rare Rabbit Green Men Printed Slim Fit Shirt,1649,2999,45,,,Green,https://assets.ajio.com/medias/sys_master/root/20230624/jGVK/64970c4aeebac147fc06444a/rare_rabbit_green_men_printed_slim_fit_shirt.jpg,https://www.ajio.com/rare-rabbit-men-printed-slim-fit-shirt/p/465557874_green
ajio,469241806,Men,Shirts,LEVIS,LEVIS White & Blue Men Striped Slim Fit Shirt,1380,2999,54,,,White,https://assets.ajio.com/medias/sys_master/root/20221205/lLQf/638e1245aeb269659cd1513a/levis_white_%26_blue_men_striped_slim_fit_shirt.jpg,https://www.ajio.com/levis-men-striped-slim-fit-shirt/p/469241806_white
ajio,466704052,Men,Shirts,JUMP CUTS,JUMP CUTS Navy blue Men Graphic Print Slim Fit T-Shirt,448,1599,72,,,Navy Blue,https://assets.ajio.com/medias/sys_master/root/20231013/GS3q/652949a5ddf77915193a2c0e/jump_cuts_navy_blue_men_graphic_print_slim_fit_t-shirt.jpg,https://www.ajio.com/jump-cuts-men-graphic-print-slim-fit-t-shirt/p/466704052_navy
ajio,469218327,Men,Shirts,Buda Jeans Co,Buda Jeans Co Multicoloured Men Indigo Checked Slim Fit Shirt,900,1799,50,,,Indigo,https://assets.ajio.com/medias/sys_master/root/20230109/QGxc/63bc22b0f997dd708ef52b64/buda_jeans_co_multicoloured_men_indigo_checked_slim_fit_shirt.jpg,https://www.ajio.com/buda-jeans-co-men-indigo-checked-slim-fit-shirt/p/469218327_green
ajio,466251782,Men,Shirts,SNITCH,SNITCH Blue Men Slim Fit Shirt with Spread Collar,987,2598,62,,,Blue,https://assets.ajio.com/medias/sys_master/root/20230608/6vTB/6481d87942f9e729d730c1c0/snitch_blue_men_slim_fit_shirt_with_spread_collar.jpg,https://www.ajio.com/snitch-men-slim-fit-shirt-with-spread-collar/p/466251782_blue
ajio,466391025,Men,Shirts,PARK AVENUE,PARK AVENUE Blue Men Checked Slim Fit Shirt,990,2199,55,,,Blue,https://assets.ajio.com/medias/sys_master/root/20230727/IrHH/64c27285eebac147fc8e7cbb/park_avenue_blue_men_checked_slim_fit_shirt.jpg,https://www.ajio.com/park-avenue-men-checked-slim-fit-shirt/p/466391025_blue
ajio,469473526,Men,Shirts,Arrow Sports,Arrow Sports Green Men Checked Slim Fit Cotton Shirt,1399,2499,44,,,Green,https://assets.ajio.com/medias/sys_master/root/20230426/2NBd/6448ff0f42f9e729d750feca/arrow_sports_green_men_checked_slim_fit_cotton_shirt.jpg,https://www.ajio.com/arrow-sports-men-checked-slim-fit-cotton-shirt/p/469473526_lightgreen
ajio,420412210,Men,Shirts,ALTAIR,ALTAIR Red Men Checked Slim Fit Shirt,699,699,0,,,Red,https://assets.ajio.com/medias/sys_master/root/20230808/nh4j/64d25875a9b42d15c9993961/altair_red_men_checked_slim_fit_shirt.jpg,https://www.ajio.com/altair-men-checked-slim-fit-shirt/p/420412210_rust
ajio,469114437,Men,Shirts,LEVIS,LEVIS Blue Men Slim Fit Shirt with Flap Pockets,1835,3599,49,,,Blue,https://assets.ajio.com/medias/sys_master/root/20220811/VAW3/62f513e0f997dd03e23d9d86/levis_blue_men_slim_fit_shirt_with_flap_pockets.jpg,https://www.ajio.com/levis-men-slim-fit-shirt-with-flap-pockets/p/469114437_blue
ajio,469114612,Men,Shirts,LEVIS,LEVIS White Men Micro Print Slim Fit Shirt with Patch Pocket,1204,2799,57,,,White,https://assets.ajio.com/medias/sys_master/root/20220301/19rw/621d23b8aeb26921afbc60ac/levis_white_men_micro_print_slim_fit_shirt_with_patch_pocket.jpg,https://www.ajio.com/levis-men-micro-print-slim-fit-shirt-with-patch-pocket/p/469114612_white
ajio,465738327,Men,Shirts,Vero Moda Little,Vero Moda Little Boy Blue Typographic Print Crew-Neck T-Shirt,585,1299,55,,,Blue,https://assets.ajio.com/medias/sys_master/root/20230321/JeBh/64195210f997dde6f41b1608/vero_moda_little_boy_blue_typographic_print_crew-neck_t-shirt.jpg,https://www.ajio.com/vero-moda-typographic-print-crew-neck-t-shirt/p/465738327_blue
ajio,463871725,Men,Shirts,YOVISH,YOVISH White Men Slim Fit Shirt with Patch Pocket,1000,3999,75,,,White,https://assets.ajio.com/medias/sys_master/root/20221113/txVX/6370c5cff997ddfdbd6fe47e/yovish_white_men_slim_fit_shirt_with_patch_pocket.jpg,https://www.ajio.com/yovish-men-slim-fit-shirt-with-patch-pocket/p/463871725_white
ajio,469417395,Men,Shirts,LOUIS PHILIPPE,LOUIS PHILIPPE Cream Men Slim Fit Cotton Shirt,1799,2399,25,,,Cream,https://assets.ajio.com/medias/sys_master/root/20221221/H4t8/63a2b4aef997ddfdbde8b304/louis_philippe_cream_men_slim_fit_cotton_shirt.jpg,https://www.ajio.com/louis-philippe-men-slim-fit-cotton-shirt/p/469417395_cream
ajio,420383777,Men,Shirts,ROXTAR,ROXTAR Olive Men Printed Slim Fit Shirt,220,549,60,,,Olive,https://assets.ajio.com/medias/sys_master/root/20230427/pa42/644aa8b7d55b7d0c63855717/roxtar_olive_men_printed_slim_fit_shirt.jpg,https://www.ajio.com/roxtar-men-printed-slim-fit-shirt/p/420383777_olive
ajio,469308411,Men,Shirts,LOUIS PHILIPPE,LOUIS PHILIPPE White Men Floral Print Slim Fit Shirt with Patch Pocket,1689,2599,35,,,White,https://assets.ajio.com/medias/sys_master/root/20220919/SGbb/6328803bf997dd1f8d08002e/louis_philippe_white_men_floral_print_slim_fit_shirt_with_patch_pocket.jpg,https://www.ajio.com/louis-philippe-men-floral-print-slim-fit-shirt-with-patch-pocket/p/469308411_white
ajio,466685240,Men,Shirts,SNITCH,SNITCH Navy Blue Men Slim fit Shirt with Band Collar,1199,2398,50,,,Navy Blue,https://assets.ajio.com/medias/sys_master/root/20231010/zwAu/65245c1dafa4cf41f535ba9a/snitch_navy_blue_men_slim_fit_shirt_with_band_collar.jpg,https://www.ajio.com/snitch-men-slim-fit-shirt-with-band-collar/p/466685240_navy
ajio,466691160,Men,Shirts,Recast,Recast Green Men Typographic Print Fit T-Shirt,420,1199,65,,,Green,https://assets.ajio.com/medias/sys_master/root/20231010/GA8q/6525275cddf77915192fd1b1/recast_green_men_typographic_print_fit_t-shirt.jpg,https://www.ajio.com/recast-men-typographic-print-fit-t-shirt/p/466691160_green
ajio,465101117,Men,Shirts,7shores,7shores Green Men Striped Slim Fit Shirt,499,1349,63,,,Green,https://assets.ajio.com/medias/sys_master/root/20230624/MOpN/64960607eebac147fce3ff5a/7shores_green_men_striped_slim_fit_shirt.jpg,https://www.ajio.com/7shores-men-striped-slim-fit-shirt/p/465101117_green
ajio,466442158,Men,Shirts,Styli,Styli Black Relaxed Fit Men Back Popcorn Graphic Print Oversized T-Shirt,390,999,61,,,Black,https://assets.ajio.com/medias/sys_master/root/20230828/oJKg/64ec742eddf779151980dabb/styli_black_relaxed_fit_men_back_popcorn_graphic_print_oversized_t-shirt.jpg,https://www.ajio.com/styli-relaxed-fit-men-back-popcorn-graphic-print-oversized-t-shirt/p/466442158_black
ajio,441341220,Men,Shirts,U.S. Polo Assn.,U.S. Polo Assn. Navy Blue Men Checked Slim Fit Shirt,1319,2399,45,,,Navy Blue,https://assets.ajio.com/medias/sys_master/root/20230616/Udg7/648c48c642f9e729d746e3f0/u.s._polo_assn._navy_blue_men_checked_slim_fit_shirt.jpg,https://www.ajio.com/u-s-polo-assn-men-checked-slim-fit-shirt/p/441341220_navy
ajio,464658408,Men,Shirts,JAINISH,JAINISH Grey Men Checked Slim Fit Shirt,545,1499,64,,,Grey,https://assets.ajio.com/medias/sys_master/root/20230623/3A5Z/649552dfeebac147fcd125dc/jainish_grey_men_checked_slim_fit_shirt.jpg,https://www.ajio.com/jainish-men-checked-slim-fit-shirt/p/464658408_grey
ajio,469473665,Men,Shirts,Arrow Sports,Arrow Sports Blue Men Houndstooth Slim Fit Shirt with Patch Pocket,1299,2499,48,,,Blue,https://assets.ajio.com/medias/sys_master/root/20230426/YTRW/644945dc42f9e729d751c12d/arrow_sports_blue_men_houndstooth_slim_fit_shirt_with_patch_pocket.jpg,https://www.ajio.com/arrow-sports-men-houndstooth-slim-fit-shirt-with-patch-pocket/p/469473665_dkblue
ajio,469016758,Men,Shirts,INDIAN TERRAIN,INDIAN TERRAIN Blue Men Checked Slim Fit Shirt with Patch Pocket,912,2399,62,,,Blue,https://assets.ajio.com/medias/sys_master/root/20220530/SVov/6294adacaeb26921aff3569a/indian_terrain_blue_men_checked_slim_fit_shirt_with_patch_pocket.jpg,https://www.ajio.com/indian-terrain-men-checked-slim-fit-shirt-with-patch-pocket/p/469016758_navy
ajio,466375732,Men,Shirts,Temple Of Denim,Temple Of Denim Navy Blue Men Slim Fit Shirt with Flap Pockets,1480,3999,63,,,Navy Blue,https://assets.ajio.com/medias/sys_master/root/20230721/4irp/64b9dd2ba9b42d15c966da15/temple_of_denim_navy_blue_men_slim_fit_shirt_with_flap_pockets.jpg,https://www.ajio.com/temple-of-denim-men-slim-fit-shirt-with-flap-pockets/p/466375732_navy
ajio,420358792,Men,Shirts,ROXTAR,ROXTAR Blue Men Checked Slim Fit Shirt,240,599,60,,,Blue,https://assets.ajio.com/medias/sys_master/root/20230517/W4Dp/6465055e42f9e729d792a046/roxtar_blue_men_checked_slim_fit_shirt.jpg,https://www.ajio.com/roxtar-men-checked-slim-fit-shirt/p/420358792_blue
ajio,466474019,Men,Shirts,SHOWOFF,SHOWOFF White Men Leaf Print Slim Fit Shirt,800,2000,60,,,White,https://assets.ajio.com/medias/sys_master/root/20230818/yrql/64df74b7afa4cf41f55eb4bd/showoff_white_men_leaf_print_slim_fit_shirt.jpg,https://www.ajio.com/showoff-men-leaf-print-slim-fit-shirt/p/466474019_white
ajio,465670092,Men,Shirts,Tistabene,Tistabene Grey Men Block Print Regular Fit Shirt,999,999,0,,,Grey,https://assets.ajio.com/medias/sys_master/root/20230628/Ug2i/649b8f53a9b42d15c902cb86/tistabene_grey_men_block_print_regular_fit_shirt.jpg,https://www.ajio.com/tistabene-men-block-print-regular-fit-shirt/p/465670092_grey
ajio,466733307,Men,Shirts,SNITCH,SNITCH Black Men Airy-Allure Slim Fit Shirt,999,1998,50,,,Black,https://assets.ajio.com/medias/sys_master/root/20231021/i3ZM/65335275afa4cf41f55722ad/snitch_black_men_airy-allure_slim_fit_shirt.jpg,https://www.ajio.com/snitch-men-airy-allure-slim-fit-shirt/p/466733307_black
ajio,466761072,Men,Shirts,LEWEL,LEWEL Black Men Typographic Print Regular Fit T-Shirt,400,1999,80,,,Black,https://assets.ajio.com/medias/sys_master/root/20231031/qNLQ/65414353afa4cf41f56bfec1/lewel_black_men_typographic_print_regular_fit_t-shirt.jpg,https://www.ajio.com/lewel-men-typographic-print-regular-fit-t-shirt/p/466761072_black
ajio,441894161,Men,Shirts,PARK AVENUE,PARK AVENUE Yellow Men Cutaway Collar Slim Fit Shirt,1305,2899,55,,,Yellow,https://assets.ajio.com/medias/sys_master/root/20230321/Xd8v/6419a73ef997dde6f42106f6/park_avenue_yellow_men_cutaway_collar_slim_fit_shirt.jpg,https://www.ajio.com/park-avenue-men-cutaway-collar-slim-fit-shirt/p/441894161_lightyellow
ajio,469126233,Men,Shirts,Arrow Sports,Arrow Sports Beige Men Slim Fit Shirt with Patch Pocket,1100,2199,50,,,Beige,https://assets.ajio.com/medias/sys_master/root/20220531/6WzS/62962582aeb26921affd1fb2/arrow_sports_beige_men_slim_fit_shirt_with_patch_pocket.jpg,https://www.ajio.com/arrow-sports-men-slim-fit-shirt-with-patch-pocket/p/469126233_beige
ajio,463874806,Men,Shirts,iVOC Liight,iVOC Liight Grey Men Slim Fit Shirt with Flap Pockets,725,2499,71,,,Grey,https://assets.ajio.com/medias/sys_master/root/20230621/YtcN/649259b442f9e729d762b929/ivoc_liight_grey_men_slim_fit_shirt_with_flap_pockets.jpg,https://www.ajio.com/ivoc-men-slim-fit-shirt-with-flap-pockets/p/463874806_grey
ajio,442104348,Men,Shirts,U.S. Polo Assn.,U.S. Polo Assn. Red Men Slim Fit Shirt,1200,2399,50,,,Red,https://assets.ajio.com/medias/sys_master/root/20230505/A92U/64552874d55b7d0c63988faa/u.s._polo_assn._red_men_slim_fit_shirt.jpg,https://www.ajio.com/u-s-polo-assn-men-slim-fit-shirt/p/442104348_red
ajio,466451285,Men,Shirts,JOVEN,JOVEN White Men Striped Slim Fit Shirt with Patch Pocket,640,1999,68,,,White,https://assets.ajio.com/medias/sys_master/root/20230812/vUB9/64d6ddffeebac147fcc2ee92/joven_white_men_striped_slim_fit_shirt_with_patch_pocket.jpg,https://www.ajio.com/joven-men-striped-slim-fit-shirt-with-patch-pocket/p/466451285_white
ajio,466685202,Men,Shirts,Game Keeper,Game Keeper Grey Melange Men Graphic Regular Fit Crew-Neck T-Shirt,399,1999,80,,,Grey,https://assets.ajio.com/medias/sys_master/root/20231009/L5lO/6524296bddf77915192cfb11/game_keeper_grey_melange_men_graphic_regular_fit_crew-neck_t-shirt.jpg,https://www.ajio.com/game-keeper-men-graphic-regular-fit-crew-neck-t-shirt/p/466685202_greymelange
ajio,441699272,Men,Shirts,U.S. Polo Assn.,U.S. Polo Assn. Maroon Men Novelty Print Slim Fit Shirt,1239,1999,38,,,Maroon,https://assets.ajio.com/medias/sys_master/root/20230320/fwnP/6418965cf997dde6f40a9a2b/u.s._polo_assn._maroon_men_novelty_print_slim_fit_shirt.jpg,https://www.ajio.com/u-s-polo-assn-men-novelty-print-slim-fit-shirt/p/441699272_maroon
ajio,464476536,Men,Shirts,JAINISH,JAINISH Blue Men Solid Regular Fit Shirt,545,1299,58,,,Blue,https://assets.ajio.com/medias/sys_master/root/20230623/pAa3/6494d6a5d55b7d0c63a7cbe0/jainish_blue_men_solid_regular_fit_shirt.jpg,https://www.ajio.com/jainish-men-solid-regular-fit-shirt/p/464476536_blue
ajio,469481399,Men,Shirts,The Indian Garage Co,The Indian Garage Co Cream Men Geometric Print Slim Fit Shirt,546,1949,72,,,Cream,https://assets.ajio.com/medias/sys_master/root/20230524/NRmQ/646dfc66d55b7d0c63d5154e/the_indian_garage_co_cream_men_geometric_print_slim_fit_shirt.jpg,https://www.ajio.com/the-indian-garage-co-men-geometric-print-slim-fit-shirt/p/469481399_cream
ajio,465511811,Men,Shirts,THOMAS SCOTT,THOMAS SCOTT Yellow Men Slim Fit Shirt with Patch Pocket,909,2996,70,,,Yellow,https://assets.ajio.com/medias/sys_master/root/20230624/Oqil/6496968ca9b42d15c9e2f1a7/thomas_scott_yellow_men_slim_fit_shirt_with_patch_pocket.jpg,https://www.ajio.com/thomas-scott-men-slim-fit-shirt-with-patch-pocket/p/465511811_yellow
ajio,469170306,Men,Shirts,SPYKAR,SPYKAR Navy Blue Men Micro Print Slim Fit Shirt,1091,2099,48,,,Navy Blue,https://assets.ajio.com/medias/sys_master/root/20230822/EPtJ/64e4ea1bafa4cf41f56e11e2/spykar_navy_blue_men_micro_print_slim_fit_shirt.jpg,https://www.ajio.com/spykar-men-micro-print-slim-fit-shirt/p/469170306_navyblue
ajio,462412086,Men,Shirts,STUDIO NEXX,STUDIO NEXX Navy Men Slim Fit Indian Shirt,579,1699,66,,,Navy,https://assets.ajio.com/medias/sys_master/root/20230602/RyYC/647980d042f9e729d7160ea5/studio_nexx_navy_men_slim_fit_indian_shirt.jpg,https://www.ajio.com/studio-nexx-men-slim-fit-indian-shirt/p/462412086_navy
ajio,466148081,Men,Shirts,SNITCH,SNITCH Maroon Men Printed Slim Fit Shirt,999,1998,50,,,Maroon,https://assets.ajio.com/medias/sys_master/root/20230512/7ur7/645e4e8442f9e729d77bc298/snitch_maroon_men_printed_slim_fit_shirt.jpg,https://www.ajio.com/snitch-men-printed-slim-fit-shirt/p/466148081_maroon
ajio,469473456,Men,Shirts,Arrow Sports,Arrow Sports Green Men Checked Slim Fit Shirt with Patch Pocket,1225,2499,51,,,Green,https://assets.ajio.com/medias/sys_master/root/20230426/SKlT/6448fe36d55b7d0c6380036b/arrow_sports_green_men_checked_slim_fit_shirt_with_patch_pocket.jpg,https://www.ajio.com/arrow-sports-men-checked-slim-fit-shirt-with-patch-pocket/p/469473456_darkgreen
ajio,441901430,Men,Shirts,PARX,PARX Red Men Cutaway Collar Slim Fit Shirt,700,1749,60,,,Red,https://assets.ajio.com/medias/sys_master/root/20230320/OZkn/64187ba5f997dde6f409a3dc/parx_red_men_cutaway_collar_slim_fit_shirt.jpg,https://www.ajio.com/parx-men-cutaway-collar-slim-fit-shirt/p/441901430_red
ajio,441138264,Men,Shirts,JOHN PLAYERS,JOHN PLAYERS White Men Checked Slim Fit Shirt with Patch Pocket,450,1499,70,,,White,https://assets.ajio.com/medias/sys_master/root/20220725/55bx/62deb8f9aeb26921af9982be/john_players_white_men_checked_slim_fit_shirt_with_patch_pocket.jpg,https://www.ajio.com/john-players-men-checked-slim-fit-shirt-with-patch-pocket/p/441138264_red
ajio,469194726,Men,Shirts,The Indian Garage Co,The Indian Garage Co Blue Men Floral Print Regular Fit Shirt,612,1749,65,,,Blue,https://assets.ajio.com/medias/sys_master/root/20230404/lZFk/642c3f50711cf97ba708f50f/the_indian_garage_co_blue_men_floral_print_regular_fit_shirt.jpg,https://www.ajio.com/the-indian-garage-co-men-floral-print-regular-fit-shirt/p/469194726_blue
ajio,466749524,Men,Shirts,Blacknote,Blacknote Peach Men Graphic Print Stylised Fit Crew-Neck T-Shirt,299,1599,81,,,Peach,https://assets.ajio.com/medias/sys_master/root/20231026/8yoc/653a96bfddf77915195cd558/blacknote_peach_men_graphic_print_stylised_fit_crew-neck_t-shirt.jpg,https://www.ajio.com/blacknote-men-graphic-print-stylised-fit-crew-neck-t-shirt/p/466749524_peach
ajio,469080044,Men,Shirts,U.S. Polo Assn.,U.S. Polo Assn. Beige Men Checked Slim Fit Cotton Shirt,1799,2999,40,,,Beige,https://assets.ajio.com/medias/sys_master/root/20230619/Ocdw/64903eb642f9e729d74b5116/u.s._polo_assn._beige_men_checked_slim_fit_cotton_shirt.jpg,https://www.ajio.com/u-s-polo-assn-men-checked-slim-fit-cotton-shirt/p/469080044_beige
ajio,469264644,Men,Shirts,The Indian Garage Co,The Indian Garage Co Black Men Striped Slim Fit Shirt,490,1749,72,,,Black,https://assets.ajio.com/medias/sys_master/root/20220817/eAbb/62fd252ef997dd394cff8ec4/the_indian_garage_co_black_men_striped_slim_fit_shirt.jpg,https://www.ajio.com/the-indian-garage-co-men-striped-slim-fit-shirt/p/469264644_black
ajio,464175584,Men,Shirts,THE BEAR HOUSE,THE BEAR HOUSE Pink Men Solid Slim Fit Shirt,1372,2495,45,,,Pink,https://assets.ajio.com/medias/sys_master/root/20230629/eSCQ/649d04daeebac147fc38c475/the_bear_house_pink_men_solid_slim_fit_shirt.jpg,https://www.ajio.com/the-bear-house-men-solid-slim-fit-shirt/p/464175584_pink
ajio,441138279,Men,Shirts,JOHN PLAYERS,JOHN PLAYERS Red & Blue Men Checked Slim Fit Shirt with Patch Pocket,450,1499,70,,,Blue,https://assets.ajio.com/medias/sys_master/root/20220429/mNw9/626ae999aeb26921af496f64/john_players_red_%26_blue_men_checked_slim_fit_shirt_with_patch_pocket.jpg,https://www.ajio.com/john-players-men-checked-slim-fit-shirt-with-patch-pocket/p/441138279_red
ajio,461900455,Men,Shirts,VOLUME ZERO,VOLUME ZERO Maroon Men Checked Slim Fit Shirt with Patch Pocket,1045,1285,19,,,Maroon,https://assets.ajio.com/medias/sys_master/root/20230602/WOK1/64794d3e42f9e729d70fc8b4/volume_zero_maroon_men_checked_slim_fit_shirt_with_patch_pocket.jpg,https://www.ajio.com/volume-zero-men-checked-slim-fit-shirt-with-patch-pocket/p/461900455_maroon
ajio,466771712,Men,Shirts,Clothing Culture,Clothing Culture White Men Regular Fit High-Neck T-Shirt,499,2999,83,,,White,https://assets.ajio.com/medias/sys_master/root/20231103/lLWm/65451ee3afa4cf41f5731ae4/clothing_culture_white_men_regular_fit_high-neck_t-shirt.jpg,https://www.ajio.com/clothing-culture-men-regular-fit-high-neck-t-shirt/p/466771712_white
ajio,441311024,Men,Shirts,INDIAN TERRAIN,INDIAN TERRAIN Green Men Checked Slim Fit Shirt,924,2199,58,,,Green,https://assets.ajio.com/medias/sys_master/root/20230529/cV6b/6474d151d55b7d0c631dccab/indian_terrain_green_men_checked_slim_fit_shirt.jpg,https://www.ajio.com/indian-terrain-men-checked-slim-fit-shirt/p/441311024_green
ajio,469227139,Men,Shirts,VAN HEUSEN,VAN HEUSEN Maroon Men Checked Slim Fit Shirt with Flap Pockets,1225,2499,51,,,Maroon,https://assets.ajio.com/medias/sys_master/root/20220531/LlMx/6296339daeb26921affd64e4/van_heusen_maroon_men_checked_slim_fit_shirt_with_flap_pockets.jpg,https://www.ajio.com/van-heusen-men-checked-slim-fit-shirt-with-flap-pockets/p/469227139_maroon
ajio,441149088,Men,Shirts,JOHN PLAYERS,JOHN PLAYERS Black Men Checked Cotton Slim Fit Classic Shirt,880,2199,60,,,Black,https://assets.ajio.com/medias/sys_master/root/20230413/wq17/6437a186711cf97ba71f9e5b/john_players_black_men_checked_cotton_slim_fit_classic_shirt.jpg,https://www.ajio.com/john-players-men-checked-cotton-slim-fit-classic-shirt/p/441149088_black
ajio,441537173,Men,Shirts,MONTE BIANCO,MONTE BIANCO Navy Blue Men Checked Slim Fit Shirt,600,1499,60,,,Navy Blue,https://assets.ajio.com/medias/sys_master/root/20230112/4YId/63c01a7ff997dd708e0210aa/monte_bianco_navy_blue_men_checked_slim_fit_shirt.jpg,https://www.ajio.com/monte-bianco-men-checked-slim-fit-shirt/p/441537173_navy
ajio,441214952,Men,Shirts,INDIAN TERRAIN,INDIAN TERRAIN Yellow Men Slim Fit Cotton Shirt with Patch Pocket,646,1699,62,,,Yellow,https://assets.ajio.com/medias/sys_master/root/20221118/vuc1/63779feaf997ddfdbd843665/indian_terrain_yellow_men_slim_fit_cotton_shirt_with_patch_pocket.jpg,https://www.ajio.com/indian-terrain-men-slim-fit-cotton-shirt-with-patch-pocket/p/441214952_yellow
ajio,466283876,Men,Shirts,Rare Rabbit,Rare Rabbit Pink Men Slim Fit Shirt with Spread Collar,2000,3999,50,,,Pink,https://assets.ajio.com/medias/sys_master/root/20230617/7N5u/648ce1c0d55b7d0c637121bf/rare_rabbit_pink_men_slim_fit_shirt_with_spread_collar.jpg,https://www.ajio.com/rare-rabbit-men-slim-fit-shirt-with-spread-collar/p/466283876_pink
ajio,469323297,Men,Shirts,SIMON CARTER,SIMON CARTER Grey Men Micro Print Slim Fit Shirt,1799,2999,40,,,Grey,https://assets.ajio.com/medias/sys_master/root/20220928/KZFb/63334993aeb269dbb3ab30aa/simon_carter_grey_men_micro_print_slim_fit_shirt.jpg,https://www.ajio.com/simon-carter-men-micro-print-slim-fit-shirt/p/469323297_grey
ajio,463056645,Men,Shirts,SOJANYA,SOJANYA Maroon Men Solid Regular Fit Shirt,561,1699,67,,,Maroon,https://assets.ajio.com/medias/sys_master/root/20230620/ahaR/6491e7d6d55b7d0c637c89e7/sojanya_maroon_men_solid_regular_fit_shirt.jpg,https://www.ajio.com/sojanya-men-solid-regular-fit-shirt/p/463056645_maroon
ajio,464442211,Men,Shirts,YOVISH,YOVISH Khaki Men Striped Slim Fit Shirt with Patch Pocket,1155,3499,67,,,Khaki,https://assets.ajio.com/medias/sys_master/root/20230623/bZWx/6494cb0842f9e729d77e27d5/yovish_khaki_men_striped_slim_fit_shirt_with_patch_pocket.jpg,https://www.ajio.com/yovish-men-striped-slim-fit-shirt-with-patch-pocket/p/464442211_khaki
ajio,420434744,Men,Shirts,BREAKPOINT,BREAKPOINT Blue Men Striped Slim Fit Shirt,400,999,60,,,Blue,https://assets.ajio.com/medias/sys_master/root/20230503/R62W/64524dce42f9e729d7645cb7/breakpoint_blue_men_striped_slim_fit_shirt.jpg,https://www.ajio.com/breakpoint-men-striped-slim-fit-shirt/p/420434744_blue
ajio,466382796,Men,Shirts,Jankit Designer,Jankit Designer Green Men Collar-Neck Regular Fit Shirt,480,2999,84,,,Green,https://assets.ajio.com/medias/sys_master/root/20230724/zuDE/64be8ef9a9b42d15c96b098d/jankit_designer_green_men_collar-neck_regular_fit_shirt.jpg,https://www.ajio.com/jankit-designer-men-collar-neck-regular-fit-shirt/p/466382796_green
ajio,466702325,Men,Shirts,BLISSTONE,BLISSTONE Mustard Men Button-Front Regular Fit Shirt,470,999,53,,,Mustard,https://assets.ajio.com/medias/sys_master/root/20231013/KMhd/65289bc9afa4cf41f540074e/blisstone_mustard_men_button-front_regular_fit_shirt.jpg,https://www.ajio.com/blisstone-men-button-front-regular-fit-shirt/p/466702325_mustard
ajio,469082919,Men,Shirts,Ketch,Ketch Blue Men Striped Slim Fit Shirt with Patch Pocket,362,1249,71,,,Blue,https://assets.ajio.com/medias/sys_master/root/20220225/gVBE/6218f8e1f997dd03e2f16a01/ketch_blue_men_striped_slim_fit_shirt_with_patch_pocket.jpg,https://www.ajio.com/ketch-men-striped-slim-fit-shirt-with-patch-pocket/p/469082919_bluemix
ajio,420404707,Men,Shirts,ROXTAR,ROXTAR Black Men Checked Slim Fit Shirt,180,449,60,,,Black,https://assets.ajio.com/medias/sys_master/root/20230428/dASZ/644ac382d55b7d0c6385a669/roxtar_black_men_checked_slim_fit_shirt.jpg,https://www.ajio.com/roxtar-men-checked-slim-fit-shirt/p/420404707_black
ajio,465271349,Men,Shirts,VEERYA,VEERYA Purple Men Micro Print Regular Fit Shirt,575,2499,77,,,Purple,https://assets.ajio.com/medias/sys_master/root/20230624/Adpk/649641e9a9b42d15c9d8240d/veerya_purple_men_micro_print_regular_fit_shirt.jpg,https://www.ajio.com/veerya-men-micro-print-regular-fit-shirt/p/465271349_purple
ajio,466709031,Men,Shirts,SNITCH,SNITCH Black Men Textured Slim Fit Shirt,1299,2598,50,,,Black,https://assets.ajio.com/medias/sys_master/root/20231016/TNHT/652c3f5bafa4cf41f54572b0/snitch_black_men_textured_slim_fit_shirt.jpg,https://www.ajio.com/snitch-men-textured-slim-fit-shirt/p/466709031_black
ajio,466725993,Men,Shirts,R&B,R&B Green Men Regular Fit Polo T-Shirt,374,499,25,,,Green,https://assets.ajio.com/medias/sys_master/root/20231020/khbq/6531acb6afa4cf41f5527ecc/r%26b_green_men_regular_fit_polo_t-shirt.jpg,https://www.ajio.com/r-b-men-regular-fit-polo-t-shirt/p/466725993_green
ajio,466448295,Men,Shirts,JOVEN,JOVEN White Men Micro Print Slim Fit Shirt with Patch Pocket,640,1999,68,,,White,https://assets.ajio.com/medias/sys_master/root/20230811/QsFJ/64d636d2eebac147fcc07169/joven_white_men_micro_print_slim_fit_shirt_with_patch_pocket.jpg,https://www.ajio.com/joven-men-micro-print-slim-fit-shirt-with-patch-pocket/p/466448295_white
ajio,441142089,Men,Shirts,NETPLAY,NETPLAY Navy Blue Men Printed Slim Fit Shirt with Patch Pocket,315,1049,70,,,Navy Blue,https://assets.ajio.com/medias/sys_master/root/20220623/jqgA/62b4a151aeb26921af431dc8/netplay_navy_blue_men_printed_slim_fit_shirt_with_patch_pocket.jpg,https://www.ajio.com/netplay-men-printed-slim-fit-shirt-with-patch-pocket/p/441142089_navy
ajio,466289808,Men,Shirts,Rare Rabbit,Rare Rabbit Beige Men Slim Fit Shirt with Spread Collar,2999,2999,0,,,Beige,https://assets.ajio.com/medias/sys_master/root/20230620/4YfS/64917ed8d55b7d0c63774a4a/rare_rabbit_beige_men_slim_fit_shirt_with_spread_collar.jpg,https://www.ajio.com/rare-rabbit-men-slim-fit-shirt-with-spread-collar/p/466289808_beige
ajio,441138272,Men,Shirts,JOHN PLAYERS,JOHN PLAYERS Beige Men Heathered Slim Fit Shirt with Patch Pocket,540,1799,70,,,Beige,https://assets.ajio.com/medias/sys_master/root/20220524/3ozN/628c1a08aeb26921afcc05ad/john_players_beige_men_heathered_slim_fit_shirt_with_patch_pocket.jpg,https://www.ajio.com/john-players-men-heathered-slim-fit-shirt-with-patch-pocket/p/441138272_beige
ajio,469170177,Men,Shirts,SPYKAR,SPYKAR Navy Blue Men Checked Slim Fit Shirt,924,2199,58,,,Navy Blue,https://assets.ajio.com/medias/sys_master/root/20230414/2k25/64392d28907deb497ae46bb6/spykar_navy_blue_men_checked_slim_fit_shirt.jpg,https://www.ajio.com/spykar-men-checked-slim-fit-shirt/p/469170177_navy
ajio,466285852,Men,Shirts,EIGHTEEN CLUB,EIGHTEEN CLUB Orange Men Slim Fit Shirt with Patch Pocket,560,1599,65,,,Orange,https://assets.ajio.com/medias/sys_master/root/20230619/dtE5/649043c0d55b7d0c637413bf/eighteen_club_orange_men_slim_fit_shirt_with_patch_pocket.jpg,https://www.ajio.com/eighteen-club-men-slim-fit-shirt-with-patch-pocket/p/466285852_orange
ajio,466334996,Men,Shirts,Campus Sutra,Campus Sutra Multi Men Solid Regular Fit Shirt,675,1499,55,,,Multi,https://assets.ajio.com/medias/sys_master/root/20230705/JuuA/64a57049eebac147fc4f20d3/campus_sutra_multi_men_solid_regular_fit_shirt.jpg,https://www.ajio.com/campus-sutra-men-solid-regular-fit-shirt/p/466334996_multi
ajio,466768902,Men,Shirts,MAX Off,MAX Off white Men Graphic Print Stylised Fit Crew-Neck T-Shirt,399,399,0,,,Off White,https://assets.ajio.com/medias/sys_master/root/20231103/YIC8/65444b48ddf77915196bfd31/max_off_white_men_graphic_print_stylised_fit_crew-neck_t-shirt.jpg,https://www.ajio.com/max-men-graphic-print-stylised-fit-crew-neck-t-shirt/p/466768902_offwhite
ajio,463679077,Men,Shirts,MAHARAJA,MAHARAJA Peach Men Heathered Slim Fit Shirt,600,2000,70,,,Peach,https://assets.ajio.com/medias/sys_master/root/20230621/1EKA/64926b1d42f9e729d764d145/maharaja_peach_men_heathered_slim_fit_shirt.jpg,https://www.ajio.com/maharaja-men-heathered-slim-fit-shirt/p/463679077_peach
ajio,466363567,Men,Shirts,RAYMOND,RAYMOND Black Men Slim Fit Shirt with Spread Collar,1259,2099,40,,,Black,https://assets.ajio.com/medias/sys_master/root/20230717/q2tP/64b545c6eebac147fc72666e/raymond_black_men_slim_fit_shirt_with_spread_collar.jpg,https://www.ajio.com/raymond-men-slim-fit-shirt-with-spread-collar/p/466363567_black
ajio,469281222,Men,Shirts,U.S. Polo Assn. dk.,U.S. Polo Assn. dk. red Us men tshirts dk. red s,627,1899,67,,,Red,https://assets.ajio.com/medias/sys_master/root/20230508/3MQ2/64591c9a42f9e729d76fcf74/u.s._polo_assn._dk._red_us_men_tshirts_dk._red_s.jpg,https://www.ajio.com/u-s-polo-assn-us-men-tshirts-dk-red-s/p/469281222_dkred
ajio,441688818,Men,Shirts,Lee,Lee Red Men Slim Fit Shirt with Patch Pocket,1400,2799,50,,,Red,https://assets.ajio.com/medias/sys_master/root/20220921/AOqr/632b216cf997dd1f8d115016/lee_red_men_slim_fit_shirt_with_patch_pocket.jpg,https://www.ajio.com/lee-men-slim-fit-shirt-with-patch-pocket/p/441688818_red
ajio,469411043,Men,Shirts,LOUIS PHILIPPE,LOUIS PHILIPPE Brown Men Checked Slim Fit Shirt,2313,2599,11,,,Brown,https://assets.ajio.com/medias/sys_master/root/20221208/qhfn/6391921cf997ddfdbdc7659e/louis_philippe_brown_men_checked_slim_fit_shirt.jpg,https://www.ajio.com/louis-philippe-men-checked-slim-fit-shirt/p/469411043_brown
ajio,465719048,Men,Shirts,Jack & Jones North Sea,Jack & Jones North Sea Men Solid Regular Fit Shirt,1620,3599,55,,,,https://assets.ajio.com/medias/sys_master/root/20230628/7zTS/649b67f6a9b42d15c9fd3df5/jack_%26_jones_north_sea_men_solid_regular_fit_shirt.jpg,https://www.ajio.com/jack--jones-men-solid-regular-fit-shirt/p/465719048_green
ajio,465208887,Men,Shirts,GLOBALRANG,GLOBALRANG Black Men Tuxedo Sequinned Slim Fit Shirt with Bow,1408,3200,56,,,Black,https://assets.ajio.com/medias/sys_master/root/20230908/X1E4/64fabea9afa4cf41f5d23c7f/globalrang_black_men_tuxedo_sequinned_slim_fit_shirt_with_bow.jpg,https://www.ajio.com/globalrang-men-tuxedo-sequinned-slim-fit-shirt-with-bow/p/465208887_black
ajio,469562503,Men,Shirts,ALLEN SOLLY,ALLEN SOLLY Grey Men Checked Slim Fit Shirt with Patch Pocket,1494,2299,35,,,Grey,https://assets.ajio.com/medias/sys_master/root/20231020/29R0/6532af5eafa4cf41f555b541/allen_solly_grey_men_checked_slim_fit_shirt_with_patch_pocket.jpg,https://www.ajio.com/allen-solly-men-checked-slim-fit-shirt-with-patch-pocket/p/469562503_grey
ajio,466472464,Men,Shirts,S-line Sea,S-line Sea Green Men Slim Fit Shirt with Mandarin Collar,750,1499,50,,,Sea Green,https://assets.ajio.com/medias/sys_master/root/20230828/i64H/64eba27eddf77915198063b1/s-line_sea_green_men_slim_fit_shirt_with_mandarin_collar.jpg,https://www.ajio.com/s-line-men-slim-fit-shirt-with-mandarin-collar/p/466472464_seagreen
ajio,441537291,Men,Shirts,MONTE BIANCO,MONTE BIANCO Green Men Slim Fit Shirt with Patch Pocket,630,1499,58,,,Green,https://assets.ajio.com/medias/sys_master/root/20230112/fu91/63c0343eaeb269c651dc259b/monte_bianco_green_men_slim_fit_shirt_with_patch_pocket.jpg,https://www.ajio.com/monte-bianco-men-slim-fit-shirt-with-patch-pocket/p/441537291_green
ajio,463643138,Men,Shirts,Celio,Celio Green Men Striped Regular Fit Shirt,1000,1999,50,,,Green,https://assets.ajio.com/medias/sys_master/root/20230621/uELy/64924a2a42f9e729d760b1f3/celio_green_men_striped_regular_fit_shirt.jpg,https://www.ajio.com/celio-men-striped-regular-fit-shirt/p/463643138_green
ajio,466682647,Men,Shirts,Recast,Recast Black Men Oversized Fit Crew-Neck T-Shirt,420,1199,65,,,Black,https://assets.ajio.com/medias/sys_master/root/20231007/HCbf/65206041ddf7791519281255/recast_black_men_oversized_fit_crew-neck_t-shirt.jpg,https://www.ajio.com/recast-men-oversized-fit-crew-neck-t-shirt/p/466682647_black
ajio,460353501,Men,Shirts,The Indian Garage Co,The Indian Garage Co Blue Men Checked Slim Fit Shirt with Patch Pocket,542,1749,69,,,Blue,https://assets.ajio.com/medias/sys_master/root/20230524/1w0o/646e268242f9e729d7aaa9f1/the_indian_garage_co_blue_men_checked_slim_fit_shirt_with_patch_pocket.jpg,https://www.ajio.com/the-indian-garage-co-men-checked-slim-fit-shirt-with-patch-pocket/p/460353501_blue
ajio,462858827,Men,Shirts,DESIGN UP,DESIGN UP Blue Men Heavily Washed Slim Fit Shirt,811,2495,67,,,Blue,https://assets.ajio.com/medias/sys_master/root/20210827/Olbi/6128406df997ddce89aec630/design_up_blue_men_heavily_washed_slim_fit_shirt.jpg,https://www.ajio.com/design-up-men-heavily-washed-slim-fit-shirt/p/462858827_blue
ajio,469114508,Men,Shirts,LEVIS,LEVIS Red Men Checked Slim Fit Shirt with Patch Pocket,1200,2399,50,,,Red,https://assets.ajio.com/medias/sys_master/root/20220301/22Go/621d2450aeb26921afbc6340/levis_red_men_checked_slim_fit_shirt_with_patch_pocket.jpg,https://www.ajio.com/levis-men-checked-slim-fit-shirt-with-patch-pocket/p/469114508_red
ajio,469444909,Men,Shirts,British Club,British Club Blue Men Striped Slim Fit Shirt with Patch Pocket,532,1399,62,,,Blue,https://assets.ajio.com/medias/sys_master/root/20230220/9N28/63f3a20faeb26924e37dfd0f/british_club_blue_men_striped_slim_fit_shirt_with_patch_pocket.jpg,https://www.ajio.com/british-club-men-striped-slim-fit-shirt-with-patch-pocket/p/469444909_blue
ajio,441699271,Men,Shirts,U.S. Polo Assn.,U.S. Polo Assn. Olive Men Camouflage Print Slim Fit Shirt with Patch Pocket,1679,1999,16,,,Olive,https://assets.ajio.com/medias/sys_master/root/20230321/EkbL/64195923f997dde6f41c0db0/u.s._polo_assn._olive_men_camouflage_print_slim_fit_shirt_with_patch_pocket.jpg,https://www.ajio.com/u-s-polo-assn-men-camouflage-print-slim-fit-shirt-with-patch-pocket/p/441699271_olive
ajio,469410885,Men,Shirts,ALLEN SOLLY,ALLEN SOLLY Yellow Men Micro Print Slim Fit Shirt,2249,2999,25,,,Yellow,https://assets.ajio.com/medias/sys_master/root/20221208/5Ejx/63919226aeb269659cddc6bd/allen_solly_yellow_men_micro_print_slim_fit_shirt.jpg,https://www.ajio.com/allen-solly-men-micro-print-slim-fit-shirt/p/469410885_yellow
ajio,461566160,Men,Shirts,Lindbergh,Lindbergh Blue Men Slim Fit Shirt with Cuffed Sleeves,2000,4999,60,,,Blue,https://assets.ajio.com/medias/sys_master/root/20230825/WQKb/64e7bd23afa4cf41f57e68ad/lindbergh_blue_men_slim_fit_shirt_with_cuffed_sleeves.jpg,https://www.ajio.com/lindbergh-men-slim-fit-shirt-with-cuffed-sleeves/p/461566160_blue
ajio,466359961,Men,Shirts,URBANO FASHION,URBANO FASHION Blue Men Cotton Slim Fit Shirt with Patch Pocket,882,1799,51,,,Blue,https://assets.ajio.com/medias/sys_master/root/20230714/7ZMm/64b15142a9b42d15c95481c6/urbano_fashion_blue_men_cotton_slim_fit_shirt_with_patch_pocket.jpg,https://www.ajio.com/urbano-fashion-men-cotton-slim-fit-shirt-with-patch-pocket/p/466359961_blue
ajio,469184807,Men,Shirts,Ketch,Ketch Navy Blue Men Checked Slim Fit Shirt with Patch Pocket,320,999,68,,,Navy Blue,https://assets.ajio.com/medias/sys_master/root/20220624/pd8m/62b5cf3af997dd03e29d68f2/ketch_navy_blue_men_checked_slim_fit_shirt_with_patch_pocket.jpg,https://www.ajio.com/ketch-men-checked-slim-fit-shirt-with-patch-pocket/p/469184807_navyblue
ajio,469060841,Men,Shirts,Ketch,Ketch Orange Men Striped Slim Fit Shirt,553,1349,59,,,Orange,https://assets.ajio.com/medias/sys_master/root/20220317/FcUX/6232310caeb26921afde9975/ketch_orange_men_striped_slim_fit_shirt.jpg,https://www.ajio.com/ketch-men-striped-slim-fit-shirt/p/469060841_rust
ajio,466749628,Men,Shirts,Blacknote,Blacknote Beige Men Graphic Print Stylised Fit Crew-Neck T-Shirt,299,1599,81,,,Beige,https://assets.ajio.com/medias/sys_master/root/20231027/RfYZ/653ae5d5ddf77915195d3167/blacknote_beige_men_graphic_print_stylised_fit_crew-neck_t-shirt.jpg,https://www.ajio.com/blacknote-men-graphic-print-stylised-fit-crew-neck-t-shirt/p/466749628_beige
ajio,420404829,Men,Shirts,ROXTAR,ROXTAR Black Men Checked Slim Fit Shirt,220,549,60,,,Black,https://assets.ajio.com/medias/sys_master/root/20230427/6Q79/644a9d20d55b7d0c63851a3f/roxtar_black_men_checked_slim_fit_shirt.jpg,https://www.ajio.com/roxtar-men-checked-slim-fit-shirt/p/420404829_red
ajio,441692948,Men,Shirts,INDIAN TERRAIN,INDIAN TERRAIN Green & White Men Checked Slim Fit Cotton Shirt,1008,2399,58,,,White,https://assets.ajio.com/medias/sys_master/root/20221118/ApfV/637799d8aeb269659c9c3a41/indian_terrain_green_%26_white_men_checked_slim_fit_cotton_shirt.jpg,https://www.ajio.com/indian-terrain-men-checked-slim-fit-cotton-shirt/p/441692948_green
ajio,420434745,Men,Shirts,BREAKPOINT,BREAKPOINT Blue Men Striped Slim Fit Shirt,400,999,60,,,Blue,https://assets.ajio.com/medias/sys_master/root/20230503/IMRR/64524dd442f9e729d7645d7b/breakpoint_blue_men_striped_slim_fit_shirt.jpg,https://www.ajio.com/breakpoint-men-striped-slim-fit-shirt/p/420434745_blue
ajio,420358946,Men,Shirts,ROXTAR,ROXTAR Blue Men Checked Slim Fit Shirt,220,549,60,,,Blue,https://assets.ajio.com/medias/sys_master/root/20230427/IFCS/644abe3dd55b7d0c63859ead/roxtar_blue_men_checked_slim_fit_shirt.jpg,https://www.ajio.com/roxtar-men-checked-slim-fit-shirt/p/420358946_blue
ajio,441897407,Men,Shirts,UNITED COLORS OF BENETTON,UNITED COLORS OF BENETTON Navy Blue Men Checked Cotton Slim Fit Shirt,2204,3499,37,,,Navy Blue,https://assets.ajio.com/medias/sys_master/root/20230710/ADSe/64ac2328eebac147fc60fff1/united_colors_of_benetton_navy_blue_men_checked_cotton_slim_fit_shirt.jpg,https://www.ajio.com/united-colors-of-benetton-men-checked-cotton-slim-fit-shirt/p/441897407_navy
ajio,469453090,Men,Shirts,SPYKAR Sky,SPYKAR Sky Blue Men Plaid Checked Slim Fit Shirt,1172,2299,49,,,Sky Blue,https://assets.ajio.com/medias/sys_master/root/20230418/ybD9/643ed9d3907deb497aee1149/spykar_sky_blue_men_plaid_checked_slim_fit_shirt.jpg,https://www.ajio.com/spykar-men-plaid-checked-slim-fit-shirt/p/469453090_skyblue
ajio,469442034,Men,Shirts,SPYKAR,SPYKAR Wine Men Striped Slim Fit Shirt,1080,2399,55,,,Wine,https://assets.ajio.com/medias/sys_master/root/20230413/z2Ap/64381793907deb497adfdaa3/spykar_wine_men_striped_slim_fit_shirt.jpg,https://www.ajio.com/spykar-men-striped-slim-fit-shirt/p/469442034_wine
ajio,466278687,Men,Shirts,Rare Rabbit,Rare Rabbit Black Men Printed Slim Fit Shirt with Spread Collar,2399,3999,40,,,Black,https://assets.ajio.com/medias/sys_master/root/20230615/2oeG/648b3b6542f9e729d745af91/rare_rabbit_black_men_printed_slim_fit_shirt_with_spread_collar.jpg,https://www.ajio.com/rare-rabbit-men-printed-slim-fit-shirt-with-spread-collar/p/466278687_black
ajio,441699153,Men,Shirts,PARX,PARX Yellow Men Checked Slim Fit Shirt,760,1899,60,,,Yellow,https://assets.ajio.com/medias/sys_master/root/20230801/Zgla/64c925f5eebac147fc9d0cf5/parx_yellow_men_checked_slim_fit_shirt.jpg,https://www.ajio.com/parx-men-checked-slim-fit-shirt/p/441699153_lightyellow
ajio,469234763,Men,Shirts,Ketch,Ketch White Men Aztec Print Slim Fit Shirt,560,1399,60,,,White,https://assets.ajio.com/medias/sys_master/root/20220812/M7Ol/62f644fdf997dd03e2445c2a/ketch_white_men_aztec_print_slim_fit_shirt.jpg,https://www.ajio.com/ketch-men-aztec-print-slim-fit-shirt/p/469234763_white
ajio,469158415,Men,Shirts,SIMON CARTER,SIMON CARTER Blue Men Striped Slim Fit Shirt,1400,2799,50,,,Blue,https://assets.ajio.com/medias/sys_master/root/20220303/GTA4/62205bd6aeb26921afc4be40/simon_carter_blue_men_striped_slim_fit_shirt.jpg,https://www.ajio.com/simon-carter-men-striped-slim-fit-shirt/p/469158415_blue
ajio,464065846,Men,Shirts,Linen,Linen Club Blue Men Checks Regular Fit Shirt,1127,2299,51,,,Blue,https://assets.ajio.com/medias/sys_master/root/20230621/mlGg/649274bad55b7d0c638dc9b1/linen_club_blue_men_checks_regular_fit_shirt.jpg,https://www.ajio.com/linen-club-men-checks-regular-fit-shirt/p/464065846_blue
ajio,469412231,Men,Shirts,Ketch,Ketch Rust Pink Men Paisley Print Slim Fit Shirt,546,1949,72,,,Pink,https://assets.ajio.com/medias/sys_master/root/20230523/BTDv/646c7ced42f9e729d7a47b0f/ketch_rust_pink_men_paisley_print_slim_fit_shirt.jpg,https://www.ajio.com/ketch-men-paisley-print-slim-fit-shirt/p/469412231_rust
ajio,469502992,Men,Shirts,Arrow Sports,Arrow Sports Green Men Checked Slim Fit Shirt,1429,2599,45,,,Green,https://assets.ajio.com/medias/sys_master/root/20230706/DVRu/64a702a6a9b42d15c9432ef5/arrow_sports_green_men_checked_slim_fit_shirt.jpg,https://www.ajio.com/arrow-sports-men-checked-slim-fit-shirt/p/469502992_green
ajio,441207319,Men,Shirts,SIN,SIN Yellow Men Slim Fit Shirt with Patch Pocket,686,1399,51,,,Yellow,https://assets.ajio.com/medias/sys_master/root/20220111/wa6q/61dcaef0aeb2695cdd0e3571/sin_yellow_men_slim_fit_shirt_with_patch_pocket.jpg,https://www.ajio.com/sin-men-slim-fit-shirt-with-patch-pocket/p/441207319_lime
ajio,441416686,Men,Shirts,MUFTI Ecru,MUFTI Ecru Men Geometric Print Slim Fit Shirt with Patch Pocket,946,2199,57,,,,https://assets.ajio.com/medias/sys_master/root/20220809/gmYs/62f297caaeb26921afd7d82c/mufti_ecru_men_geometric_print_slim_fit_shirt_with_patch_pocket.jpg,https://www.ajio.com/mufti-men-geometric-print-slim-fit-shirt-with-patch-pocket/p/441416686_ecru
ajio,466459902,Men,Shirts,SNITCH,SNITCH Navy Men Slim Fit Shirt with Button-Down Collar,899,1798,50,,,Navy,https://assets.ajio.com/medias/sys_master/root/20230815/gHrD/64daa933eebac147fcc93922/snitch_navy_men_slim_fit_shirt_with_button-down_collar.jpg,https://www.ajio.com/snitch-men-slim-fit-shirt-with-button-down-collar/p/466459902_navy
ajio,441775429,Men,Shirts,SIN,SIN Mustard Yellow Men Slim Fit Cotton Shirt,736,1599,54,,,Mustard,https://assets.ajio.com/medias/sys_master/root/20230531/5vft/64775fb1d55b7d0c632bef41/sin_mustard_yellow_men_slim_fit_cotton_shirt.jpg,https://www.ajio.com/sin-men-slim-fit-cotton-shirt/p/441775429_mustard
ajio,463984363,Men,Shirts,RAYMOND,RAYMOND Grey Men Checked Slim Fit Shirt with Patch Pocket,1319,2199,40,,,Grey,https://assets.ajio.com/medias/sys_master/root/20220311/zlKH/622a6e94f997dd03e20d189f/raymond_grey_men_checked_slim_fit_shirt_with_patch_pocket.jpg,https://www.ajio.com/raymond-men-checked-slim-fit-shirt-with-patch-pocket/p/463984363_grey
ajio,469499342,Men,Shirts,ARROW,ARROW Green Men Checked Slim Fit Shirt with Patch Pocket,1374,2499,45,,,Green,https://assets.ajio.com/medias/sys_master/root/20230525/J4Nj/646f961442f9e729d7d27507/arrow_green_men_checked_slim_fit_shirt_with_patch_pocket.jpg,https://www.ajio.com/arrow-men-checked-slim-fit-shirt-with-patch-pocket/p/469499342_green
ajio,465171848,Men,Shirts,COPPERLINE Off,COPPERLINE Off White Men Slim Fit Shirt with Patch Pocket,700,1399,50,,,Off White,https://assets.ajio.com/medias/sys_master/root/20230624/CNpT/6496561deebac147fcf02afe/copperline_off_white_men_slim_fit_shirt_with_patch_pocket.jpg,https://www.ajio.com/copperline-men-slim-fit-shirt-with-patch-pocket/p/465171848_white
ajio,466706404,Men,Shirts,MANIAC,MANIAC Mustard Men Slim Fit Round-Neck T-Shirt,514,1429,64,,,Mustard,https://assets.ajio.com/medias/sys_master/root/20231015/1btD/652bfad4ddf77915193cbeee/maniac_mustard_men_slim_fit_round-neck_t-shirt.jpg,https://www.ajio.com/maniac-men-slim-fit-round-neck-t-shirt/p/466706404_mustard
ajio,441537168,Men,Shirts,MONTE BIANCO,MONTE BIANCO Olive Men Checked Slim Fit Shirt,736,1599,54,,,Olive,https://assets.ajio.com/medias/sys_master/root/20230112/uEcD/63c01b6faeb269c651db1869/monte_bianco_olive_men_checked_slim_fit_shirt.jpg,https://www.ajio.com/monte-bianco-men-checked-slim-fit-shirt/p/441537168_olive
ajio,466269627,Men,Shirts,iVOC,iVOC Mustard Men Slim Fit Shirt with Spread Collar,650,2499,74,,,Mustard,https://assets.ajio.com/medias/sys_master/root/20230613/izBs/6488995fd55b7d0c6367f8c1/ivoc_mustard_men_slim_fit_shirt_with_spread_collar.jpg,https://www.ajio.com/ivoc-men-slim-fit-shirt-with-spread-collar/p/466269627_mustard
ajio,420437062,Men,Shirts,NTWK,NTWK Navy Blue Men Printed Slim Fit Formal Shirt,799,799,0,,,Navy Blue,https://assets.ajio.com/medias/sys_master/root/20230807/PMwo/64d112b2eebac147fcaf22bd/ntwk_navy_blue_men_printed_slim_fit_formal_shirt.jpg,https://www.ajio.com/ntwk-men-printed-slim-fit-formal-shirt/p/420437062_navy
ajio,465251793,Men,Shirts,THE BEAR HOUSE,THE BEAR HOUSE Grey Men Slim Fit Shirt with Patch Pocket,1248,2495,50,,,Grey,https://assets.ajio.com/medias/sys_master/root/20230624/rgVP/64967b14a9b42d15c9dfb8ca/the_bear_house_grey_men_slim_fit_shirt_with_patch_pocket.jpg,https://www.ajio.com/the-bear-house-men-slim-fit-shirt-with-patch-pocket/p/465251793_grey
ajio,441415925,Men,Shirts,PARX,PARX Blue Men Cutaway Collar Slim Fit Shirt,720,1799,60,,,Blue,https://assets.ajio.com/medias/sys_master/root/20230321/CVds/6418ce47aeb26924e3d38b1f/parx_blue_men_cutaway_collar_slim_fit_shirt.jpg,https://www.ajio.com/parx-men-cutaway-collar-slim-fit-shirt/p/441415925_blue
ajio,464311093,Men,Shirts,PAUL STREET,PAUL STREET Pink Men Floral Slim Fit Shirt,675,1350,50,,,Pink,https://assets.ajio.com/medias/sys_master/root/20230621/lADH/6492e2eb42f9e729d7732dd3/paul_street_pink_men_floral_slim_fit_shirt.jpg,https://www.ajio.com/paul-street-men-floral-slim-fit-shirt/p/464311093_pink
ajio,469484647,Men,Shirts,British Club,British Club White Men Slim Fit Half Sleeve Shirt with Double Flap Pockets,580,1999,71,,,White,https://assets.ajio.com/medias/sys_master/root/20230418/tRgK/643ed68d907deb497aee0066/british_club_white_men_slim_fit_half_sleeve_shirt_with_double_flap_pockets.jpg,https://www.ajio.com/british-club-men-slim-fit-half-sleeve-shirt-with-double-flap-pockets/p/469484647_white
ajio,469274921,Men,Shirts,SIMON CARTER,SIMON CARTER Green Men Checked Slim Fit Cotton Shirt,1400,2799,50,,,Green,https://assets.ajio.com/medias/sys_master/root/20220819/wj2l/62ff18d8aeb269176185fd92/simon_carter_green_men_checked_slim_fit_cotton_shirt.jpg,https://www.ajio.com/simon-carter-men-checked-slim-fit-cotton-shirt/p/469274921_green
ajio,466428609,Men,Shirts,Rare Rabbit,Rare Rabbit Multicoloured Men Printed Slim Fit Shirt with Spread Collar,3299,3299,0,,,,https://assets.ajio.com/medias/sys_master/root/20230807/fNad/64d0f865eebac147fcae7c9f/rare_rabbit_multicoloured_men_printed_slim_fit_shirt_with_spread_collar.jpg,https://www.ajio.com/rare-rabbit-men-printed-slim-fit-shirt-with-spread-collar/p/466428609_multi
ajio,420325036,Men,Shirts,PINE REPUBLIC,PINE REPUBLIC Brown Men Checked Slim Fit Shirt,400,799,50,,,Brown,https://assets.ajio.com/medias/sys_master/root/20230523/7yEn/646cd1e942f9e729d7a69be8/pine_republic_brown_men_checked_slim_fit_shirt.jpg,https://www.ajio.com/pine-republic-men-checked-slim-fit-shirt/p/420325036_khaki
ajio,469531126,Men,Shirts,ALLEN SOLLY,ALLEN SOLLY Navy Blue Men Checked Slim Fit Shirt,2000,2299,13,,,Navy Blue,https://assets.ajio.com/medias/sys_master/root/20230630/GdlT/649f0d07a9b42d15c92e53f9/allen_solly_navy_blue_men_checked_slim_fit_shirt.jpg,https://www.ajio.com/allen-solly-men-checked-slim-fit-shirt/p/469531126_navy
ajio,469009795,Men,Shirts,The Indian Garage Co,The Indian Garage Co Black Men Checked Slim Fit Shirt,630,1749,64,,,Black,https://assets.ajio.com/medias/sys_master/root/20230405/WQ4b/642d9058711cf97ba70cb4c5/the_indian_garage_co_black_men_checked_slim_fit_shirt.jpg,https://www.ajio.com/the-indian-garage-co-men-checked-slim-fit-shirt/p/469009795_black
ajio,465670220,Men,Shirts,JAVINISHKA Aqua,JAVINISHKA Aqua Men Striped Slim Fit Shirt with Spread Collar,700,1399,50,,,,https://assets.ajio.com/medias/sys_master/root/20230628/iNFV/649b7050a9b42d15c9fe7ec1/javinishka_aqua_men_striped_slim_fit_shirt_with_spread_collar.jpg,https://www.ajio.com/javinishka-men-striped-slim-fit-shirt-with-spread-collar/p/465670220_aqua
ajio,441700980,Men,Shirts,INDIAN TERRAIN,INDIAN TERRAIN Brown Men Checked Slim Fit Shirt with Patch Pocket,989,2299,57,,,Brown,https://assets.ajio.com/medias/sys_master/root/20230529/3tgl/6474ca48d55b7d0c631d53c2/indian_terrain_brown_men_checked_slim_fit_shirt_with_patch_pocket.jpg,https://www.ajio.com/indian-terrain-men-checked-slim-fit-shirt-with-patch-pocket/p/441700980_chocolatebrown
ajio,441700975,Men,Shirts,INDIAN TERRAIN,INDIAN TERRAIN Navy Blue Men Checked Slim Fit Shirt,1118,2599,57,,,Navy Blue,https://assets.ajio.com/medias/sys_master/root/20230524/OvWh/646df992d55b7d0c63d50514/indian_terrain_navy_blue_men_checked_slim_fit_shirt.jpg,https://www.ajio.com/indian-terrain-men-checked-slim-fit-shirt/p/441700975_navyblue
ajio,466359377,Men,Shirts,YOVISH,YOVISH Grey Men Textured Slim Fit Shirt,960,2999,68,,,Grey,https://assets.ajio.com/medias/sys_master/root/20230716/M4wm/64b2f1f1a9b42d15c956a4c7/yovish_grey_men_textured_slim_fit_shirt.jpg,https://www.ajio.com/yovish-men-textured-slim-fit-shirt/p/466359377_grey
ajio,460601716,Men,Shirts,The Indian Garage Co,The Indian Garage Co Multicoloured Men Checked Slim Fit Shirt,630,1749,64,,,,https://assets.ajio.com/medias/sys_master/root/20230313/V9Xd/640f4a85f997dde6f4f4b68f/the_indian_garage_co_multicoloured_men_checked_slim_fit_shirt.jpg,https://www.ajio.com/the-indian-garage-co-men-checked-slim-fit-shirt/p/460601716_green
ajio,469170275,Men,Shirts,SPYKAR,SPYKAR Olive Green Men Slim Fit Shirt with Flap Pockets,989,2299,57,,,Green,https://assets.ajio.com/medias/sys_master/root/20230518/WZdt/64663ef8d55b7d0c63c3cba5/spykar_olive_green_men_slim_fit_shirt_with_flap_pockets.jpg,https://www.ajio.com/spykar-men-slim-fit-shirt-with-flap-pockets/p/469170275_olive
ajio,466355387,Men,Shirts,DESIGN UP,DESIGN UP White Men Slim Fit Shirt with Patch Pocket,689,2295,70,,,White,https://assets.ajio.com/medias/sys_master/root/20230714/BHEf/64b064c4a9b42d15c9530052/design_up_white_men_slim_fit_shirt_with_patch_pocket.jpg,https://www.ajio.com/design-up-men-slim-fit-shirt-with-patch-pocket/p/466355387_white
ajio,465527591,Men,Shirts,THOMAS SCOTT,THOMAS SCOTT Maroon Men Geometric Print Slim Fit Shirt,859,2496,66,,,Maroon,https://assets.ajio.com/medias/sys_master/root/20230624/wgs2/6496a4a9a9b42d15c9e49c65/thomas_scott_maroon_men_geometric_print_slim_fit_shirt.jpg,https://www.ajio.com/thomas-scott-men-geometric-print-slim-fit-shirt/p/465527591_maroon
ajio,466685278,Men,Shirts,SNITCH,SNITCH White Men Slim Fit Shirt with Band Collar,1199,2398,50,,,White,https://assets.ajio.com/medias/sys_master/root/20231009/6OoC/65242a4cafa4cf41f534f7d0/snitch_white_men_slim_fit_shirt_with_band_collar.jpg,https://www.ajio.com/snitch-men-slim-fit-shirt-with-band-collar/p/466685278_white
ajio,464475405,Men,Shirts,JAINISH,JAINISH Brown Men Solid Regular Fit Shirt,545,1299,58,,,Brown,https://assets.ajio.com/medias/sys_master/root/20230623/lNpf/6494e22642f9e729d781b5d5/jainish_brown_men_solid_regular_fit_shirt.jpg,https://www.ajio.com/jainish-men-solid-regular-fit-shirt/p/464475405_brown
ajio,460823001,Men,Shirts,Jack & Jones,Jack & Jones Black Men Slim Fit Shirt with Patch Pockets,900,2999,70,,,Black,https://assets.ajio.com/medias/sys_master/root/20210405/reLK/606c980eaeb269a9e384d2c9/jack_%26_jones_black_men_slim_fit_shirt_with_patch_pockets.jpg,https://www.ajio.com/jack--jones-men-slim-fit-shirt-with-patch-pockets/p/460823001_black
ajio,441666843,Men,Shirts,MUFTI,MUFTI Blue Men Slim Fit Shirt with Spread Collar,1200,2399,50,,,Blue,https://assets.ajio.com/medias/sys_master/root/20230626/W4fU/6499a34deebac147fc097175/mufti_blue_men_slim_fit_shirt_with_spread_collar.jpg,https://www.ajio.com/mufti-men-slim-fit-shirt-with-spread-collar/p/441666843_petrol
ajio,465760777,Men,Shirts,CRIMSOUNE CLUB,CRIMSOUNE CLUB White & blue Men Striped Slim Fit Shirt,900,1799,50,,,White,https://assets.ajio.com/medias/sys_master/root/20230629/cWTp/649d3d8fa9b42d15c92934b0/crimsoune_club_white_%26_blue_men_striped_slim_fit_shirt.jpg,https://www.ajio.com/crimsoune-club-men-striped-slim-fit-shirt/p/465760777_white
ajio,469444428,Men,Shirts,Ketch,Ketch Navy Blue Men Floral Print Slim Fit Shirt,533,2049,74,,,Navy Blue,https://assets.ajio.com/medias/sys_master/root/20230523/Ae1e/646c7a2642f9e729d7a46b44/ketch_navy_blue_men_floral_print_slim_fit_shirt.jpg,https://www.ajio.com/ketch-men-floral-print-slim-fit-shirt/p/469444428_navy
ajio,466283903,Men,Shirts,Rare Rabbit,Rare Rabbit White Men Slim Fit Shirt with Flap Pockets,2309,4199,45,,,White,https://assets.ajio.com/medias/sys_master/root/20230617/TwCI/648d357bd55b7d0c63716124/rare_rabbit_white_men_slim_fit_shirt_with_flap_pockets.jpg,https://www.ajio.com/rare-rabbit-men-slim-fit-shirt-with-flap-pockets/p/466283903_white
ajio,420461237,Men,Shirts,BREAKPOINT,BREAKPOINT Navy Blue Men Checked Slim Fit Shirt,420,1199,65,,,Navy Blue,https://assets.ajio.com/medias/sys_master/root/20230301/SDyG/63ff733daeb26924e39c5a7a/breakpoint_navy_blue_men_checked_slim_fit_shirt.jpg,https://www.ajio.com/breakpoint-men-checked-slim-fit-shirt/p/420461237_multicolor
ajio,441341215,Men,Shirts,U.S. Polo Assn.,U.S. Polo Assn. Blue Men Cotton Regular Fit Shirt with Patch Pocket,1429,2199,35,,,Blue,https://assets.ajio.com/medias/sys_master/root/20230901/SeNE/64f20142afa4cf41f59d8c2e/u.s._polo_assn._blue_men_cotton_regular_fit_shirt_with_patch_pocket.jpg,https://www.ajio.com/u-s-polo-assn-men-cotton-regular-fit-shirt-with-patch-pocket/p/441341215_blue
ajio,461119120,Men,Shirts,DENNISLINGO PREMIUM ATTIRE,DENNISLINGO PREMIUM ATTIRE Purple Men Slim Fit Shirt with Band Collar,610,1849,67,,,Purple,https://assets.ajio.com/medias/sys_master/root/20230906/LyYU/64f80bbfafa4cf41f5b3a312/dennislingo_premium_attire_purple_men_slim_fit_shirt_with_band_collar.jpg,https://www.ajio.com/dennislingo-premium-attire-men-slim-fit-shirt-with-band-collar/p/461119120_purple
ajio,466106090,Men,Shirts,PAUL STREET,PAUL STREET Green Men Aztec Print Slim Fit Shirt,698,1350,48,,,Green,https://assets.ajio.com/medias/sys_master/root/20230629/iz69/649d0054a9b42d15c921f3f4/paul_street_green_men_aztec_print_slim_fit_shirt.jpg,https://www.ajio.com/paul-street-men-aztec-print-slim-fit-shirt/p/466106090_green
ajio,466393724,Men,Shirts,Rare Rabbit,Rare Rabbit Blue Men Checked Slim Fit Shirt,2000,3999,50,,,Blue,https://assets.ajio.com/medias/sys_master/root/20230727/xoEU/64c29a48eebac147fc8f8437/rare_rabbit_blue_men_checked_slim_fit_shirt.jpg,https://www.ajio.com/rare-rabbit-men-checked-slim-fit-shirt/p/466393724_blue
ajio,469164090,Men,Shirts,Ketch,Ketch Blue Men Slim Fit Checked Shirt,320,999,68,,,Blue,https://assets.ajio.com/medias/sys_master/root/20220312/tTT3/622ba643f997dd03e20e8cbe/ketch_blue_men_slim_fit_checked_shirt.jpg,https://www.ajio.com/ketch-men-slim-fit-checked-shirt/p/469164090_multi
ajio,465761829,Men,Shirts,Temple Of Denim,Temple Of Denim Blue Men Washed Slim Fit Shirt with Flap Pockets,1480,3999,63,,,Blue,https://assets.ajio.com/medias/sys_master/root/20230322/2uNN/641a94ee711cf97ba7d7bb5e/temple_of_denim_blue_men_washed_slim_fit_shirt_with_flap_pockets.jpg,https://www.ajio.com/temple-of-denim-men-washed-slim-fit-shirt-with-flap-pockets/p/465761829_blue
ajio,469444907,Men,Shirts,British Club,British Club Pink Men Slim Fit Shirt with Patch Pocket,494,1299,62,,,Pink,https://assets.ajio.com/medias/sys_master/root/20230220/WC9t/63f39c9baeb26924e37d5123/british_club_pink_men_slim_fit_shirt_with_patch_pocket.jpg,https://www.ajio.com/british-club-men-slim-fit-shirt-with-patch-pocket/p/469444907_pink
ajio,469502985,Men,Shirts,Arrow Sports,Arrow Sports Grey & White Men Striped Slim Fit Shirt,1637,2599,37,,,White,https://assets.ajio.com/medias/sys_master/root/20230710/Rk2H/64ac266ea9b42d15c9491a3a/arrow_sports_grey_%26_white_men_striped_slim_fit_shirt.jpg,https://www.ajio.com/arrow-sports-men-striped-slim-fit-shirt/p/469502985_lightgrey
ajio,469170341,Men,Shirts,SPYKAR,SPYKAR White Men Checked Slim Fit Shirt,1561,2199,29,,,White,https://assets.ajio.com/medias/sys_master/root/20230516/n5cY/6463a37b42f9e729d78d09e0/spykar_white_men_checked_slim_fit_shirt.jpg,https://www.ajio.com/spykar-men-checked-slim-fit-shirt/p/469170341_white
ajio,442186586,Men,Shirts,Ketch,Ketch Maroon Men Paisley Print Slim Fit Shirt,546,2099,74,,,Maroon,https://assets.ajio.com/medias/sys_master/root/20230629/6Zyr/649d773ba9b42d15c92a23ba/ketch_maroon_men_paisley_print_slim_fit_shirt.jpg,https://www.ajio.com/ketch-men-paisley-print-slim-fit-shirt/p/442186586_maroon
ajio,441701122,Men,Shirts,INDIAN TERRAIN,INDIAN TERRAIN White & Blue Men Printed Slim Fit Shirt,1222,2599,53,,,White,https://assets.ajio.com/medias/sys_master/root/20230718/h5FW/64b6bc46a9b42d15c95dd3ca/indian_terrain_white_%26_blue_men_printed_slim_fit_shirt.jpg,https://www.ajio.com/indian-terrain-men-printed-slim-fit-shirt/p/441701122_ltwhite
ajio,465717659,Men,Shirts,Jack & Jones,Jack & Jones White Men Printed Slim Fit Shirt with Spread Collar,1440,3599,60,,,White,https://assets.ajio.com/medias/sys_master/root/20230629/iHbQ/649d0bf7a9b42d15c9234e65/jack_%26_jones_white_men_printed_slim_fit_shirt_with_spread_collar.jpg,https://www.ajio.com/jack--jones-men-printed-slim-fit-shirt-with-spread-collar/p/465717659_white
ajio,465762421,Men,Shirts,CRIMSOUNE CLUB,CRIMSOUNE CLUB Peach Men Striped Slim Fit Shirt,800,1599,50,,,Peach,https://assets.ajio.com/medias/sys_master/root/20230628/gUtE/649bd286eebac147fc210c1a/crimsoune_club_peach_men_striped_slim_fit_shirt.jpg,https://www.ajio.com/crimsoune-club-men-striped-slim-fit-shirt/p/465762421_peach
ajio,463056189,Men,Shirts,SOJANYA,SOJANYA Mustard Men Checked Regular Fit Shirt,630,1799,65,,,Mustard,https://assets.ajio.com/medias/sys_master/root/20230620/1aJd/6491e75dd55b7d0c637c75d3/sojanya_mustard_men_checked_regular_fit_shirt.jpg,https://www.ajio.com/sojanya-men-checked-regular-fit-shirt/p/463056189_yellow
ajio,441138289,Men,Shirts,JOHN PLAYERS,JOHN PLAYERS Multicoloured Men Checked Slim Fit Shirt with Patch Pocket,600,1999,70,,,,https://assets.ajio.com/medias/sys_master/root/20220729/Mf1W/62e2f1f8f997dd03e204a696/john_players_multicoloured_men_checked_slim_fit_shirt_with_patch_pocket.jpg,https://www.ajio.com/john-players-men-checked-slim-fit-shirt-with-patch-pocket/p/441138289_khaki
ajio,466459872,Men,Shirts,SNITCH,SNITCH Grey Men Paisley Print Slim Fit Shirt with Button-Down Collar,887,2398,63,,,Grey,https://assets.ajio.com/medias/sys_master/root/20230815/mLbR/64da84dceebac147fcc910fe/snitch_grey_men_paisley_print_slim_fit_shirt_with_button-down_collar.jpg,https://www.ajio.com/snitch-men-paisley-print-slim-fit-shirt-with-button-down-collar/p/466459872_grey
ajio,469464900,Men,Shirts,Arrow Sports,Arrow Sports Blue Men Checked Slim Fit Shirt,1000,2499,60,,,Blue,https://assets.ajio.com/medias/sys_master/root/20230425/sbJr/6447e5e8d55b7d0c637ea363/arrow_sports_blue_men_checked_slim_fit_shirt.jpg,https://www.ajio.com/arrow-sports-men-checked-slim-fit-shirt/p/469464900_mediumblue
ajio,469241606,Men,Shirts,LEVIS,LEVIS Multicoloured Men Checked Slim Fit Shirt with Patch Pocket,1260,2999,58,,,,https://assets.ajio.com/medias/sys_master/root/20220915/hlGK/63221fb2aeb269dbb38bdc21/levis_multicoloured_men_checked_slim_fit_shirt_with_patch_pocket.jpg,https://www.ajio.com/levis-men-checked-slim-fit-shirt-with-patch-pocket/p/469241606_multi
ajio,469034814,Men,Shirts,Ketch,Ketch Green Men Printed Slim Fit Shirt with Patch Pocket,462,1399,67,,,Green,https://assets.ajio.com/medias/sys_master/root/20211123/ZZ3Z/619d1112f997ddf8f11542fc/ketch_green_men_printed_slim_fit_shirt_with_patch_pocket.jpg,https://www.ajio.com/ketch-men-printed-slim-fit-shirt-with-patch-pocket/p/469034814_green
ajio,420446573,Men,Shirts,ACE MODE,ACE MODE Pink Men Slim Fit Shirt with Patch Pocket,400,999,60,,,Pink,https://assets.ajio.com/medias/sys_master/root/20230301/zEoq/63ff6e8df997dde6f4d4d4e0/ace_mode_pink_men_slim_fit_shirt_with_patch_pocket.jpg,https://www.ajio.com/ace-mode-men-slim-fit-shirt-with-patch-pocket/p/420446573_pink
ajio,441130931,Men,Shirts,JOHN PLAYERS JEANS,JOHN PLAYERS JEANS Navy Blue Men Slim Fit Cotton Shirt,1277,1799,29,,,Navy Blue,https://assets.ajio.com/medias/sys_master/root/20211231/gB9O/61ce0f5ef997dd662309c691/john_players_jeans_navy_blue_men_slim_fit_cotton_shirt.jpg,https://www.ajio.com/john-players-jeans-men-slim-fit-cotton-shirt/p/441130931_navy
ajio,469275865,Men,Shirts,Buda Jeans Co,Buda Jeans Co White & Red Men Checked Slim Fit Shirt with Patch Pocket,850,1699,50,,,White,https://assets.ajio.com/medias/sys_master/root/20230309/Xb2s/6409ef6caeb26924e3b4008c/buda_jeans_co_white_%26_red_men_checked_slim_fit_shirt_with_patch_pocket.jpg,https://www.ajio.com/buda-jeans-co-men-checked-slim-fit-shirt-with-patch-pocket/p/469275865_white
ajio,464530917,Men,Shirts,SNITCH,SNITCH Black Men Floral Print Slim Fit Shirt,799,799,0,,,Black,https://assets.ajio.com/medias/sys_master/root/20230623/0p5Q/6494daf242f9e729d78098eb/snitch_black_men_floral_print_slim_fit_shirt.jpg,https://www.ajio.com/snitch-men-floral-print-slim-fit-shirt/p/464530917_black
ajio,469412407,Men,Shirts,British Club,British Club Multicoloured Men Striped Slim Fit Cotton Shirt,574,2049,72,,,,https://assets.ajio.com/medias/sys_master/root/20221220/151Z/63a1cba3f997ddfdbde48618/british_club_multicoloured_men_striped_slim_fit_cotton_shirt.jpg,https://www.ajio.com/british-club-men-striped-slim-fit-cotton-shirt/p/469412407_blue
ajio,469442597,Men,Shirts,British Club,British Club White Men Slim Fit Shirt with Patch Pocket,448,1599,72,,,White,https://assets.ajio.com/medias/sys_master/root/20230210/sga7/63e66c7faeb26924e3688815/british_club_white_men_slim_fit_shirt_with_patch_pocket.jpg,https://www.ajio.com/british-club-men-slim-fit-shirt-with-patch-pocket/p/469442597_white
ajio,469288437,Men,Shirts,Ketch,Ketch Purple Men Paisley Print Slim Fit Cotton Shirt,448,1599,72,,,Purple,https://assets.ajio.com/medias/sys_master/root/20221026/g339/6358308af997ddfdbd3f1634/ketch_purple_men_paisley_print_slim_fit_cotton_shirt.jpg,https://www.ajio.com/ketch-men-paisley-print-slim-fit-cotton-shirt/p/469288437_lavender
ajio,420400632,Men,Shirts,NTWK,NTWK Blue Men Striped Slim Fit Shirt,360,899,60,,,Blue,https://assets.ajio.com/medias/sys_master/root/20230316/4fIQ/64133e79aeb26924e3c86145/ntwk_blue_men_striped_slim_fit_shirt.jpg,https://www.ajio.com/ntwk-men-striped-slim-fit-shirt/p/420400632_blue
ajio,420401140,Men,Shirts,ACE MODE,ACE MODE White Men Printed Slim Fit Shirt with Patch Pocket,400,999,60,,,White,https://assets.ajio.com/medias/sys_master/root/20230301/yHWQ/63ff7cb8f997dde6f4d5291b/ace_mode_white_men_printed_slim_fit_shirt_with_patch_pocket.jpg,https://www.ajio.com/ace-mode-men-printed-slim-fit-shirt-with-patch-pocket/p/420401140_white
ajio,466459908,Men,Shirts,SNITCH,SNITCH Grey Men Slim Fit Shirt with Button-Down Collar,899,1798,50,,,Grey,https://assets.ajio.com/medias/sys_master/root/20230815/cmfa/64daa95aeebac147fcc93dd7/snitch_grey_men_slim_fit_shirt_with_button-down_collar.jpg,https://www.ajio.com/snitch-men-slim-fit-shirt-with-button-down-collar/p/466459908_grey
ajio,469040218,Men,Shirts,Ketch,Ketch White & Blue Men Colourblock Slim Fit Shirt,507,1299,61,,,White,https://assets.ajio.com/medias/sys_master/root/20211123/Da9O/619d0654f997ddf8f115052c/ketch_white_%26_blue_men_colourblock_slim_fit_shirt.jpg,https://www.ajio.com/ketch-men-colourblock-slim-fit-shirt/p/469040218_whitered
ajio,464133850,Men,Shirts,YOVISH,YOVISH Navy Blue Men Checked Slim Fit Shirt with Flap Pockets,875,3499,75,,,Navy Blue,https://assets.ajio.com/medias/sys_master/root/20230629/6yPj/649d0b67a9b42d15c9233e05/yovish_navy_blue_men_checked_slim_fit_shirt_with_flap_pockets.jpg,https://www.ajio.com/yovish-men-checked-slim-fit-shirt-with-flap-pockets/p/464133850_navy
ajio,466130216,Men,Shirts,UrbanMark,UrbanMark White Men Slim Fit Spread-Collar Shirt,546,1399,61,,,White,https://assets.ajio.com/medias/sys_master/root/20230506/vpXc/64555d6642f9e729d76b027f/urbanmark_white_men_slim_fit_spread-collar_shirt.jpg,https://www.ajio.com/urbanmark-men-slim-fit-spread-collar-shirt/p/466130216_white
ajio,469382549,Men,Shirts,ARROW,ARROW Grey Men Manhattan Micro Print Slim Fit Shirt,1150,2299,50,,,Grey,https://assets.ajio.com/medias/sys_master/root/20221115/pMwA/6373c180f997ddfdbd76a632/arrow_grey_men_manhattan_micro_print_slim_fit_shirt.jpg,https://www.ajio.com/arrow-men-manhattan-micro-print-slim-fit-shirt/p/469382549_blue
ajio,420280580,Men,Shirts,ALTAIR,ALTAIR White Men Striped Slim Fit Shirt,799,799,0,,,White,https://assets.ajio.com/medias/sys_master/root/20230808/tVpo/64d253c7eebac147fcb4735b/altair_white_men_striped_slim_fit_shirt.jpg,https://www.ajio.com/altair-men-striped-slim-fit-shirt/p/420280580_white
ajio,465784772,Men,Shirts,THE BEAR HOUSE,THE BEAR HOUSE Green Men Striped Slim Fit Shirt with Patch Pocket,1123,2495,55,,,Green,https://assets.ajio.com/medias/sys_master/root/20230628/TeNl/649b7aeeeebac147fc15f312/the_bear_house_green_men_striped_slim_fit_shirt_with_patch_pocket.jpg,https://www.ajio.com/the-bear-house-men-striped-slim-fit-shirt-with-patch-pocket/p/465784772_green
ajio,420395604,Men,Shirts,ROXTAR,ROXTAR Red Men Checked Slim Fit Shirt,180,449,60,,,Red,https://assets.ajio.com/medias/sys_master/root/20230428/YDuI/644ac67d42f9e729d756e4a3/roxtar_red_men_checked_slim_fit_shirt.jpg,https://www.ajio.com/roxtar-men-checked-slim-fit-shirt/p/420395604_red
ajio,466697657,Men,Shirts,MAX,MAX Navy Boy Regular Fit Graphic Print T-Shirt,249,249,0,,,Navy,https://assets.ajio.com/medias/sys_master/root/20231011/SLNl/6526a6b8ddf779151934207e/max_navy_boy_regular_fit_graphic_print_t-shirt.jpg,https://www.ajio.com/max-boy-regular-fit-graphic-print-t-shirt/p/466697657_navy
ajio,469531040,Men,Shirts,ALLEN SOLLY,ALLEN SOLLY Black Men Slim Fit Shirt with Logo Embroidery,2174,2499,13,,,Black,https://assets.ajio.com/medias/sys_master/root/20230630/epzH/649eeb9ea9b42d15c92d7911/allen_solly_black_men_slim_fit_shirt_with_logo_embroidery.jpg,https://www.ajio.com/allen-solly-men-slim-fit-shirt-with-logo-embroidery/p/469531040_black
ajio,469553854,Men,Shirts,ALLEN SOLLY,ALLEN SOLLY Navy Blue Men Polka-Dot Slim Fit Shirt,1299,1999,35,,,Navy Blue,https://assets.ajio.com/medias/sys_master/root/20231013/eauk/65293e7eafa4cf41f540ede9/allen_solly_navy_blue_men_polka-dot_slim_fit_shirt.jpg,https://www.ajio.com/allen-solly-men-polka-dot-slim-fit-shirt/p/469553854_navy
ajio,469558347,Men,Shirts,Being Human,Being Human Black Men Slim Fit Crew-Neck T-Shirt,467,899,48,,,Black,https://assets.ajio.com/medias/sys_master/root/20231018/847d/652ff1a6ddf7791519471784/being_human_black_men_slim_fit_crew-neck_t-shirt.jpg,https://www.ajio.com/being-human-men-slim-fit-crew-neck-t-shirt/p/469558347_black
ajio,442319194,Men,Shirts,Teamspirit,Teamspirit Off-White Men Typographic Print Regular Fit Hooded T-Shirt,496,699,29,,,White,https://assets.ajio.com/medias/sys_master/root/20231011/Ttkx/65268a2cddf77915193346f0/teamspirit_off-white_men_typographic_print_regular_fit_hooded_t-shirt.jpg,https://www.ajio.com/teamspirit-men-typographic-print-regular-fit-hooded-t-shirt/p/442319194_offwhite
ajio,441215009,Men,Shirts,INDIAN TERRAIN,INDIAN TERRAIN Pink Men Checked Slim Fit Shirt with Patch Pocket,912,2399,62,,,Pink,https://assets.ajio.com/medias/sys_master/root/20220805/CGNd/62ed5335aeb26921afcba614/indian_terrain_pink_men_checked_slim_fit_shirt_with_patch_pocket.jpg,https://www.ajio.com/indian-terrain-men-checked-slim-fit-shirt-with-patch-pocket/p/441215009_redmelange
ajio,469220061,Men,Shirts,LOUIS PHILIPPE,LOUIS PHILIPPE Maroon Men Checked Slim Fit Shirt with Patch Pocket,2662,3549,25,,,Maroon,https://assets.ajio.com/medias/sys_master/root/20220531/iDJ8/629636ddaeb26921affd73a9/louis_philippe_maroon_men_checked_slim_fit_shirt_with_patch_pocket.jpg,https://www.ajio.com/louis-philippe-men-checked-slim-fit-shirt-with-patch-pocket/p/469220061_maroon
ajio,441666829,Men,Shirts,MUFTI,MUFTI Beige Men Slim Fit Cotton Shirt,1364,3099,56,,,Beige,https://assets.ajio.com/medias/sys_master/root/20230626/zN8v/6499aa66a9b42d15c9f3b401/mufti_beige_men_slim_fit_cotton_shirt.jpg,https://www.ajio.com/mufti-men-slim-fit-cotton-shirt/p/441666829_beige
ajio,441311016,Men,Shirts,INDIAN TERRAIN,INDIAN TERRAIN Red Men Checked Slim Fit Shirt with Patch Pocket,836,2199,62,,,Red,https://assets.ajio.com/medias/sys_master/root/20230529/8Zkj/6474c6e442f9e729d7f26769/indian_terrain_red_men_checked_slim_fit_shirt_with_patch_pocket.jpg,https://www.ajio.com/indian-terrain-men-checked-slim-fit-shirt-with-patch-pocket/p/441311016_red
ajio,469279709,Men,Shirts,U.S. Polo Assn.,U.S. Polo Assn. Off-White Men Slim Fit Cotton Shirt with Patch Pocket,1187,2199,46,,,White,https://assets.ajio.com/medias/sys_master/root/20230317/hZXS/641441bef997dde6f405828b/u.s._polo_assn._off-white_men_slim_fit_cotton_shirt_with_patch_pocket.jpg,https://www.ajio.com/u-s-polo-assn-men-slim-fit-cotton-shirt-with-patch-pocket/p/469279709_offwhite
ajio,465936815,Men,Shirts,THE BEAR HOUSE,THE BEAR HOUSE Green Men Checked Slim Fit Shirt with Patch Pocket,1497,2495,40,,,Green,https://assets.ajio.com/medias/sys_master/root/20230628/PZrq/649bda36eebac147fc21f5f4/the_bear_house_green_men_checked_slim_fit_shirt_with_patch_pocket.jpg,https://www.ajio.com/the-bear-house-men-checked-slim-fit-shirt-with-patch-pocket/p/465936815_green
ajio,466508296,Men,Shirts,SNITCH,SNITCH Blue Men Checks Slim Fit Shirt,1199,2398,50,,,Blue,https://assets.ajio.com/medias/sys_master/root/20230828/VJWI/64eccee6ddf7791519845e50/snitch_blue_men_checks_slim_fit_shirt.jpg,https://www.ajio.com/snitch-men-checks-slim-fit-shirt/p/466508296_blue
ajio,420358854,Men,Shirts,ROXTAR,ROXTAR Red Men Checked Slim Fit Shirt,180,449,60,,,Red,https://assets.ajio.com/medias/sys_master/root/20230427/Ve2y/644aa14ed55b7d0c63853222/roxtar_red_men_checked_slim_fit_shirt.jpg,https://www.ajio.com/roxtar-men-checked-slim-fit-shirt/p/420358854_red
ajio,466448241,Men,Shirts,JOVEN,JOVEN Maroon Men Printed Slim Fit Shirt with Patch Pocket,640,1999,68,,,Maroon,https://assets.ajio.com/medias/sys_master/root/20230812/IKv5/64d693c4eebac147fcc25834/joven_maroon_men_printed_slim_fit_shirt_with_patch_pocket.jpg,https://www.ajio.com/joven-men-printed-slim-fit-shirt-with-patch-pocket/p/466448241_maroon
ajio,469473421,Men,Shirts,Arrow Sports,Arrow Sports Black Men Checked Slim Fit Shirt with Patch Pocket,1250,2499,50,,,Black,https://assets.ajio.com/medias/sys_master/root/20230426/fACn/644903d8d55b7d0c6380202a/arrow_sports_black_men_checked_slim_fit_shirt_with_patch_pocket.jpg,https://www.ajio.com/arrow-sports-men-checked-slim-fit-shirt-with-patch-pocket/p/469473421_black
ajio,466719797,Men,Shirts,Badmaash,Badmaash Pink Men Self-Design Slim Fit Shirt,944,2098,55,,,Pink,https://assets.ajio.com/medias/sys_master/root/20231018/9eZL/652f0a1dddf779151944fdae/badmaash_pink_men_self-design_slim_fit_shirt.jpg,https://www.ajio.com/badmaash-men-self-design-slim-fit-shirt/p/466719797_pink
ajio,469502998,Men,Shirts,Arrow Sports,Arrow Sports Blue Men Slim Fit Shirt with Patch Pocket,1343,2399,44,,,Blue,https://assets.ajio.com/medias/sys_master/root/20230706/y2PA/64a6ee21a9b42d15c942ae8e/arrow_sports_blue_men_slim_fit_shirt_with_patch_pocket.jpg,https://www.ajio.com/arrow-sports-men-slim-fit-shirt-with-patch-pocket/p/469502998_darkblue
ajio,469444399,Men,Shirts,Ketch,Ketch Black Men Checked Slim Fit Shirt,487,1949,75,,,Black,https://assets.ajio.com/medias/sys_master/root/20230523/SV7X/646c7ced42f9e729d7a47b15/ketch_black_men_checked_slim_fit_shirt.jpg,https://www.ajio.com/ketch-men-checked-slim-fit-shirt/p/469444399_black
ajio,441218218,Men,Shirts,INDIAN TERRAIN,INDIAN TERRAIN Navy Blue Men Checked Slim Fit Shirt with Patch Pocket,988,2599,62,,,Navy Blue,https://assets.ajio.com/medias/sys_master/root/20220804/Nnep/62ebeba4f997dd03e222c2a8/indian_terrain_navy_blue_men_checked_slim_fit_shirt_with_patch_pocket.jpg,https://www.ajio.com/indian-terrain-men-checked-slim-fit-shirt-with-patch-pocket/p/441218218_navyblue
ajio,469241616,Men,Shirts,LEVIS,LEVIS Red Men Micro Print Slim Fit Shirt,1260,2999,58,,,Red,https://assets.ajio.com/medias/sys_master/root/20220915/QfJI/632221b2aeb269dbb38be396/levis_red_men_micro_print_slim_fit_shirt.jpg,https://www.ajio.com/levis-men-micro-print-slim-fit-shirt/p/469241616_red
ajio,466011650,Men,Shirts,PAUL STREET,PAUL STREET Black Men Geometric Print Slim Fit Shirt,870,2175,60,,,Black,https://assets.ajio.com/medias/sys_master/root/20230404/OSRc/642b1e33711cf97ba706d0a5/paul_street_black_men_geometric_print_slim_fit_shirt.jpg,https://www.ajio.com/paul-street-men-geometric-print-slim-fit-shirt/p/466011650_black
ajio,465869347,Men,Shirts,GRANDSTITCH,GRANDSTITCH Grey Men Ombre-Dyed Slim Fit Shirt,496,1999,75,,,Grey,https://assets.ajio.com/medias/sys_master/root/20230601/E3y5/6477b5f7d55b7d0c632daa65/grandstitch_grey_men_ombre-dyed_slim_fit_shirt.jpg,https://www.ajio.com/grandstitch-men-ombre-dyed-slim-fit-shirt/p/465869347_grey
ajio,466682777,Men,Shirts,Recast,Recast White Men Oversized Fit Crew-Neck T-Shirt,420,1199,65,,,White,https://assets.ajio.com/medias/sys_master/root/20231007/4Xrg/65206b47ddf7791519286a37/recast_white_men_oversized_fit_crew-neck_t-shirt.jpg,https://www.ajio.com/recast-men-oversized-fit-crew-neck-t-shirt/p/466682777_white
ajio,466102060,Men,Shirts,Chennis,Chennis Green Men Checked Slim Fit Shirt,779,1299,40,,,Green,https://assets.ajio.com/medias/sys_master/root/20230429/mlpb/644d4defd55b7d0c638a2cb5/chennis_green_men_checked_slim_fit_shirt.jpg,https://www.ajio.com/chennis-men-checked-slim-fit-shirt/p/466102060_green
ajio,466205448,Men,Shirts,Rare Rabbit,Rare Rabbit Blue Men Printed Slim Fit Cotton Shirt,1924,3499,45,,,Blue,https://assets.ajio.com/medias/sys_master/root/20230529/WUF0/6474aa25d55b7d0c631b478a/rare_rabbit_blue_men_printed_slim_fit_cotton_shirt.jpg,https://www.ajio.com/rare-rabbit-men-printed-slim-fit-cotton-shirt/p/466205448_blue
ajio,469531365,Men,Shirts,ALLEN SOLLY,ALLEN SOLLY Olive Men Checked Slim Fit Shirt with Patch Pocket,1624,2499,35,,,Olive,https://assets.ajio.com/medias/sys_master/root/20230630/wFev/649ef594a9b42d15c92da9be/allen_solly_olive_men_checked_slim_fit_shirt_with_patch_pocket.jpg,https://www.ajio.com/allen-solly-men-checked-slim-fit-shirt-with-patch-pocket/p/469531365_olive
ajio,469242825,Men,Shirts,Ketch,Ketch Pink Men Printed Slim Fit Shirt with Patch Pocket,416,1299,68,,,Pink,https://assets.ajio.com/medias/sys_master/root/20220906/sMIk/63176710aeb269dbb374aced/ketch_pink_men_printed_slim_fit_shirt_with_patch_pocket.jpg,https://www.ajio.com/ketch-men-printed-slim-fit-shirt-with-patch-pocket/p/469242825_rust
ajio,441701077,Men,Shirts,INDIAN TERRAIN,INDIAN TERRAIN Blue Men Striped Cotton Slim Fit Shirt,1128,2399,53,,,Blue,https://assets.ajio.com/medias/sys_master/root/20230529/vlJL/6474d7db42f9e729d7f3b5f7/indian_terrain_blue_men_striped_cotton_slim_fit_shirt.jpg,https://www.ajio.com/indian-terrain-men-striped-cotton-slim-fit-shirt/p/441701077_rose
ajio,469212930,Men,Shirts,VAN HEUSEN,VAN HEUSEN Blue Men Striped Slim Fit Shirt,1470,2999,51,,,Blue,https://assets.ajio.com/medias/sys_master/root/20220609/yvOw/62a2073baeb26921af19e45f/van_heusen_blue_men_striped_slim_fit_shirt.jpg,https://www.ajio.com/van-heusen-men-striped-slim-fit-shirt/p/469212930_blue
ajio,465160352,Men,Shirts,RIAG,RIAG Blue Men Slim Fit Shirt with Patch Pocket,499,1499,67,,,Blue,https://assets.ajio.com/medias/sys_master/root/20230624/iiLj/64960f18eebac147fce556cb/riag_blue_men_slim_fit_shirt_with_patch_pocket.jpg,https://www.ajio.com/riag-men-slim-fit-shirt-with-patch-pocket/p/465160352_blue
ajio,441641072,Men,Shirts,PARX,PARX Red Men Slim Fit Cutaway Collar Shirt,760,1899,60,,,Red,https://assets.ajio.com/medias/sys_master/root/20230419/j0Kz/64400194907deb497af2e198/parx_red_men_slim_fit_cutaway_collar_shirt.jpg,https://www.ajio.com/parx-men-slim-fit-cutaway-collar-shirt/p/441641072_red
ajio,441700986,Men,Shirts,INDIAN TERRAIN,INDIAN TERRAIN Pink Men Checked Slim Fit Shirt,1075,2499,57,,,Pink,https://assets.ajio.com/medias/sys_master/root/20230717/zKTf/64b5643da9b42d15c95ac2d6/indian_terrain_pink_men_checked_slim_fit_shirt.jpg,https://www.ajio.com/indian-terrain-men-checked-slim-fit-shirt/p/441700986_rose
ajio,466219943,Men,Shirts,SHOWOFF,SHOWOFF Black Men Checked Slim Fit Shirt with Patch Pocket,952,2380,60,,,Black,https://assets.ajio.com/medias/sys_master/root/20230531/59d6/647775b4d55b7d0c632c3f0c/showoff_black_men_checked_slim_fit_shirt_with_patch_pocket.jpg,https://www.ajio.com/showoff-men-checked-slim-fit-shirt-with-patch-pocket/p/466219943_black
ajio,466117198,Men,Shirts,CODE by lifestyle,CODE by lifestyle Green Men Slim Fit Shirt with Spread Collar,850,1699,50,,,Green,https://assets.ajio.com/medias/sys_master/root/20230502/wInW/64510b58d55b7d0c638fc5a6/code_by_lifestyle_green_men_slim_fit_shirt_with_spread_collar.jpg,https://www.ajio.com/code-by-lifestyle-men-slim-fit-shirt-with-spread-collar/p/466117198_green
ajio,441966099,Men,Shirts,Ketch,Ketch Olive Men Slim Fit Shirt with Patch Pocket,510,1699,70,,,Olive,https://assets.ajio.com/medias/sys_master/root/20230513/EGH9/645fb33642f9e729d77f628a/ketch_olive_men_slim_fit_shirt_with_patch_pocket.jpg,https://www.ajio.com/ketch-men-slim-fit-shirt-with-patch-pocket/p/441966099_green
ajio,441685692,Men,Shirts,RAYMOND,RAYMOND Red Men Regular Fit Cutaway Collar Shirt,1319,2199,40,,,Red,https://assets.ajio.com/medias/sys_master/root/20230419/yYIn/64401f22711cf97ba736f0c0/raymond_red_men_regular_fit_cutaway_collar_shirt.jpg,https://www.ajio.com/raymond-men-regular-fit-cutaway-collar-shirt/p/441685692_red
ajio,469034800,Men,Shirts,Ketch,Ketch Rust Men Slim Fit Shirt with Patch Pocket,507,1299,61,,,Rust,https://assets.ajio.com/medias/sys_master/root/20211123/5svR/619d14c8f997ddf8f1155690/ketch_rust_men_slim_fit_shirt_with_patch_pocket.jpg,https://www.ajio.com/ketch-men-slim-fit-shirt-with-patch-pocket/p/469034800_rust
ajio,441298271,Men,Shirts,ECKO UNLTD,ECKO UNLTD Blue Men Checked Slim Fit Shirt with Flap Pockets,480,1599,70,,,Blue,https://assets.ajio.com/medias/sys_master/root/20220715/Ah77/62d1ab2daeb26921af7df2c4/ecko_unltd_blue_men_checked_slim_fit_shirt_with_flap_pockets.jpg,https://www.ajio.com/ecko-unltd-men-checked-slim-fit-shirt-with-flap-pockets/p/441298271_blue
ajio,469441990,Men,Shirts,SPYKAR Ink,SPYKAR Ink Blue Men Slim Fit Shirt with Patch Pocket,945,2099,55,,,Blue,https://assets.ajio.com/medias/sys_master/root/20230414/gBLb/64396cee711cf97ba72781ba/spykar_ink_blue_men_slim_fit_shirt_with_patch_pocket.jpg,https://www.ajio.com/spykar-men-slim-fit-shirt-with-patch-pocket/p/469441990_ink
ajio,420434538,Men,Shirts,BREAKPOINT,BREAKPOINT Blue Men Spread Collar Slim Fit Shirt,550,1099,50,,,Blue,https://assets.ajio.com/medias/sys_master/root/20230313/TU3T/640f5898f997dde6f4f50aee/breakpoint_blue_men_spread_collar_slim_fit_shirt.jpg,https://www.ajio.com/breakpoint-men-spread-collar-slim-fit-shirt/p/420434538_blue
ajio,469163318,Men,Shirts,Ketch,Ketch Navy Blue Men Checked Slim Fit Shirt with Patch Pocket,320,999,68,,,Navy Blue,https://assets.ajio.com/medias/sys_master/root/20220319/la5S/6234dc9ff997dd03e21dd110/ketch_navy_blue_men_checked_slim_fit_shirt_with_patch_pocket.jpg,https://www.ajio.com/ketch-men-checked-slim-fit-shirt-with-patch-pocket/p/469163318_navyblue
ajio,469473511,Men,Shirts,Arrow Sports Dark,Arrow Sports Dark Blue Men Self-Design Slim Fit Shirt,1200,2499,52,,,Dark Blue,https://assets.ajio.com/medias/sys_master/root/20230426/grqf/6449009042f9e729d75108e9/arrow_sports_dark_blue_men_self-design_slim_fit_shirt.jpg,https://www.ajio.com/arrow-sports-men-self-design-slim-fit-shirt/p/469473511_darkblue
ajio,466761073,Men,Shirts,LEWEL,LEWEL Black Men Typographic Print Regular Fit T-Shirt,400,1999,80,,,Black,https://assets.ajio.com/medias/sys_master/root/20231031/IWf8/6540d738ddf779151964aabf/lewel_black_men_typographic_print_regular_fit_t-shirt.jpg,https://www.ajio.com/lewel-men-typographic-print-regular-fit-t-shirt/p/466761073_black
ajio,441602719,Men,Shirts,MUFTI,MUFTI Navy Blue Men Slim Fit Cotton Shirt with Patch Pocket,880,2199,60,,,Navy Blue,https://assets.ajio.com/medias/sys_master/root/20220809/ozE1/62f28b28f997dd03e2350378/mufti_navy_blue_men_slim_fit_cotton_shirt_with_patch_pocket.jpg,https://www.ajio.com/mufti-men-slim-fit-cotton-shirt-with-patch-pocket/p/441602719_navy
ajio,464602553,Men,Shirts,Jack & Jones Safari,Jack & Jones Safari Men Typographic Print Slim Fit Shirt,1120,2799,60,,,,https://assets.ajio.com/medias/sys_master/root/20230623/XTHP/6494d937d55b7d0c63a827ff/jack_%26_jones_safari_men_typographic_print_slim_fit_shirt.jpg,https://www.ajio.com/jack--jones-men-typographic-print-slim-fit-shirt/p/464602553_beige
ajio,466146230,Men,Shirts,PARX,PARX Green Men Cutaway Collar Slim Fit Shirt,720,1799,60,,,Green,https://assets.ajio.com/medias/sys_master/root/20230511/9nhi/645cfe07d55b7d0c63a7bc9f/parx_green_men_cutaway_collar_slim_fit_shirt.jpg,https://www.ajio.com/parx-men-cutaway-collar-slim-fit-shirt/p/466146230_green
ajio,465588266,Men,Shirts,Lindbergh,Lindbergh Navy Blue Men Full-Sleeve Slim Fit Shirt,1650,3299,50,,,Navy Blue,https://assets.ajio.com/medias/sys_master/root/20230624/O4PV/6496b598a9b42d15c9e69dcb/lindbergh_navy_blue_men_full-sleeve_slim_fit_shirt.jpg,https://www.ajio.com/lindbergh-men-full-sleeve-slim-fit-shirt/p/465588266_navy
ajio,469509894,Men,Shirts,Being Human,Being Human Green Men Slim Fit Polo T-Shirt,1143,2199,48,,,Green,https://assets.ajio.com/medias/sys_master/root/20231030/YGEF/653fd0ccafa4cf41f569077d/being_human_green_men_slim_fit_polo_t-shirt.jpg,https://www.ajio.com/being-human-men-slim-fit-polo-t-shirt/p/469509894_green
ajio,469473514,Men,Shirts,Arrow Sports,Arrow Sports Navy Blue Men Cotton Slim Fit Shirt,1250,2499,50,,,Navy Blue,https://assets.ajio.com/medias/sys_master/root/20230426/IVkq/6449035a42f9e729d75117fd/arrow_sports_navy_blue_men_cotton_slim_fit_shirt.jpg,https://www.ajio.com/arrow-sports-men-cotton-slim-fit-shirt/p/469473514_grey
ajio,441924443,Men,Shirts,LEVIS,LEVIS White & Blue Men Geometric Print Slim Fit Shirt,1826,2899,37,,,White,https://assets.ajio.com/medias/sys_master/root/20230710/zHGb/64ac16feeebac147fc60b013/levis_white_%26_blue_men_geometric_print_slim_fit_shirt.jpg,https://www.ajio.com/levis-men-geometric-print-slim-fit-shirt/p/441924443_white
ajio,465633612,Men,Shirts,MAX,MAX Blue Men Washed Slim Fit Shirt with Patch Pockets,1049,1049,0,,,Blue,https://assets.ajio.com/medias/sys_master/root/20230628/duS1/649b5f59eebac147fc11d56e/max_blue_men_washed_slim_fit_shirt_with_patch_pockets.jpg,https://www.ajio.com/max-men-washed-slim-fit-shirt-with-patch-pockets/p/465633612_blue
ajio,420404785,Men,Shirts,ROXTAR,ROXTAR Brown & Blue Men Checked Slim Fit Shirt,180,449,60,,,Brown,https://assets.ajio.com/medias/sys_master/root/20230427/BKLC/644a8ba342f9e729d7550db4/roxtar_brown_%26_blue_men_checked_slim_fit_shirt.jpg,https://www.ajio.com/roxtar-men-checked-slim-fit-shirt/p/420404785_coffee
ajio,462410585,Men,Shirts,STUDIO NEXX,STUDIO NEXX White Men Slim Fit Shirt with Full Sleeves,579,1699,66,,,White,https://assets.ajio.com/medias/sys_master/root/20230602/9tjS/647983c042f9e729d7167b49/studio_nexx_white_men_slim_fit_shirt_with_full_sleeves.jpg,https://www.ajio.com/studio-nexx-men-slim-fit-shirt-with-full-sleeves/p/462410585_white
ajio,469238936,Men,Shirts,LOUIS PHILIPPE,LOUIS PHILIPPE Pink Men Striped Slim Fit Shirt,1987,2649,25,,,Pink,https://assets.ajio.com/medias/sys_master/root/20220704/c97k/62c2a2c4f997dd03e2b6a7a0/louis_philippe_pink_men_striped_slim_fit_shirt.jpg,https://www.ajio.com/louis-philippe-men-striped-slim-fit-shirt/p/469238936_pink
ajio,466317334,Men,Shirts,SNITCH,SNITCH Blue Men Pure Cotton Slim Fit Shirt,831,2598,68,,,Blue,https://assets.ajio.com/medias/sys_master/root/20230628/IPy8/649c298beebac147fc2bb10a/snitch_blue_men_pure_cotton_slim_fit_shirt.jpg,https://www.ajio.com/snitch-men-pure-cotton-slim-fit-shirt/p/466317334_blue
ajio,441214993,Men,Shirts,INDIAN TERRAIN,INDIAN TERRAIN Brown Men Checked Slim Fit Shirt with Patch Pocket,798,2099,62,,,Brown,https://assets.ajio.com/medias/sys_master/root/20220326/GxHu/623e21a1f997dd03e2340e0b/indian_terrain_brown_men_checked_slim_fit_shirt_with_patch_pocket.jpg,https://www.ajio.com/indian-terrain-men-checked-slim-fit-shirt-with-patch-pocket/p/441214993_dkbrown
ajio,465330791,Men,Shirts,THE BEAR HOUSE,THE BEAR HOUSE Black Men Checked Slim Fit Shirt with Patch Pocket,1497,2495,40,,,Black,https://assets.ajio.com/medias/sys_master/root/20230624/bs6o/6496bc07a9b42d15c9e7614e/the_bear_house_black_men_checked_slim_fit_shirt_with_patch_pocket.jpg,https://www.ajio.com/the-bear-house-men-checked-slim-fit-shirt-with-patch-pocket/p/465330791_black
ajio,466682239,Men,Shirts,VREDEVOGEL,VREDEVOGEL Multicoloured Men Regular Fit Geometric Print Shirt,440,1999,78,,,,https://assets.ajio.com/medias/sys_master/root/20231007/m5uy/6520dc40afa4cf41f530ef06/vredevogel_multicoloured_men_regular_fit_geometric_print_shirt.jpg,https://www.ajio.com/vredevogel-men-regular-fit-geometric-print-shirt/p/466682239_multi
ajio,460815162,Men,Shirts,The Indian Garage Co,The Indian Garage Co Black Men Leaf Print Slim Fit Shirt,472,1749,73,,,Black,https://assets.ajio.com/medias/sys_master/root/20201225/NKhm/5fe60a99aeb2694fd3fff6d9/the_indian_garage_co_black_men_leaf_print_slim_fit_shirt.jpg,https://www.ajio.com/the-indian-garage-co-men-leaf-print-slim-fit-shirt/p/460815162_black
ajio,466690742,Men,Shirts,SHOWOFF,SHOWOFF Peach Men Striped Slim Fit Shirt,724,1810,60,,,Peach,https://assets.ajio.com/medias/sys_master/root/20231010/lZha/65248001ddf77915192e8057/showoff_peach_men_striped_slim_fit_shirt.jpg,https://www.ajio.com/showoff-men-striped-slim-fit-shirt/p/466690742_peach
ajio,466359559,Men,Shirts,URBANO FASHION,URBANO FASHION Brown & Navy Men Checked Slim Fit Shirt with Patch Pocket,630,1399,55,,,Brown,https://assets.ajio.com/medias/sys_master/root/20230714/P59Z/64b1783ca9b42d15c9555b0e/urbano_fashion_brown_%26_navy_men_checked_slim_fit_shirt_with_patch_pocket.jpg,https://www.ajio.com/urbano-fashion-men-checked-slim-fit-shirt-with-patch-pocket/p/466359559_brown
ajio,469241738,Men,Shirts,LEVIS,LEVIS Red Men Slim Fit Shirt with Spread Collar,1889,2999,37,,,Red,https://assets.ajio.com/medias/sys_master/root/20230710/C0bx/64ac1fe0eebac147fc60ec7e/levis_red_men_slim_fit_shirt_with_spread_collar.jpg,https://www.ajio.com/levis-men-slim-fit-shirt-with-spread-collar/p/469241738_red
ajio,469060822,Men,Shirts,Ketch,Ketch White & Black Men Printed Slim Fit Shirt,414,1149,64,,,Black,https://assets.ajio.com/medias/sys_master/root/20220119/wiVi/61e82e20aeb2695cdd1d5f0c/ketch_white_%26_black_men_printed_slim_fit_shirt.jpg,https://www.ajio.com/ketch-men-printed-slim-fit-shirt/p/469060822_whiteblack
ajio,469553324,Men,Shirts,ALLEN SOLLY,ALLEN SOLLY White Men Micro Print Slim Fit Shirt,1657,2549,35,,,White,https://assets.ajio.com/medias/sys_master/root/20231012/CR8a/6527d958ddf77915193670fd/allen_solly_white_men_micro_print_slim_fit_shirt.jpg,https://www.ajio.com/allen-solly-men-micro-print-slim-fit-shirt/p/469553324_white
ajio,469410807,Men,Shirts,VAN HEUSEN,VAN HEUSEN Pink Men Checked Slim Fit Shirt,1470,2999,51,,,Pink,https://assets.ajio.com/medias/sys_master/root/20221208/3xWK/63919658f997ddfdbdc77ed9/van_heusen_pink_men_checked_slim_fit_shirt.jpg,https://www.ajio.com/van-heusen-men-checked-slim-fit-shirt/p/469410807_pink
ajio,466707308,Men,Shirts,Jack & Jones,Jack & Jones Beige Men Regular Fit Crew-Neck T-Shirt,1999,1999,0,,,Beige,https://assets.ajio.com/medias/sys_master/root/20231015/GKql/652c1470ddf77915193d1c4d/jack_%26_jones_beige_men_regular_fit_crew-neck_t-shirt.jpg,https://www.ajio.com/jack--jones-men-regular-fit-crew-neck-t-shirt/p/466707308_beige
ajio,441692945,Men,Shirts,INDIAN TERRAIN,INDIAN TERRAIN Grey & Black Men Checked Slim Fit Cotton Shirt,988,2599,62,,,Black,https://assets.ajio.com/medias/sys_master/root/20221118/g7Gb/63779d24f997ddfdbd8428ab/indian_terrain_grey_%26_black_men_checked_slim_fit_cotton_shirt.jpg,https://www.ajio.com/indian-terrain-men-checked-slim-fit-cotton-shirt/p/441692945_grey
ajio,466474197,Men,Shirts,LEOPOLE,LEOPOLE White Men Slim Fit Shirt with Patch Pocket,1866,3199,42,,,White,https://assets.ajio.com/medias/sys_master/root/20230819/gcyo/64dfc52fafa4cf41f55fd105/leopole_white_men_slim_fit_shirt_with_patch_pocket.jpg,https://www.ajio.com/leopole-men-slim-fit-shirt-with-patch-pocket/p/466474197_white
ajio,441592279,Men,Shirts,PARX,PARX Green Men Cutaway Collar Slim Fit Shirt,680,1699,60,,,Green,https://assets.ajio.com/medias/sys_master/root/20230321/5eVj/6419a023aeb26924e3e63007/parx_green_men_cutaway_collar_slim_fit_shirt.jpg,https://www.ajio.com/parx-men-cutaway-collar-slim-fit-shirt/p/441592279_ltgreen
ajio,466080346,Men,Shirts,DEZANO,DEZANO White Men Band Collar Slim Fit Shirt,623,1199,48,,,White,https://assets.ajio.com/medias/sys_master/root/20230420/k6w1/64413623907deb497af62560/dezano_white_men_band_collar_slim_fit_shirt.jpg,https://www.ajio.com/dezano-men-band-collar-slim-fit-shirt/p/466080346_white
ajio,466040216,Men,Shirts,MONTE CARLO Sky,MONTE CARLO Sky Blue Men Striped Regular Fit Shirt,1039,1999,48,,,Sky Blue,https://assets.ajio.com/medias/sys_master/root/20230629/92X7/649cde20a9b42d15c91dc629/monte_carlo_sky_blue_men_striped_regular_fit_shirt.jpg,https://www.ajio.com/monte-carlo-men-striped-regular-fit-shirt/p/466040216_blue
ajio,469170305,Men,Shirts,SPYKAR,SPYKAR Navy Blue Men Micro Print Slim Fit Shirt with Patch Pocket,1008,2099,52,,,Navy Blue,https://assets.ajio.com/medias/sys_master/root/20230518/yh57/6466584ed55b7d0c63c46290/spykar_navy_blue_men_micro_print_slim_fit_shirt_with_patch_pocket.jpg,https://www.ajio.com/spykar-men-micro-print-slim-fit-shirt-with-patch-pocket/p/469170305_navyblue
ajio,420395615,Men,Shirts,ROXTAR,ROXTAR Black & Red Men Checked Slim Fit Shirt,180,449,60,,,Black,https://assets.ajio.com/medias/sys_master/root/20230427/CkSe/644a8a5242f9e729d75505cf/roxtar_black_%26_red_men_checked_slim_fit_shirt.jpg,https://www.ajio.com/roxtar-men-checked-slim-fit-shirt/p/420395615_black
ajio,466121309,Men,Shirts,CRIMSOUNE CLUB,CRIMSOUNE CLUB Yellow Men Colourblock Slim Fit Shirt,1000,1999,50,,,Yellow,https://assets.ajio.com/medias/sys_master/root/20230503/OzLu/6452563cd55b7d0c6392ec5b/crimsoune_club_yellow_men_colourblock_slim_fit_shirt.jpg,https://www.ajio.com/crimsoune-club-men-colourblock-slim-fit-shirt/p/466121309_yellow
ajio,466274458,Men,Shirts,PARK AVENUE,PARK AVENUE White Men Checked Slim Fit Shirt with Patch Pocket,990,2199,55,,,White,https://assets.ajio.com/medias/sys_master/root/20230614/fTcU/6489c35442f9e729d741c5f1/park_avenue_white_men_checked_slim_fit_shirt_with_patch_pocket.jpg,https://www.ajio.com/park-avenue-men-checked-slim-fit-shirt-with-patch-pocket/p/466274458_white
ajio,466438963,Men,Shirts,SNITCH,SNITCH Grey Men Checked Slim Fit Shirt with Patch Pocket,999,1998,50,,,Grey,https://assets.ajio.com/medias/sys_master/root/20230809/yiQa/64d3c013a9b42d15c99f1224/snitch_grey_men_checked_slim_fit_shirt_with_patch_pocket.jpg,https://www.ajio.com/snitch-men-checked-slim-fit-shirt-with-patch-pocket/p/466438963_grey
ajio,469040204,Men,Shirts,Ketch,Ketch Grey Men Striped Slim Fit Shirt with Patch Pocket,449,1449,69,,,Grey,https://assets.ajio.com/medias/sys_master/root/20211123/yn2w/619d14ceaeb2690110d34b10/ketch_grey_men_striped_slim_fit_shirt_with_patch_pocket.jpg,https://www.ajio.com/ketch-men-striped-slim-fit-shirt-with-patch-pocket/p/469040204_greywhite
ajio,441415923,Men,Shirts,PARX,PARX Blue Men Slim Fit Cutaway Collar Shirt,640,1599,60,,,Blue,https://assets.ajio.com/medias/sys_master/root/20230420/TFAD/6440cb25907deb497af4a93e/parx_blue_men_slim_fit_cutaway_collar_shirt.jpg,https://www.ajio.com/parx-men-slim-fit-cutaway-collar-shirt/p/441415923_blue
ajio,441769568,Men,Shirts,INDIAN TERRAIN,INDIAN TERRAIN Brown Men Micro Print Slim Fit Shirt,946,2199,57,,,Brown,https://assets.ajio.com/medias/sys_master/root/20230712/2EYU/64aed25deebac147fc68136a/indian_terrain_brown_men_micro_print_slim_fit_shirt.jpg,https://www.ajio.com/indian-terrain-men-micro-print-slim-fit-shirt/p/441769568_brown
ajio,464669091,Men,Shirts,WEARDO Bottle,WEARDO Bottle Green & Maroon Pack of 2  Solid Regular Fit Henley T-shirt for Men,774,1598,52,,,Maroon,https://assets.ajio.com/medias/sys_master/root/20230623/gScr/6494fecf42f9e729d78615a5/weardo_bottle_green_%26_maroon_pack_of_2__solid_regular_fit_henley_t-shirt_for_men.jpg,https://www.ajio.com/weardo-pack-of-2-solid-regular-fit-henley-t-shirt-for-men/p/464669091_green
ajio,469262792,Men,Shirts,VAN HEUSEN,VAN HEUSEN Brown Men Checked Slim Fit Shirt with Patch Pocket,1127,2299,51,,,Brown,https://assets.ajio.com/medias/sys_master/root/20220722/Ny0B/62dad3e5f997dd03e2ebd084/van_heusen_brown_men_checked_slim_fit_shirt_with_patch_pocket.jpg,https://www.ajio.com/van-heusen-men-checked-slim-fit-shirt-with-patch-pocket/p/469262792_brown
ajio,420462740,Men,Shirts,ACE MODE,ACE MODE Red Men Printed Slim Fit Shirt,367,1049,65,,,Red,https://assets.ajio.com/medias/sys_master/root/20230504/nnCO/6453cdbc42f9e729d767cee7/ace_mode_red_men_printed_slim_fit_shirt.jpg,https://www.ajio.com/ace-mode-men-printed-slim-fit-shirt/p/420462740_red
ajio,460824200,Men,Shirts,LEVIS,LEVIS Blue Men Slim Fit Shirt with Spread Collar,1880,3299,43,,,Blue,https://assets.ajio.com/medias/sys_master/root/20210731/k74O/61044965aeb269a9e35b76f7/levis_blue_men_slim_fit_shirt_with_spread_collar.jpg,https://www.ajio.com/levis-men-slim-fit-shirt-with-spread-collar/p/460824200_blue
ajio,441897391,Men,Shirts,UNITED COLORS OF BENETTON,UNITED COLORS OF BENETTON Blue Men Printed Slim Fit Shirt,1748,3299,47,,,Blue,https://assets.ajio.com/medias/sys_master/root/20230314/37Yz/64109406f997dde6f4f9910b/united_colors_of_benetton_blue_men_printed_slim_fit_shirt.jpg,https://www.ajio.com/united-colors-of-benetton-men-printed-slim-fit-shirt/p/441897391_blue
ajio,469034406,Men,Shirts,Ketch,Ketch Mustard Yellow Men Checked Slim Fit Shirt with Patch Pocket,270,899,70,,,Mustard,https://assets.ajio.com/medias/sys_master/root/20211028/2fur/6179a7dbaeb2690110ad1b45/ketch_mustard_yellow_men_checked_slim_fit_shirt_with_patch_pocket.jpg,https://www.ajio.com/ketch-men-checked-slim-fit-shirt-with-patch-pocket/p/469034406_mustard
ajio,461177667,Men,Shirts,STUDIO NEXX,STUDIO NEXX Peach Men Slim Fit Shirt with Patch Pocket,599,1699,65,,,Peach,https://assets.ajio.com/medias/sys_master/root/20230602/7fnh/6479279cd55b7d0c63355930/studio_nexx_peach_men_slim_fit_shirt_with_patch_pocket.jpg,https://www.ajio.com/studio-nexx-men-slim-fit-shirt-with-patch-pocket/p/461177667_peach
ajio,420401110,Men,Shirts,ACE MODE,ACE MODE Khaki Men Printed Slim Fit Shirt with Patch Pocket,400,999,60,,,Khaki,https://assets.ajio.com/medias/sys_master/root/20230301/ayzg/63ff7162f997dde6f4d4e67f/ace_mode_khaki_men_printed_slim_fit_shirt_with_patch_pocket.jpg,https://www.ajio.com/ace-mode-men-printed-slim-fit-shirt-with-patch-pocket/p/420401110_khaki
ajio,441635588,Men,Shirts,Arrow Sports,Arrow Sports Black Men Slim Fit Shirt with Patch Pocket,1139,1999,43,,,Black,https://assets.ajio.com/medias/sys_master/root/20230727/zws3/64c2985ea9b42d15c9754ba5/arrow_sports_black_men_slim_fit_shirt_with_patch_pocket.jpg,https://www.ajio.com/arrow-sports-men-slim-fit-shirt-with-patch-pocket/p/441635588_black
ajio,461118513,Men,Shirts,DENNISLINGO PREMIUM ATTIRE Light,DENNISLINGO PREMIUM ATTIRE Light Green Men Slim Fit Shirt with Patch Pocket,629,1849,66,,,Green,https://assets.ajio.com/medias/sys_master/root/20230906/VOo6/64f8099aafa4cf41f5b35c9c/dennislingo_premium_attire_light_green_men_slim_fit_shirt_with_patch_pocket.jpg,https://www.ajio.com/dennislingo-premium-attire-men-slim-fit-shirt-with-patch-pocket/p/461118513_green
ajio,441149100,Men,Shirts,JOHN PLAYERS,JOHN PLAYERS Black Men Tropical Print Slim Fit Shirt,800,1999,60,,,Black,https://assets.ajio.com/medias/sys_master/root/20230407/gueP/643031f0907deb497ad2f119/john_players_black_men_tropical_print_slim_fit_shirt.jpg,https://www.ajio.com/john-players-men-tropical-print-slim-fit-shirt/p/441149100_black
ajio,469481378,Men,Shirts,The Indian Garage Co,The Indian Garage Co Beige Men Checked Slim Fit Shirt,553,2049,73,,,Beige,https://assets.ajio.com/medias/sys_master/root/20230524/g5kd/646dfd5342f9e729d7a9c251/the_indian_garage_co_beige_men_checked_slim_fit_shirt.jpg,https://www.ajio.com/the-indian-garage-co-men-checked-slim-fit-shirt/p/469481378_beige
ajio,469562158,Men,Shirts,ALLEN SOLLY,ALLEN SOLLY White Men Micro Print Regular Fit Shirt,1299,1999,35,,,White,https://assets.ajio.com/medias/sys_master/root/20231020/nlUF/65321e71afa4cf41f553bce4/allen_solly_white_men_micro_print_regular_fit_shirt.jpg,https://www.ajio.com/allen-solly-men-micro-print-regular-fit-shirt/p/469562158_white
ajio,469463756,Men,Shirts,Arrow Sports,Arrow Sports Beige Men Animal Print Slim Fit Shirt,1100,2199,50,,,Beige,https://assets.ajio.com/medias/sys_master/root/20230327/Yj9P/6421c075711cf97ba7f360b9/arrow_sports_beige_men_animal_print_slim_fit_shirt.jpg,https://www.ajio.com/arrow-sports-men-animal-print-slim-fit-shirt/p/469463756_beige
ajio,469070442,Men,Shirts,INDIAN TERRAIN,INDIAN TERRAIN Red Men Micro Print Slim Fit Shirt with Patch Pocket,912,2399,62,,,Red,https://assets.ajio.com/medias/sys_master/root/20230629/0vGR/649d72daeebac147fc406e7e/indian_terrain_red_men_micro_print_slim_fit_shirt_with_patch_pocket.jpg,https://www.ajio.com/indian-terrain-men-micro-print-slim-fit-shirt-with-patch-pocket/p/469070442_red
ajio,466126788,Men,Shirts,SNITCH,SNITCH Brown Men Printed Slim Fit Shirt with Spread Collar,699,1998,65,,,Brown,https://assets.ajio.com/medias/sys_master/root/20230629/vrzl/649d1e6ea9b42d15c925795b/snitch_brown_men_printed_slim_fit_shirt_with_spread_collar.jpg,https://www.ajio.com/snitch-men-printed-slim-fit-shirt-with-spread-collar/p/466126788_brown
ajio,465768406,Men,Shirts,JAVINISHKA,JAVINISHKA Blue & grey Men Tie & Dye Regular Fit Shirt,750,2499,70,,,Blue,https://assets.ajio.com/medias/sys_master/root/20230628/aeI8/649bd190eebac147fc20eefb/javinishka_blue_%26_grey_men_tie_%26_dye_regular_fit_shirt.jpg,https://www.ajio.com/javinishka-men-tie--dye-regular-fit-shirt/p/465768406_blue
ajio,441138290,Men,Shirts,JOHN PLAYERS,JOHN PLAYERS Green Men Checked Slim Fit Shirt with Patch Pocket,450,1499,70,,,Green,https://assets.ajio.com/medias/sys_master/root/20220627/zh1F/62b9c159f997dd03e29f823a/john_players_green_men_checked_slim_fit_shirt_with_patch_pocket.jpg,https://www.ajio.com/john-players-men-checked-slim-fit-shirt-with-patch-pocket/p/441138290_green
ajio,466700707,Men,Shirts,BIG BANANA,BIG BANANA Black Men Printed Regular Fit T-Shirt with Short Sleeves,684,1899,64,,,Black,https://assets.ajio.com/medias/sys_master/root/20231012/fFSC/6527f7d5afa4cf41f53efbb5/big_banana_black_men_printed_regular_fit_t-shirt_with_short_sleeves.jpg,https://www.ajio.com/big-banana-men-printed-regular-fit-t-shirt-with-short-sleeves/p/466700707_black
ajio,469466908,Men,Shirts,ALLEN SOLLY,ALLEN SOLLY White Men Checked Slim Fit Shirt with Patch Pocket,1874,2499,25,,,White,https://assets.ajio.com/medias/sys_master/root/20230314/k2Ij/64103120aeb26924e3bdec07/allen_solly_white_men_checked_slim_fit_shirt_with_patch_pocket.jpg,https://www.ajio.com/allen-solly-men-checked-slim-fit-shirt-with-patch-pocket/p/469466908_white
ajio,465080647,Men,Shirts,BLACKBERRYS,BLACKBERRYS Blue Men Printed Slim Fit Shirt,1677,2795,40,,,Blue,https://assets.ajio.com/medias/sys_master/root/20220930/tI39/63360210f997ddfdbdfcf2f1/blackberrys_blue_men_printed_slim_fit_shirt.jpg,https://www.ajio.com/blackberrys-men-printed-slim-fit-shirt/p/465080647_blue
ajio,441605216,Men,Shirts,PARK AVENUE,PARK AVENUE Blue Men Spread Collar Regular Fit Shirt,1485,3299,55,,,Blue,https://assets.ajio.com/medias/sys_master/root/20230321/1eqa/6418d079aeb26924e3d3a62f/park_avenue_blue_men_spread_collar_regular_fit_shirt.jpg,https://www.ajio.com/park-avenue-men-spread-collar-regular-fit-shirt/p/441605216_blue
ajio,469560656,Men,Shirts,SIMON CARTER,SIMON CARTER Navy Blue Men Striped Slim Fit Cotton Shirt,2999,2999,0,,,Navy Blue,https://assets.ajio.com/medias/sys_master/root/20231019/xusf/65313fc7afa4cf41f550695d/simon_carter_navy_blue_men_striped_slim_fit_cotton_shirt.jpg,https://www.ajio.com/simon-carter-men-striped-slim-fit-cotton-shirt/p/469560656_navy
ajio,443016522,Men,Shirts,DNMX,DNMX Blue Men Cotton Slim Fit Shirt,1259,1399,10,,,Blue,https://assets.ajio.com/medias/sys_master/root/20230628/wEfS/649c4480a9b42d15c915caca/dnmx_blue_men_cotton_slim_fit_shirt.jpg,https://www.ajio.com/dnmx-men-cotton-slim-fit-shirt/p/443016522_darkblue
ajio,465533602,Men,Shirts,THE BEAR HOUSE,THE BEAR HOUSE Multicoloured Men Checked Slim Fit Shirt with Spread Collar,873,2495,65,,,,https://assets.ajio.com/medias/sys_master/root/20230624/GKTZ/6496aacba9b42d15c9e55680/the_bear_house_multicoloured_men_checked_slim_fit_shirt_with_spread_collar.jpg,https://www.ajio.com/the-bear-house-men-checked-slim-fit-shirt-with-spread-collar/p/465533602_multi
ajio,466206415,Men,Shirts,PAUL STREET,PAUL STREET Blue Men Slim Fit Shirt with Button-Down Detail,966,2195,56,,,Blue,https://assets.ajio.com/medias/sys_master/root/20230529/63gX/6474c44142f9e729d7f225a9/paul_street_blue_men_slim_fit_shirt_with_button-down_detail.jpg,https://www.ajio.com/paul-street-men-slim-fit-shirt-with-button-down-detail/p/466206415_blue
ajio,466077103,Men,Shirts,FLY69 ORIGINALS,FLY69 ORIGINALS Wine Men Checked Slim Fit Shirt,1308,1699,23,,,Wine,https://assets.ajio.com/medias/sys_master/root/20230629/VvBg/649cee91a9b42d15c91fe006/fly69_originals_wine_men_checked_slim_fit_shirt.jpg,https://www.ajio.com/fly69-originals-men-checked-slim-fit-shirt/p/466077103_wine
ajio,420446562,Men,Shirts,ACE MODE,ACE MODE Beige Men Slim Fit Shirt with Patch Pocket,420,1199,65,,,Beige,https://assets.ajio.com/medias/sys_master/root/20230301/xn5j/63ff654ef997dde6f4d4a301/ace_mode_beige_men_slim_fit_shirt_with_patch_pocket.jpg,https://www.ajio.com/ace-mode-men-slim-fit-shirt-with-patch-pocket/p/420446562_beige
ajio,466761313,Men,Shirts,Austivo,Austivo Multicoloured Men Regular Fit Striped Polo T-Shirt,504,1799,72,,,,https://assets.ajio.com/medias/sys_master/root/20231031/sH8L/654147acafa4cf41f56c7d03/austivo_multicoloured_men_regular_fit_striped_polo_t-shirt.jpg,https://www.ajio.com/austivo-men-regular-fit-striped-polo-t-shirt/p/466761313_multi
ajio,466172899,Men,Shirts,Rare Rabbit,Rare Rabbit Blue Men Striped Slim Fit Shirt,1665,3699,55,,,Blue,https://assets.ajio.com/medias/sys_master/root/20230519/vNRW/6467a477d55b7d0c63c99591/rare_rabbit_blue_men_striped_slim_fit_shirt.jpg,https://www.ajio.com/rare-rabbit-men-striped-slim-fit-shirt/p/466172899_blue
ajio,464503100,Men,Shirts,PAUL STREET,PAUL STREET Blue Men Slim Fit Shirt with Patch Pocket,682,1515,55,,,Blue,https://assets.ajio.com/medias/sys_master/root/20220617/2T58/62ab9b4aaeb26921af2e517a/paul_street_blue_men_slim_fit_shirt_with_patch_pocket.jpg,https://www.ajio.com/paul-street-men-slim-fit-shirt-with-patch-pocket/p/464503100_blue
ajio,469507295,Men,Shirts,The Indian Garage Co,The Indian Garage Co Cream & Black Men Geometric Print Relaxed Fit Shirt,565,1949,71,,,Black,https://assets.ajio.com/medias/sys_master/root/20230530/52p9/647609f942f9e729d7ff0413/the_indian_garage_co_cream_%26_black_men_geometric_print_relaxed_fit_shirt.jpg,https://www.ajio.com/the-indian-garage-co-men-geometric-print-relaxed-fit-shirt/p/469507295_cream
ajio,465888942,Men,Shirts,CRIMSOUNE CLUB,CRIMSOUNE CLUB Black Men Slim Fit Shirt with Patch Pocket,1000,1999,50,,,Black,https://assets.ajio.com/medias/sys_master/root/20230308/mVZU/6408d0c8aeb26924e3b0be23/crimsoune_club_black_men_slim_fit_shirt_with_patch_pocket.jpg,https://www.ajio.com/crimsoune-club-men-slim-fit-shirt-with-patch-pocket/p/465888942_black
ajio,441416685,Men,Shirts,MUFTI,MUFTI Navy Blue Men Paisley Print Slim Fit Shirt with Patch Pocket,748,2199,66,,,Navy Blue,https://assets.ajio.com/medias/sys_master/root/20220809/8Eyn/62f28142aeb26921afd74c61/mufti_navy_blue_men_paisley_print_slim_fit_shirt_with_patch_pocket.jpg,https://www.ajio.com/mufti-men-paisley-print-slim-fit-shirt-with-patch-pocket/p/441416685_navy
ajio,420446582,Men,Shirts,ACE MODE,ACE MODE Red Men Checked Slim Fit Shirt with Patch Pocket,385,1099,65,,,Red,https://assets.ajio.com/medias/sys_master/root/20230301/kBn0/63ff960ef997dde6f4d5d006/ace_mode_red_men_checked_slim_fit_shirt_with_patch_pocket.jpg,https://www.ajio.com/ace-mode-men-checked-slim-fit-shirt-with-patch-pocket/p/420446582_red
ajio,461117380,Men,Shirts,DENNISLINGO PREMIUM ATTIRE,DENNISLINGO PREMIUM ATTIRE Green Men Checked Slim Fit Shirt with Patch Pocket,700,2499,72,,,Green,https://assets.ajio.com/medias/sys_master/root/20230906/p9vW/64f816d2ddf7791519a709ea/dennislingo_premium_attire_green_men_checked_slim_fit_shirt_with_patch_pocket.jpg,https://www.ajio.com/dennislingo-premium-attire-men-checked-slim-fit-shirt-with-patch-pocket/p/461117380_green
ajio,466699152,Men,Shirts,DAHO,DAHO White Men Graphic Print Regular Fit Crew-Neck T-Shirt,275,1099,75,,,White,https://assets.ajio.com/medias/sys_master/root/20231012/VKjr/65274acaafa4cf41f53d1bc4/daho_white_men_graphic_print_regular_fit_crew-neck_t-shirt.jpg,https://www.ajio.com/daho-men-graphic-print-regular-fit-crew-neck-t-shirt/p/466699152_white
ajio,469290313,Men,Shirts,Buda Jeans Co,Buda Jeans Co Olive Men Printed Slim Fit Shirt with Patch Pocket,750,1499,50,,,Olive,https://assets.ajio.com/medias/sys_master/root/20230309/KWnU/6409ef56f997dde6f4ed435b/buda_jeans_co_olive_men_printed_slim_fit_shirt_with_patch_pocket.jpg,https://www.ajio.com/buda-jeans-co-men-printed-slim-fit-shirt-with-patch-pocket/p/469290313_darkolive
ajio,466331688,Men,Shirts,SNITCH,SNITCH White Men Embroidered Spread Collared Slim Fit Shirt,999,1998,50,,,White,https://assets.ajio.com/medias/sys_master/root/20230704/qBeI/64a41fa6a9b42d15c933c4b8/snitch_white_men_embroidered_spread_collared_slim_fit_shirt.jpg,https://www.ajio.com/snitch-men-embroidered-spread-collared-slim-fit-shirt/p/466331688_white
ajio,465077965,Men,Shirts,TATTVA,TATTVA Khaki Men Slim Fit Shirt with Patch Pocket,991,1599,38,,,Khaki,https://assets.ajio.com/medias/sys_master/root/20220929/72UJ/6334c80baeb269dbb3aff8cb/tattva_khaki_men_slim_fit_shirt_with_patch_pocket.jpg,https://www.ajio.com/tattva-men-slim-fit-shirt-with-patch-pocket/p/465077965_khaki
ajio,465596308,Men,Shirts,SHOWOFF,SHOWOFF Cream Men Micro Print Regular Fit Shirt,1000,2500,60,,,Cream,https://assets.ajio.com/medias/sys_master/root/20230628/MT9J/649b48c1a9b42d15c9f85114/showoff_cream_men_micro_print_regular_fit_shirt.jpg,https://www.ajio.com/showoff-men-micro-print-regular-fit-shirt/p/465596308_cream
ajio,469529597,Men,Shirts,VAN HEUSEN,VAN HEUSEN Green Men Checked Slim Fit Shirt,1533,2599,41,,,Green,https://assets.ajio.com/medias/sys_master/root/20230721/DdUW/64ba2cfba9b42d15c9673e81/van_heusen_green_men_checked_slim_fit_shirt.jpg,https://www.ajio.com/van-heusen-men-checked-slim-fit-shirt/p/469529597_green
ajio,466320801,Men,Shirts,SNITCH,SNITCH Mustard Men Slim Fit Shirt with Spread Collar,1199,2398,50,,,Mustard,https://assets.ajio.com/medias/sys_master/root/20230630/6JXI/649e2eb6a9b42d15c92c1841/snitch_mustard_men_slim_fit_shirt_with_spread_collar.jpg,https://www.ajio.com/snitch-men-slim-fit-shirt-with-spread-collar/p/466320801_mustard
ajio,441699261,Men,Shirts,U.S. Polo Assn.,U.S. Polo Assn. Maroon Men Printed Slim Fit Shirt,1209,2199,45,,,Maroon,https://assets.ajio.com/medias/sys_master/root/20230621/NruR/64931b3d42f9e729d77601df/u.s._polo_assn._maroon_men_printed_slim_fit_shirt.jpg,https://www.ajio.com/u-s-polo-assn-men-printed-slim-fit-shirt/p/441699261_maroon
ajio,420418998,Men,Shirts,ROXTAR,ROXTAR Green Men Checked Slim Fit Shirt,220,549,60,,,Green,https://assets.ajio.com/medias/sys_master/root/20230427/gZ65/644aa56c42f9e729d75675ba/roxtar_green_men_checked_slim_fit_shirt.jpg,https://www.ajio.com/roxtar-men-checked-slim-fit-shirt/p/420418998_multicolor
ajio,469497889,Men,Shirts,British Club,British Club Blue Men Checked Slim Fit Flannel Shirt with Patch Pocket,724,2495,71,,,Blue,https://assets.ajio.com/medias/sys_master/root/20230721/aJOo/64baa496eebac147fc821aae/british_club_blue_men_checked_slim_fit_flannel_shirt_with_patch_pocket.jpg,https://www.ajio.com/british-club-men-checked-slim-fit-flannel-shirt-with-patch-pocket/p/469497889_blue
ajio,442104448,Men,Shirts,U.S. Polo Assn.,U.S. Polo Assn. Black Men Printed Slim Fit Shirt,1356,2299,41,,,Black,https://assets.ajio.com/medias/sys_master/root/20230505/6ncC/645524ab42f9e729d76a4eda/u.s._polo_assn._black_men_printed_slim_fit_shirt.jpg,https://www.ajio.com/u-s-polo-assn-men-printed-slim-fit-shirt/p/442104448_black
ajio,441138776,Men,Shirts,JOHN PLAYERS JEANS,JOHN PLAYERS JEANS Olive Men Checked Slim Fit Hooded Shirt,660,2199,70,,,Olive,https://assets.ajio.com/medias/sys_master/root/20220809/rrAH/62f29044aeb26921afd7b298/john_players_jeans_olive_men_checked_slim_fit_hooded_shirt.jpg,https://www.ajio.com/john-players-jeans-men-checked-slim-fit-hooded-shirt/p/441138776_olive
ajio,461118512,Men,Shirts,DENNISLINGO PREMIUM ATTIRE,DENNISLINGO PREMIUM ATTIRE Brown Men Slim Fit Shirt with Patch Pocket,629,1849,66,,,Brown,https://assets.ajio.com/medias/sys_master/root/20230906/97IW/64f81500ddf7791519a6d643/dennislingo_premium_attire_brown_men_slim_fit_shirt_with_patch_pocket.jpg,https://www.ajio.com/dennislingo-premium-attire-men-slim-fit-shirt-with-patch-pocket/p/461118512_brown
ajio,469060830,Men,Shirts,Ketch,Ketch Maroon Men Printed Slim Fit Shirt with Patch Pocket,449,1549,71,,,Maroon,https://assets.ajio.com/medias/sys_master/root/20220119/sfnG/61e82e1bf997dd66232a3c18/ketch_maroon_men_printed_slim_fit_shirt_with_patch_pocket.jpg,https://www.ajio.com/ketch-men-printed-slim-fit-shirt-with-patch-pocket/p/469060830_maroon
ajio,442092647,Men,Shirts,SIN,SIN Navy Men Striped Slim Fit Shirt with Patch Pocket,630,1499,58,,,Navy,https://assets.ajio.com/medias/sys_master/root/20230605/u4I6/647e1344d55b7d0c634ddc83/sin_navy_men_striped_slim_fit_shirt_with_patch_pocket.jpg,https://www.ajio.com/sin-men-striped-slim-fit-shirt-with-patch-pocket/p/442092647_navy
ajio,441338667,Men,Shirts,INDIAN TERRAIN,INDIAN TERRAIN Blue Men Micro Print Slim Fit Shirt,912,2399,62,,,Blue,https://assets.ajio.com/medias/sys_master/root/20230529/ShiJ/6474c0df42f9e729d7f1e9ff/indian_terrain_blue_men_micro_print_slim_fit_shirt.jpg,https://www.ajio.com/indian-terrain-men-micro-print-slim-fit-shirt/p/441338667_bluemelange
ajio,441537167,Men,Shirts,MONTE BIANCO,MONTE BIANCO Red & Navy Blue Men Checked Slim Fit Shirt,624,1599,61,,,Navy Blue,https://assets.ajio.com/medias/sys_master/root/20230112/0evk/63c03170f997dd708e0323ec/monte_bianco_red_%26_navy_blue_men_checked_slim_fit_shirt.jpg,https://www.ajio.com/monte-bianco-men-checked-slim-fit-shirt/p/441537167_red
ajio,464556166,Men,Shirts,CROCODILE,CROCODILE Green Men Floral Print Slim Fit Shirt with Patch Pocket,1250,2499,50,,,Green,https://assets.ajio.com/medias/sys_master/root/20220628/z8oT/62ba22f4f997dd03e2a2317f/crocodile_green_men_floral_print_slim_fit_shirt_with_patch_pocket.jpg,https://www.ajio.com/crocodile-men-floral-print-slim-fit-shirt-with-patch-pocket/p/464556166_green
ajio,469444403,Men,Shirts,Ketch,Ketch Rust & Blue Men Checked Slim Fit Shirt,487,1949,75,,,Blue,https://assets.ajio.com/medias/sys_master/root/20230523/jAea/646c7b17d55b7d0c63d00780/ketch_rust_%26_blue_men_checked_slim_fit_shirt.jpg,https://www.ajio.com/ketch-men-checked-slim-fit-shirt/p/469444403_rust
ajio,443021817,Men,Shirts,DNMX,DNMX Yellow Men Checked Slim Fit Shirt,1299,1299,0,,,Yellow,https://assets.ajio.com/medias/sys_master/root/20230914/fIL3/6503370cddf7791519d996cc/dnmx_yellow_men_checked_slim_fit_shirt.jpg,https://www.ajio.com/dnmx-men-checked-slim-fit-shirt/p/443021817_yellow
ajio,469079471,Men,Shirts,U.S. Polo Assn.,U.S. Polo Assn. Grey Men Striped Slim Fit Shirt with Patch Pocket,1407,2199,36,,,Grey,https://assets.ajio.com/medias/sys_master/root/20220729/NFO6/62e40b95aeb26921afacd4e6/u.s._polo_assn._grey_men_striped_slim_fit_shirt_with_patch_pocket.jpg,https://www.ajio.com/u-s-polo-assn-men-striped-slim-fit-shirt-with-patch-pocket/p/469079471_grey
ajio,469464863,Men,Shirts,Arrow Sports,Arrow Sports Navy Blue Men Checked Cotton Slim Fit Shirt with Spread Collar,1250,2499,50,,,Navy Blue,https://assets.ajio.com/medias/sys_master/root/20230426/nB1o/6448ff8a42f9e729d7510285/arrow_sports_navy_blue_men_checked_cotton_slim_fit_shirt_with_spread_collar.jpg,https://www.ajio.com/arrow-sports-men-checked-cotton-slim-fit-shirt-with-spread-collar/p/469464863_darkblue
ajio,466737911,Men,Shirts,Stellers Misty,Stellers Misty Green Men Regular Fit Polo T-Shirt with Logo,800,1999,60,,,Green,https://assets.ajio.com/medias/sys_master/root/20231022/E9Du/65352bbdafa4cf41f557ffad/stellers_misty_green_men_regular_fit_polo_t-shirt_with_logo.jpg,https://www.ajio.com/stellers-men-regular-fit-polo-t-shirt-with-logo/p/466737911_green
ajio,469280331,Men,Shirts,U.S. Polo Assn. Us,"U.S. Polo Assn.  Us men shirts, teal, m",1295,2399,46,,,Teal,https://assets.ajio.com/medias/sys_master/root/20220908/5U45/6319d499f997dd1f8dee8848/u.s._polo_assn.__us_men_shirts%2C_teal%2C_m.jpg,https://www.ajio.com/u-s-polo-assn-us-men-shirts-teal-m/p/469280331_teal
ajio,469473460,Men,Shirts,Arrow Sports,Arrow Sports Maroon Men Checked Slim Fit Cotton Shirt,1399,2499,44,,,Maroon,https://assets.ajio.com/medias/sys_master/root/20230426/jClk/644902d5d55b7d0c63801ba6/arrow_sports_maroon_men_checked_slim_fit_cotton_shirt.jpg,https://www.ajio.com/arrow-sports-men-checked-slim-fit-cotton-shirt/p/469473460_maroon
ajio,469217863,Men,Shirts,LEVIS,LEVIS Peach Men Slim Fit Cotton Shirt,1451,2199,34,,,Peach,https://assets.ajio.com/medias/sys_master/root/20230717/NUtk/64b578d6eebac147fc74b61c/levis_peach_men_slim_fit_cotton_shirt.jpg,https://www.ajio.com/levis-men-slim-fit-cotton-shirt/p/469217863_pink
ajio,465868577,Men,Shirts,SNITCH,SNITCH Black Men Floral Print Slim Fit Shirt with Spread Collar,779,2598,70,,,Black,https://assets.ajio.com/medias/sys_master/root/20230628/0nhS/649bc70feebac147fc1fb2ff/snitch_black_men_floral_print_slim_fit_shirt_with_spread_collar.jpg,https://www.ajio.com/snitch-men-floral-print-slim-fit-shirt-with-spread-collar/p/465868577_black
ajio,466736724,Men,Shirts,LEE BONEE,LEE BONEE Wine Men Regular Fit Round-Neck T-Shirt,349,999,65,,,Wine,https://assets.ajio.com/medias/sys_master/root/20231022/pXS4/65352812ddf7791519515779/lee_bonee_wine_men_regular_fit_round-neck_t-shirt.jpg,https://www.ajio.com/lee-bonee-men-regular-fit-round-neck-t-shirt/p/466736724_maroon
ajio,466723344,Men,Shirts,R&B,R&B Red Men Regular Fit Polo T-Shirt,374,499,25,,,Red,https://assets.ajio.com/medias/sys_master/root/20231019/iVgn/65305b46ddf779151948287b/r%26b_red_men_regular_fit_polo_t-shirt.jpg,https://www.ajio.com/r-b-men-regular-fit-polo-t-shirt/p/466723344_red
ajio,420360329,Men,Shirts,ROXTAR,ROXTAR Black Men Printed Slim Fit Shirt,220,549,60,,,Black,https://assets.ajio.com/medias/sys_master/root/20230502/9rWC/64512954d55b7d0c6390719d/roxtar_black_men_printed_slim_fit_shirt.jpg,https://www.ajio.com/roxtar-men-printed-slim-fit-shirt/p/420360329_black
ajio,441655524,Men,Shirts,BLACKBERRYS,BLACKBERRYS Black Men Striped Slim Fit Shirt with Patch Pocket,1817,2595,30,,,Black,https://assets.ajio.com/medias/sys_master/root/20230123/oWtD/63cea779f997dd708e1bc79d/blackberrys_black_men_striped_slim_fit_shirt_with_patch_pocket.jpg,https://www.ajio.com/blackberrys-men-striped-slim-fit-shirt-with-patch-pocket/p/441655524_black
ajio,466458654,Men,Shirts,SNITCH,SNITCH Black Men Checked Slim Fit Shirt,999,1998,50,,,Black,https://assets.ajio.com/medias/sys_master/root/20230814/jDRy/64da2fe8a9b42d15c9ac7052/snitch_black_men_checked_slim_fit_shirt.jpg,https://www.ajio.com/snitch-men-checked-slim-fit-shirt/p/466458654_black
ajio,466685274,Men,Shirts,SNITCH,SNITCH Green Men Slim Fit Shirt with Band Collar,1199,2398,50,,,Green,https://assets.ajio.com/medias/sys_master/root/20231009/nbxF/6523eb6eddf77915192b595b/snitch_green_men_slim_fit_shirt_with_band_collar.jpg,https://www.ajio.com/snitch-men-slim-fit-shirt-with-band-collar/p/466685274_green
ajio,464385168,Men,Shirts,BLACKBERRYS,BLACKBERRYS Beige Men Slim Fit Shirt with Patch Pocket,4197,5995,30,,,Beige,https://assets.ajio.com/medias/sys_master/root/20220526/UBuV/628e96b5aeb26921afd94dcc/blackberrys_beige_men_slim_fit_shirt_with_patch_pocket.jpg,https://www.ajio.com/blackberrys-men-slim-fit-shirt-with-patch-pocket/p/464385168_beige
ajio,420372054,Men,Shirts,ACE MODE,ACE MODE Yellow & White Men Checked Slim Fit Shirt,420,1049,60,,,Yellow,https://assets.ajio.com/medias/sys_master/root/20230301/Tvgi/63ff8ca6aeb26924e39ce46c/ace_mode_yellow_%26_white_men_checked_slim_fit_shirt.jpg,https://www.ajio.com/ace-mode-men-checked-slim-fit-shirt/p/420372054_yellow
ajio,461569738,Men,Shirts,Bruun & Stengade Ink,Bruun & Stengade Ink Blue Men Micro Print Slim Fit Shirt,1200,3999,70,,,Blue,https://assets.ajio.com/medias/sys_master/root/20230825/rgLN/64e7be3aafa4cf41f57e8f7d/bruun_%26_stengade_ink_blue_men_micro_print_slim_fit_shirt.jpg,https://www.ajio.com/bruun--stengade-men-micro-print-slim-fit-shirt/p/461569738_blue
ajio,466686227,Men,Shirts,DAMENSCH Aqua,DAMENSCH Aqua Men Crew-Neck T-Shirt,552,699,21,,,,https://assets.ajio.com/medias/sys_master/root/20231010/NjpY/65257962afa4cf41f5391ae7/damensch_aqua_men_crew-neck_t-shirt.jpg,https://www.ajio.com/damensch-men-crew-neck-t-shirt/p/466686227_aqua
ajio,469517663,Men,Shirts,VAN HEUSEN,VAN HEUSEN Pink Men Checked Slim Fit Shirt with Patch Pocket,1592,2699,41,,,Pink,https://assets.ajio.com/medias/sys_master/root/20230621/jrW2/6493207cd55b7d0c639dff8e/van_heusen_pink_men_checked_slim_fit_shirt_with_patch_pocket.jpg,https://www.ajio.com/van-heusen-men-checked-slim-fit-shirt-with-patch-pocket/p/469517663_pink
ajio,441135012,Men,Shirts,JOHN PLAYERS JEANS,JOHN PLAYERS JEANS Blue Men Checked Slim Fit Shirt with Patch Pocket,450,1499,70,,,Blue,https://assets.ajio.com/medias/sys_master/root/20211207/mbeP/61ae7c04aeb2690110f7f1fa/john_players_jeans_blue_men_checked_slim_fit_shirt_with_patch_pocket.jpg,https://www.ajio.com/john-players-jeans-men-checked-slim-fit-shirt-with-patch-pocket/p/441135012_blue
ajio,463679053,Men,Shirts,MAHARAJA,MAHARAJA White Men Checked Slim Fit Shirt,600,2000,70,,,White,https://assets.ajio.com/medias/sys_master/root/20230621/9puZ/6492739b42f9e729d765d2dc/maharaja_white_men_checked_slim_fit_shirt.jpg,https://www.ajio.com/maharaja-men-checked-slim-fit-shirt/p/463679053_white
ajio,466458600,Men,Shirts,SNITCH,SNITCH White Men Slim Fit Shirt with Curved Hem,1499,2998,50,,,White,https://assets.ajio.com/medias/sys_master/root/20230814/r1kP/64da2d58eebac147fcc80bb3/snitch_white_men_slim_fit_shirt_with_curved_hem.jpg,https://www.ajio.com/snitch-men-slim-fit-shirt-with-curved-hem/p/466458600_white
ajio,469234775,Men,Shirts,Ketch,Ketch Rust Men Printed Slim Fit Shirt with Patch Pocket,462,1399,67,,,Rust,https://assets.ajio.com/medias/sys_master/root/20220908/ygRy/6318f335f997dd1f8debaba1/ketch_rust_men_printed_slim_fit_shirt_with_patch_pocket.jpg,https://www.ajio.com/ketch-men-printed-slim-fit-shirt-with-patch-pocket/p/469234775_rust
ajio,469497895,Men,Shirts,British Club,British Club Multicoloured Men Checked Slim Fit Flannel Shirt,724,2495,71,,,,https://assets.ajio.com/medias/sys_master/root/20230721/BHN4/64baa22ea9b42d15c96893d7/british_club_multicoloured_men_checked_slim_fit_flannel_shirt.jpg,https://www.ajio.com/british-club-men-checked-slim-fit-flannel-shirt/p/469497895_burgundy
ajio,460698910,Men,Shirts,The Indian Garage Co,The Indian Garage Co Red Men Checked Slim Fit Shirt with Patch Pocket,595,1749,66,,,Red,https://assets.ajio.com/medias/sys_master/root/20230718/9JSJ/64b6a44ea9b42d15c95d59d5/the_indian_garage_co_red_men_checked_slim_fit_shirt_with_patch_pocket.jpg,https://www.ajio.com/the-indian-garage-co-men-checked-slim-fit-shirt-with-patch-pocket/p/460698910_red
ajio,465737631,Men,Shirts,Rare Rabbit,Rare Rabbit Pink Men Floral Print Slim Fit Shirt with Spread Collar,2974,3499,15,,,Pink,https://assets.ajio.com/medias/sys_master/root/20230629/5Dlp/649d09a8eebac147fc395355/rare_rabbit_pink_men_floral_print_slim_fit_shirt_with_spread_collar.jpg,https://www.ajio.com/rare-rabbit-men-floral-print-slim-fit-shirt-with-spread-collar/p/465737631_pink
ajio,460436281,Men,Shirts,The Indian Garage Co,The Indian Garage Co Multicoloured Men Checked Slim Fit Cotton Shirt,612,1749,65,,,,https://assets.ajio.com/medias/sys_master/root/20230524/5bKq/646e439ed55b7d0c63d6b031/the_indian_garage_co_multicoloured_men_checked_slim_fit_cotton_shirt.jpg,https://www.ajio.com/the-indian-garage-co-men-checked-slim-fit-cotton-shirt/p/460436281_red
ajio,466710320,Men,Shirts,Cantabil,Cantabil Blue Men Regular Fit Shirt with Patch Pocket,1040,2599,60,,,Blue,https://assets.ajio.com/medias/sys_master/root/20231015/yo3W/652c1b44ddf77915193de5b3/cantabil_blue_men_regular_fit_shirt_with_patch_pocket.jpg,https://www.ajio.com/cantabil-men-regular-fit-shirt-with-patch-pocket/p/466710320_blue
ajio,466712975,Men,Shirts,MANIAC,MANIAC White Men Oversized Fit Polo T-Shirt,899,2569,65,,,White,https://assets.ajio.com/medias/sys_master/root/20231016/eJoQ/652d108fafa4cf41f54703a9/maniac_white_men_oversized_fit_polo_t-shirt.jpg,https://www.ajio.com/maniac-men-oversized-fit-polo-t-shirt/p/466712975_white
ajio,464145333,Men,Shirts,Rodamo,Rodamo Red Men Checked Slim Fit Shirt,660,1499,56,,,Red,https://assets.ajio.com/medias/sys_master/root/20230621/yNek/6492c973d55b7d0c6397f344/rodamo_red_men_checked_slim_fit_shirt.jpg,https://www.ajio.com/rodamo-men-checked-slim-fit-shirt/p/464145333_red
ajio,466438946,Men,Shirts,SNITCH,SNITCH Beige Men Checked Slim Fit Shirt with Patch Pocket,999,1998,50,,,Beige,https://assets.ajio.com/medias/sys_master/root/20230809/Dyta/64d3bfb2eebac147fcba75bf/snitch_beige_men_checked_slim_fit_shirt_with_patch_pocket.jpg,https://www.ajio.com/snitch-men-checked-slim-fit-shirt-with-patch-pocket/p/466438946_beige
ajio,441290477,Men,Shirts,PARX,PARX Blue Men Cutaway Collar Slim Fit Shirt,720,1799,60,,,Blue,https://assets.ajio.com/medias/sys_master/root/20230320/n10i/64186e8af997dde6f4095e10/parx_blue_men_cutaway_collar_slim_fit_shirt.jpg,https://www.ajio.com/parx-men-cutaway-collar-slim-fit-shirt/p/441290477_darkblue
ajio,469444418,Men,Shirts,Ketch,Ketch Navy Blue Men Tropical Print Slim Fit Shirt,487,1949,75,,,Navy Blue,https://assets.ajio.com/medias/sys_master/root/20230523/FwHe/646c7b8ed55b7d0c63d00b1a/ketch_navy_blue_men_tropical_print_slim_fit_shirt.jpg,https://www.ajio.com/ketch-men-tropical-print-slim-fit-shirt/p/469444418_navy
ajio,441122604,Men,Shirts,JOHN PLAYERS JEANS,JOHN PLAYERS JEANS Navy Blue Men Slim Fit Shirt With Flap Pocket,450,1499,70,,,Navy Blue,https://assets.ajio.com/medias/sys_master/root/20210913/fNcW/613f7bf5aeb269a26890dbe1/john_players_jeans_navy_blue_men_slim_fit_shirt_with_flap_pocket.jpg,https://www.ajio.com/john-players-jeans-men-slim-fit-shirt-with-flap-pocket/p/441122604_navy
ajio,466730348,Men,Shirts,SNITCH,SNITCH Blue Men Slim-Fit Shirt with Spread Collar,999,1998,50,,,Blue,https://assets.ajio.com/medias/sys_master/root/20231020/HyKn/6532abc5ddf77915194f3735/snitch_blue_men_slim-fit_shirt_with_spread_collar.jpg,https://www.ajio.com/snitch-men-slim-fit-shirt-with-spread-collar/p/466730348_blue
ajio,469332703,Men,Shirts,Ketch,Ketch Yellow Men Slim Fit Shirt with Mandarin Collar,396,1649,76,,,Yellow,https://assets.ajio.com/medias/sys_master/root/20221122/gE8b/637ce7d8f997ddfdbd8ed558/ketch_yellow_men_slim_fit_shirt_with_mandarin_collar.jpg,https://www.ajio.com/ketch-men-slim-fit-shirt-with-mandarin-collar/p/469332703_yellow
ajio,469444414,Men,Shirts,Ketch,Ketch Grey Men Checked Slim Fit Shirt,480,1999,76,,,Grey,https://assets.ajio.com/medias/sys_master/root/20230523/eT4K/646c7a95d55b7d0c63d00535/ketch_grey_men_checked_slim_fit_shirt.jpg,https://www.ajio.com/ketch-men-checked-slim-fit-shirt/p/469444414_grey
ajio,441536893,Men,Shirts,SIN,SIN Indigo Men Checked Slim Fit Shirt,895,1599,44,,,Indigo,https://assets.ajio.com/medias/sys_master/root/20230522/SZKl/646b7dee42f9e729d7a18b8a/sin_indigo_men_checked_slim_fit_shirt.jpg,https://www.ajio.com/sin-men-checked-slim-fit-shirt/p/441536893_indigo
ajio,466091780,Men,Shirts,WRANGLER,WRANGLER Blue & Red Men Checked Slim Fit Shirt with Patch Pocket,1100,2199,50,,,Blue,https://assets.ajio.com/medias/sys_master/root/20230629/XTwQ/649cea12a9b42d15c91f5876/wrangler_blue_%26_red_men_checked_slim_fit_shirt_with_patch_pocket.jpg,https://www.ajio.com/wrangler-men-checked-slim-fit-shirt-with-patch-pocket/p/466091780_blue
ajio,466221818,Men,Shirts,THE BEAR HOUSE,THE BEAR HOUSE White Men Striped Slim Fit Shirt with Patch Pocket,1497,2495,40,,,White,https://assets.ajio.com/medias/sys_master/root/20230601/6krO/6477bd67d55b7d0c632e62c9/the_bear_house_white_men_striped_slim_fit_shirt_with_patch_pocket.jpg,https://www.ajio.com/the-bear-house-men-striped-slim-fit-shirt-with-patch-pocket/p/466221818_white
ajio,420412198,Men,Shirts,ALTAIR,ALTAIR Navy Blue Men Floral Print Slim Fit Shirt,799,799,0,,,Navy Blue,https://assets.ajio.com/medias/sys_master/root/20230810/JWf4/64d4fed6a9b42d15c9a1c229/altair_navy_blue_men_floral_print_slim_fit_shirt.jpg,https://www.ajio.com/altair-men-floral-print-slim-fit-shirt/p/420412198_navy
ajio,441701053,Men,Shirts,INDIAN TERRAIN,INDIAN TERRAIN Brown Men Printed Slim Fit Shirt,1316,2799,53,,,Brown,https://assets.ajio.com/medias/sys_master/root/20230525/TxMH/646f880442f9e729d7d12680/indian_terrain_brown_men_printed_slim_fit_shirt.jpg,https://www.ajio.com/indian-terrain-men-printed-slim-fit-shirt/p/441701053_chocolatebrown
ajio,441654398,Men,Shirts,PARK AVENUE,PARK AVENUE Green Men Spread Collar Regular Fit Shirt,1620,3599,55,,,Green,https://assets.ajio.com/medias/sys_master/root/20230320/AFPQ/64188846f997dde6f409e80d/park_avenue_green_men_spread_collar_regular_fit_shirt.jpg,https://www.ajio.com/park-avenue-men-spread-collar-regular-fit-shirt/p/441654398_green
ajio,469484654,Men,Shirts,British Club,British Club White Men Slim Fit Shirt with Double Flap Pockets,859,2095,59,,,White,https://assets.ajio.com/medias/sys_master/root/20230418/0NYR/643ed1e1907deb497aede7ff/british_club_white_men_slim_fit_shirt_with_double_flap_pockets.jpg,https://www.ajio.com/british-club-men-slim-fit-shirt-with-double-flap-pockets/p/469484654_white
ajio,441147700,Men,Shirts,JOHN PLAYERS,JOHN PLAYERS Peach Men Slim Fit Shirt with Patch Pocket,720,1799,60,,,Peach,https://assets.ajio.com/medias/sys_master/root/20221207/u6o9/639035d8aeb269659cd98319/john_players_peach_men_slim_fit_shirt_with_patch_pocket.jpg,https://www.ajio.com/john-players-men-slim-fit-shirt-with-patch-pocket/p/441147700_peach
ajio,420410825,Men,Shirts,ALTAIR,ALTAIR Beige Men Checked Slim Fit Shirt,899,899,0,,,Beige,https://assets.ajio.com/medias/sys_master/root/20230808/4IgH/64d22d66eebac147fcb241ca/altair_beige_men_checked_slim_fit_shirt.jpg,https://www.ajio.com/altair-men-checked-slim-fit-shirt/p/420410825_beige
ajio,441269117,Men,Shirts,KNIGHTHOOD,KNIGHTHOOD White Men Slim Fit Shirt with Patch Pocket,638,899,29,,,White,https://assets.ajio.com/medias/sys_master/root/20220812/gRea/62f63d0ff997dd03e243c3f5/knighthood_white_men_slim_fit_shirt_with_patch_pocket.jpg,https://www.ajio.com/knighthood-men-slim-fit-shirt-with-patch-pocket/p/441269117_white
ajio,466767026,Men,Shirts,Tyzlo Coffee,Tyzlo Coffee Men Floral Print Regular Fit Shirt ,510,1499,66,,,,https://assets.ajio.com/medias/sys_master/root/20231102/WO7c/6543a677ddf77915196997f5/tyzlo_coffee_men_floral_print_regular_fit_shirt_.jpg,https://www.ajio.com/tyzlo-men-floral-print-regular-fit-shirt-/p/466767026_coffee
ajio,466679235,Men,Shirts,JOVEN,JOVEN Black Men Graphic Print Regular Fit Crew-Neck T-Shirt,300,999,70,,,Black,https://assets.ajio.com/medias/sys_master/root/20231006/i05y/651f8c7cddf779151923cb5e/joven_black_men_graphic_print_regular_fit_crew-neck_t-shirt.jpg,https://www.ajio.com/joven-men-graphic-print-regular-fit-crew-neck-t-shirt/p/466679235_black
ajio,466700797,Men,Shirts,THE COLLECTION,THE COLLECTION Orange Men Striped Slim Fit Shirt,1400,2799,50,,,Orange,https://assets.ajio.com/medias/sys_master/root/20231013/xFkw/65285098ddf7791519385e9f/the_collection_orange_men_striped_slim_fit_shirt.jpg,https://www.ajio.com/the-collection-men-striped-slim-fit-shirt/p/466700797_orange
ajio,441692952,Men,Shirts,INDIAN TERRAIN,INDIAN TERRAIN Black Men Checked Slim Fit Cotton Shirt,836,2199,62,,,Black,https://assets.ajio.com/medias/sys_master/root/20221118/ajS4/6377a22baeb269659c9c618f/indian_terrain_black_men_checked_slim_fit_cotton_shirt.jpg,https://www.ajio.com/indian-terrain-men-checked-slim-fit-cotton-shirt/p/441692952_black
ajio,466157204,Men,Shirts,RICHLOOK,RICHLOOK Green Men Checked Regular Fit Shirt,1305,2899,55,,,Green,https://assets.ajio.com/medias/sys_master/root/20230516/JPv7/6462bbb142f9e729d78ad342/richlook_green_men_checked_regular_fit_shirt.jpg,https://www.ajio.com/richlook-men-checked-regular-fit-shirt/p/466157204_green
ajio,466524340,Men,Shirts,V-VIVID WAVE,V-VIVID WAVE Beige Men Checked Slim Fit Shirt with Patch Pocket,985,1790,45,,,Beige,https://assets.ajio.com/medias/sys_master/root/20230904/nwWa/64f5c429ddf7791519933fd9/v-vivid_wave_beige_men_checked_slim_fit_shirt_with_patch_pocket.jpg,https://www.ajio.com/v-vivid-wave-men-checked-slim-fit-shirt-with-patch-pocket/p/466524340_beige
ajio,463612387,Men,Shirts,Celio,Celio Navy Men Solid Regular Fit Shirt,1100,2199,50,,,Navy,https://assets.ajio.com/medias/sys_master/root/20230621/thlR/6492385242f9e729d75e31b2/celio_navy_men_solid_regular_fit_shirt.jpg,https://www.ajio.com/celio-men-solid-regular-fit-shirt/p/463612387_blue
ajio,469560688,Men,Shirts,ALLEN SOLLY,ALLEN SOLLY Red Men Slim Fit Shirt with Patch Pocket,1494,2299,35,,,Red,https://assets.ajio.com/medias/sys_master/root/20231019/S9P1/65313f4fddf779151949c677/allen_solly_red_men_slim_fit_shirt_with_patch_pocket.jpg,https://www.ajio.com/allen-solly-men-slim-fit-shirt-with-patch-pocket/p/469560688_red
ajio,466226042,Men,Shirts,CRIMSOUNE CLUB,CRIMSOUNE CLUB Navy Men Checked Slim Fit Shirt,900,1799,50,,,Navy,https://assets.ajio.com/medias/sys_master/root/20230601/wKAt/6478ad6242f9e729d7067c81/crimsoune_club_navy_men_checked_slim_fit_shirt.jpg,https://www.ajio.com/crimsoune-club-men-checked-slim-fit-shirt/p/466226042_navy
ajio,465209279,Men,Shirts,GLOBALRANG,GLOBALRANG White Men Polka Dot Slim Fit Tuxedo Shirt with Bow,1200,3000,60,,,White,https://assets.ajio.com/medias/sys_master/root/20230908/r8Zn/64fabea9afa4cf41f5d23c82/globalrang_white_men_polka_dot_slim_fit_tuxedo_shirt_with_bow.jpg,https://www.ajio.com/globalrang-men-polka-dot-slim-fit-tuxedo-shirt-with-bow/p/465209279_white
ajio,441537153,Men,Shirts,MONTE BIANCO,MONTE BIANCO Olive Men Printed Slim Fit Shirt,504,1399,64,,,Olive,https://assets.ajio.com/medias/sys_master/root/20230112/3QNo/63c02906f997dd708e02eddd/monte_bianco_olive_men_printed_slim_fit_shirt.jpg,https://www.ajio.com/monte-bianco-men-printed-slim-fit-shirt/p/441537153_olive
ajio,469471785,Men,Shirts,ALLEN SOLLY,ALLEN SOLLY Blue Men Slim Fit Shirt with Patch Pocket,1724,2299,25,,,Blue,https://assets.ajio.com/medias/sys_master/root/20230329/B6j5/642424a6907deb497aba74d6/allen_solly_blue_men_slim_fit_shirt_with_patch_pocket.jpg,https://www.ajio.com/allen-solly-men-slim-fit-shirt-with-patch-pocket/p/469471785_blue
ajio,460698970,Men,Shirts,The Indian Garage Co,The Indian Garage Co White Men Striped Hooded Slim Fit Shirt,700,1749,60,,,White,https://assets.ajio.com/medias/sys_master/root/20210316/hbPA/6050c8be7cdb8c1f1464e638/the_indian_garage_co_white_men_striped_hooded_slim_fit_shirt.jpg,https://www.ajio.com/the-indian-garage-co-men-striped-hooded-slim-fit-shirt/p/460698970_white
ajio,441655486,Men,Shirts,BLACKBERRYS,BLACKBERRYS Red Men Checked Slim Fit Shirt with Button-Down Collar,1677,2395,30,,,Red,https://assets.ajio.com/medias/sys_master/root/20230123/MejT/63cec87eaeb269c651f507d4/blackberrys_red_men_checked_slim_fit_shirt_with_button-down_collar.jpg,https://www.ajio.com/blackberrys-men-checked-slim-fit-shirt-with-button-down-collar/p/441655486_red
ajio,469497902,Men,Shirts,British Club,British Club Green Men Checked Slim Fit Flannel Shirt,724,2495,71,,,Green,https://assets.ajio.com/medias/sys_master/root/20230721/RGEV/64ba9bb6a9b42d15c968739d/british_club_green_men_checked_slim_fit_flannel_shirt.jpg,https://www.ajio.com/british-club-men-checked-slim-fit-flannel-shirt/p/469497902_green
ajio,441416700,Men,Shirts,MUFTI,MUFTI Navy Men Micro Print Slim Fit Shirt with Patch Pocket,714,2099,66,,,Navy,https://assets.ajio.com/medias/sys_master/root/20220809/E1zF/62f28c8caeb26921afd79eca/mufti_navy_men_micro_print_slim_fit_shirt_with_patch_pocket.jpg,https://www.ajio.com/mufti-men-micro-print-slim-fit-shirt-with-patch-pocket/p/441416700_blue
ajio,466386362,Men,Shirts,PARX,PARX Blue Men Slim Fit Shirt with Patch Pocket,720,1799,60,,,Blue,https://assets.ajio.com/medias/sys_master/root/20230726/dRGY/64c020eea9b42d15c96df57d/parx_blue_men_slim_fit_shirt_with_patch_pocket.jpg,https://www.ajio.com/parx-men-slim-fit-shirt-with-patch-pocket/p/466386362_blue
ajio,465093433,Men,Shirts,Cantabil,Cantabil White Men Slim Fit Shirt with Patch Pocket,1000,2499,60,,,White,https://assets.ajio.com/medias/sys_master/root/20230624/9z8o/649606a2a9b42d15c9ce9e30/cantabil_white_men_slim_fit_shirt_with_patch_pocket.jpg,https://www.ajio.com/cantabil-men-slim-fit-shirt-with-patch-pocket/p/465093433_white
ajio,466102044,Men,Shirts,Chennis,Chennis Beige Men Checked Slim Fit Shirt,779,1299,40,,,Beige,https://assets.ajio.com/medias/sys_master/root/20230427/cFqS/644a983642f9e729d7558db1/chennis_beige_men_checked_slim_fit_shirt.jpg,https://www.ajio.com/chennis-men-checked-slim-fit-shirt/p/466102044_beige
ajio,420434683,Men,Shirts,BREAKPOINT,BREAKPOINT Navy Men Checked Slim Fit Shirt with Patch Pocket,450,899,50,,,Navy,https://assets.ajio.com/medias/sys_master/root/20230301/HbQv/63ff959cf997dde6f4d5ce15/breakpoint_navy_men_checked_slim_fit_shirt_with_patch_pocket.jpg,https://www.ajio.com/breakpoint-men-checked-slim-fit-shirt-with-patch-pocket/p/420434683_navy
ajio,469481400,Men,Shirts,The Indian Garage Co,The Indian Garage Co Cream Men Floral Print Slim Fit Shirt,546,1949,72,,,Cream,https://assets.ajio.com/medias/sys_master/root/20230525/Yrt4/646f89a742f9e729d7d15ce3/the_indian_garage_co_cream_men_floral_print_slim_fit_shirt.jpg,https://www.ajio.com/the-indian-garage-co-men-floral-print-slim-fit-shirt/p/469481400_cream
ajio,461729625,Men,Shirts,Kuons Avenue,Kuons Avenue Blue Men Washed Slim Fit Shirt,1000,1999,50,,,Blue,https://assets.ajio.com/medias/sys_master/root/20230602/LZon/6479408342f9e729d70e161c/kuons_avenue_blue_men_washed_slim_fit_shirt.jpg,https://www.ajio.com/kuons-avenue-men-washed-slim-fit-shirt/p/461729625_blue
ajio,469491749,Men,Shirts,LOUIS PHILIPPE,LOUIS PHILIPPE Navy Blue Men Extra Slim Fit Shirt with Spread Collar,2999,3999,25,,,Navy Blue,https://assets.ajio.com/medias/sys_master/root/20230420/7dhq/64415395711cf97ba73afaa6/louis_philippe_navy_blue_men_extra_slim_fit_shirt_with_spread_collar.jpg,https://www.ajio.com/louis-philippe-men-extra-slim-fit-shirt-with-spread-collar/p/469491749_navy
ajio,463889713,Men,Shirts,CROCODILE,CROCODILE Yellow Men Micro Print Slim Fit Shirt,1035,2299,55,,,Yellow,https://assets.ajio.com/medias/sys_master/root/20220224/9D53/62176dd8aeb26921afb4ff61/crocodile_yellow_men_micro_print_slim_fit_shirt.jpg,https://www.ajio.com/crocodile-men-micro-print-slim-fit-shirt/p/463889713_yellow
ajio,466696450,Men,Shirts,DILLINGER,DILLINGER Maroon Men Graphic Print Crew-Neck T-Shirt,584,899,35,,,Maroon,https://assets.ajio.com/medias/sys_master/root/20231011/QNHQ/6526783bddf779151932beb6/dillinger_maroon_men_graphic_print_crew-neck_t-shirt.jpg,https://www.ajio.com/dillinger-men-graphic-print-crew-neck-t-shirt/p/466696450_maroon
ajio,441881590,Men,Shirts,PARK AVENUE,PARK AVENUE Red Men Printed Slim Fit Shirt,1035,2299,55,,,Red,https://assets.ajio.com/medias/sys_master/root/20230801/lWKm/64c92a81eebac147fc9d9d5c/park_avenue_red_men_printed_slim_fit_shirt.jpg,https://www.ajio.com/park-avenue-men-printed-slim-fit-shirt/p/441881590_darkred
ajio,465947673,Men,Shirts,SNITCH,SNITCH Blue Men Geometric Print Slim Fit Shirt,999,1998,50,,,Blue,https://assets.ajio.com/medias/sys_master/root/20230628/udaS/649bd951a9b42d15c90bdf7f/snitch_blue_men_geometric_print_slim_fit_shirt.jpg,https://www.ajio.com/snitch-men-geometric-print-slim-fit-shirt/p/465947673_blue
ajio,465994131,Men,Shirts,Rare Rabbit,Rare Rabbit Navy Men Floral Print Slim Fit Shirt,1959,2799,30,,,Navy,https://assets.ajio.com/medias/sys_master/root/20230629/CYaX/649cc599a9b42d15c91a1b37/rare_rabbit_navy_men_floral_print_slim_fit_shirt.jpg,https://www.ajio.com/rare-rabbit-men-floral-print-slim-fit-shirt/p/465994131_navy
ajio,464673596,Men,Shirts,JAINISH,JAINISH Green Men Cotton Slim Fit Shirt with Patch Pocket,545,1299,58,,,Green,https://assets.ajio.com/medias/sys_master/root/20230623/lK2x/6495048442f9e729d786db82/jainish_green_men_cotton_slim_fit_shirt_with_patch_pocket.jpg,https://www.ajio.com/jainish-men-cotton-slim-fit-shirt-with-patch-pocket/p/464673596_green
ajio,469444431,Men,Shirts,Ketch,Ketch Blue Men Striped Slim Fit Shirt,450,1799,75,,,Blue,https://assets.ajio.com/medias/sys_master/root/20230712/yBgY/64aed50da9b42d15c94fe42a/ketch_blue_men_striped_slim_fit_shirt.jpg,https://www.ajio.com/ketch-men-striped-slim-fit-shirt/p/469444431_blue
ajio,469453095,Men,Shirts,SPYKAR,SPYKAR Blue Men Leaf Print Slim Fit Shirt,1269,2699,53,,,Blue,https://assets.ajio.com/medias/sys_master/root/20230418/Q8o3/643eb9f3711cf97ba7308c1f/spykar_blue_men_leaf_print_slim_fit_shirt.jpg,https://www.ajio.com/spykar-men-leaf-print-slim-fit-shirt/p/469453095_skyblue
ajio,465629459,Men,Shirts,SNITCH,SNITCH White Men Block Print Slim Fit Shirt with Spread Collar,799,1598,50,,,White,https://assets.ajio.com/medias/sys_master/root/20230628/z7Aa/649b597aa9b42d15c9fad86e/snitch_white_men_block_print_slim_fit_shirt_with_spread_collar.jpg,https://www.ajio.com/snitch-men-block-print-slim-fit-shirt-with-spread-collar/p/465629459_white
ajio,441607080,Men,Shirts,STATUS QUO,STATUS QUO Navy Blue Men Printed Slim Fit Shirt,480,1599,70,,,Navy Blue,https://assets.ajio.com/medias/sys_master/root/20230605/6vrC/647e116ad55b7d0c634dd3b4/status_quo_navy_blue_men_printed_slim_fit_shirt.jpg,https://www.ajio.com/status-quo-men-printed-slim-fit-shirt/p/441607080_navy
ajio,464131902,Men,Shirts,YOVISH,YOVISH Black Men Striped Slim Fit Shirt with Patch Pocket,875,3499,75,,,Black,https://assets.ajio.com/medias/sys_master/root/20230621/iZ4j/6492c32442f9e729d76f6689/yovish_black_men_striped_slim_fit_shirt_with_patch_pocket.jpg,https://www.ajio.com/yovish-men-striped-slim-fit-shirt-with-patch-pocket/p/464131902_black
ajio,420462752,Men,Shirts,BREAKPOINT,BREAKPOINT Blue Men Checked Slim Fit Shirt with Patch Pocket,440,1099,60,,,Blue,https://assets.ajio.com/medias/sys_master/root/20230519/x65j/64675fce42f9e729d79b3f62/breakpoint_blue_men_checked_slim_fit_shirt_with_patch_pocket.jpg,https://www.ajio.com/breakpoint-men-checked-slim-fit-shirt-with-patch-pocket/p/420462752_multicolor
ajio,420404718,Men,Shirts,ROXTAR,ROXTAR Black & Red Men Checked Slim Fit Shirt,180,449,60,,,Black,https://assets.ajio.com/medias/sys_master/root/20230427/SDVR/644a99c0d55b7d0c6384b083/roxtar_black_%26_red_men_checked_slim_fit_shirt.jpg,https://www.ajio.com/roxtar-men-checked-slim-fit-shirt/p/420404718_red
ajio,441422563,Men,Shirts,INDIAN TERRAIN,INDIAN TERRAIN Black Men Checked Slim Fit Shirt,882,2099,58,,,Black,https://assets.ajio.com/medias/sys_master/root/20220810/89aD/62f3c440aeb26921afdad987/indian_terrain_black_men_checked_slim_fit_shirt.jpg,https://www.ajio.com/indian-terrain-men-checked-slim-fit-shirt/p/441422563_blackcharcoal
ajio,469034443,Men,Shirts,Ketch,Ketch Brown Men Checked Slim Fit Shirt,369,899,59,,,Brown,https://assets.ajio.com/medias/sys_master/root/20220119/QdY9/61e8305eaeb2695cdd1d6881/ketch_brown_men_checked_slim_fit_shirt.jpg,https://www.ajio.com/ketch-men-checked-slim-fit-shirt/p/469034443_bluebeige
ajio,469479592,Men,Shirts,SIMON CARTER,SIMON CARTER Green Men Striped Slim Fit Shirt with Spread Collar,1949,2999,35,,,Green,https://assets.ajio.com/medias/sys_master/root/20230415/fUnh/643a2ca4711cf97ba72b5b10/simon_carter_green_men_striped_slim_fit_shirt_with_spread_collar.jpg,https://www.ajio.com/simon-carter-men-striped-slim-fit-shirt-with-spread-collar/p/469479592_green
ajio,441138340,Men,Shirts,JOHN PLAYERS,JOHN PLAYERS Teal Men Slim Fit Shirt with Patch Pocket,540,1799,70,,,Teal,https://assets.ajio.com/medias/sys_master/root/20220519/k5wE/6285b2ecaeb26921afa4aebe/john_players_teal_men_slim_fit_shirt_with_patch_pocket.jpg,https://www.ajio.com/john-players-men-slim-fit-shirt-with-patch-pocket/p/441138340_teal
ajio,469551645,Men,Shirts,U.S. Polo Assn.,U.S. Polo Assn. Blue Men Brand Print Crew-Neck T-Shirt,899,999,10,,,Blue,https://assets.ajio.com/medias/sys_master/root/20231006/R33b/65201e40ddf77915192642b2/u.s._polo_assn._blue_men_brand_print_crew-neck_t-shirt.jpg,https://www.ajio.com/u-s-polo-assn-men-brand-print-crew-neck-t-shirt/p/469551645_blue
ajio,469292831,Men,Shirts,ARROW,ARROW Brown Men Slim Fit Cotton Shirt with Patch Pocket,1200,2399,50,,,Brown,https://assets.ajio.com/medias/sys_master/root/20220909/7pBT/631b25abaeb269dbb37e24d7/arrow_brown_men_slim_fit_cotton_shirt_with_patch_pocket.jpg,https://www.ajio.com/arrow-men-slim-fit-cotton-shirt-with-patch-pocket/p/469292831_brown
ajio,441148359,Men,Shirts,JOHN PLAYERS,JOHN PLAYERS White Men Printed Slim Fit Shirt,720,1799,60,,,White,https://assets.ajio.com/medias/sys_master/root/20230213/QArI/63e9dad6aeb26924e369d7ca/john_players_white_men_printed_slim_fit_shirt.jpg,https://www.ajio.com/john-players-men-printed-slim-fit-shirt/p/441148359_white
ajio,466728113,Men,Shirts,R&B,R&B Maroon Men Regular Fit Crew-Neck T-Shirt,419,599,30,,,Maroon,https://assets.ajio.com/medias/sys_master/root/20231020/H3ad/6531ae99afa4cf41f552b428/r%26b_maroon_men_regular_fit_crew-neck_t-shirt.jpg,https://www.ajio.com/r-b-men-regular-fit-crew-neck-t-shirt/p/466728113_maroon
ajio,465795465,Men,Shirts,CP BRO,CP BRO Navy Men Checked Slim Fit Shirt with Patch Pocket,1519,1599,5,,,Navy,https://assets.ajio.com/medias/sys_master/root/20230322/2DcM/641ac992711cf97ba7deb495/cp_bro_navy_men_checked_slim_fit_shirt_with_patch_pocket.jpg,https://www.ajio.com/cp-bro-men-checked-slim-fit-shirt-with-patch-pocket/p/465795465_navy
ajio,441537199,Men,Shirts,MONTE BIANCO,MONTE BIANCO Red Men Checked Slim Fit Shirt,612,1799,66,,,Red,https://assets.ajio.com/medias/sys_master/root/20230112/u2y0/63c03880f997dd708e035311/monte_bianco_red_men_checked_slim_fit_shirt.jpg,https://www.ajio.com/monte-bianco-men-checked-slim-fit-shirt/p/441537199_red
ajio,420358744,Men,Shirts,ROXTAR,ROXTAR Red Men Checked Slim Fit Shirt,180,449,60,,,Red,https://assets.ajio.com/medias/sys_master/root/20230427/xVrJ/644a8a50d55b7d0c6383f9c9/roxtar_red_men_checked_slim_fit_shirt.jpg,https://www.ajio.com/roxtar-men-checked-slim-fit-shirt/p/420358744_red
ajio,441138218,Men,Shirts,JOHN PLAYERS,JOHN PLAYERS Blue Men Micro Print Slim Fit Shirt with Patch Pocket,450,1499,70,,,Blue,https://assets.ajio.com/medias/sys_master/root/20220817/UXXB/62fd2965f997dd394cffb71b/john_players_blue_men_micro_print_slim_fit_shirt_with_patch_pocket.jpg,https://www.ajio.com/john-players-men-micro-print-slim-fit-shirt-with-patch-pocket/p/441138218_ltblue
ajio,441138229,Men,Shirts,JOHN PLAYERS,JOHN PLAYERS White Men Checked Slim Fit Shirt with Patch Pocket,450,1499,70,,,White,https://assets.ajio.com/medias/sys_master/root/20220527/N4n9/628fcf3cf997dd03e234082e/john_players_white_men_checked_slim_fit_shirt_with_patch_pocket.jpg,https://www.ajio.com/john-players-men-checked-slim-fit-shirt-with-patch-pocket/p/441138229_olive
ajio,441592792,Men,Shirts,ECKO UNLTD,ECKO UNLTD Indigo Men Slim Fit Shirt with Flap Pockets,540,1799,70,,,Indigo,https://assets.ajio.com/medias/sys_master/root/20221019/KkXV/634fd576aeb269659c4d8b1d/ecko_unltd_indigo_men_slim_fit_shirt_with_flap_pockets.jpg,https://www.ajio.com/ecko-unltd-men-slim-fit-shirt-with-flap-pockets/p/441592792_indigo
ajio,466503771,Men,Shirts,Cross court,Cross court Red Men Checked Slim Fit Shirt with Patch Pocket,525,1499,65,,,Red,https://assets.ajio.com/medias/sys_master/root/20230829/fLxT/64ecf3d4afa4cf41f59276e7/cross_court_red_men_checked_slim_fit_shirt_with_patch_pocket.jpg,https://www.ajio.com/cross-court-men-checked-slim-fit-shirt-with-patch-pocket/p/466503771_red
ajio,466770741,Men,Shirts,BLUE,BLUE DOVE Teal Men Regular Fit Shirt with Curved Hem,399,999,60,,,Blue,https://assets.ajio.com/medias/sys_master/root/20231104/or3x/6545c6d5afa4cf41f573fb27/blue_dove_teal_men_regular_fit_shirt_with_curved_hem.jpg,https://www.ajio.com/blue-dove-men-regular-fit-shirt-with-curved-hem/p/466770741_teal
ajio,466467744,Men,Shirts,DENNISLINGO PREMIUM ATTIRE,DENNISLINGO PREMIUM ATTIRE Navy Blue Men Striped Slim Fit Shirt with Mandarin Collar,896,2799,68,,,Navy Blue,https://assets.ajio.com/medias/sys_master/root/20230817/Gkub/64de4a8aa9b42d15c9b686e8/dennislingo_premium_attire_navy_blue_men_striped_slim_fit_shirt_with_mandarin_collar.jpg,https://www.ajio.com/dennislingo-premium-attire-men-striped-slim-fit-shirt-with-mandarin-collar/p/466467744_navy
ajio,466107589,Men,Shirts,PARX,PARX Blue Men Checks Slim Fit Shirt,920,2299,60,,,Blue,https://assets.ajio.com/medias/sys_master/root/20230428/hwtT/644b97a242f9e729d757b0e8/parx_blue_men_checks_slim_fit_shirt.jpg,https://www.ajio.com/parx-men-checks-slim-fit-shirt/p/466107589_blue
ajio,466217252,Men,Shirts,SNITCH,SNITCH Multicoloured Men Printed Slim Fit Shirt,799,1598,50,,,,https://assets.ajio.com/medias/sys_master/root/20230530/HLZ6/6475ffcb42f9e729d7fe41ae/snitch_multicoloured_men_printed_slim_fit_shirt.jpg,https://www.ajio.com/snitch-men-printed-slim-fit-shirt/p/466217252_multi
ajio,465979383,Men,Shirts,ACCOX,ACCOX Multi Men Self-design Regular Fit Shirt,699,1480,53,,,Multi,https://assets.ajio.com/medias/sys_master/root/20230629/5yK6/649cc761eebac147fc30c0c0/accox_multi_men_self-design_regular_fit_shirt.jpg,https://www.ajio.com/accox-men-self-design-regular-fit-shirt/p/465979383_multi
ajio,441119792,Men,Shirts,NETPLAY,NETPLAY Navy Blue Men Slim Fit Shirt with Band Collar,300,999,70,,,Navy Blue,https://assets.ajio.com/medias/sys_master/root/20210427/REs3/60871683f997dd7b64c36c6f/netplay_navy_blue_men_slim_fit_shirt_with_band_collar.jpg,https://www.ajio.com/netplay-men-slim-fit-shirt-with-band-collar/p/441119792_navy
ajio,463587360,Men,Shirts,Rare Rabbit,Rare Rabbit Black Men Spread Collar Slim Fit Shirt,1750,3499,50,,,Black,https://assets.ajio.com/medias/sys_master/root/20220507/7mtY/6275ec61f997dd03e29b46ae/rare_rabbit_black_men_spread_collar_slim_fit_shirt.jpg,https://www.ajio.com/rare-rabbit-men-spread-collar-slim-fit-shirt/p/463587360_black
ajio,469506515,Men,Shirts,Owen Hart,Owen Hart Blue Men Slim Fit Denim Shirt with Patch Pocket,826,2849,71,,,Blue,https://assets.ajio.com/medias/sys_master/root/20230519/ZeXk/6467a77b42f9e729d79e085e/owen_hart_blue_men_slim_fit_denim_shirt_with_patch_pocket.jpg,https://www.ajio.com/owen-hart-men-slim-fit-denim-shirt-with-patch-pocket/p/469506515_blue
ajio,469473480,Men,Shirts,Arrow Sports,Arrow Sports Pink Men Checked Slim Fit Cotton Shirt,1032,2399,57,,,Pink,https://assets.ajio.com/medias/sys_master/root/20230426/2das/644903d4d55b7d0c63801f84/arrow_sports_pink_men_checked_slim_fit_cotton_shirt.jpg,https://www.ajio.com/arrow-sports-men-checked-slim-fit-cotton-shirt/p/469473480_pink
ajio,441146595,Men,Shirts,NETPLAY,NETPLAY Navy Blue Men Slim Fit Shirt with Band Collar,390,1299,70,,,Navy Blue,https://assets.ajio.com/medias/sys_master/root/20220802/un50/62e9375eaeb26921afbdab7d/netplay_navy_blue_men_slim_fit_shirt_with_band_collar.jpg,https://www.ajio.com/netplay-men-slim-fit-shirt-with-band-collar/p/441146595_navy
ajio,466214297,Men,Shirts,THE BEAR HOUSE,THE BEAR HOUSE Navy blue Men Striped Slim Fit Shirt with Patch Pocket,1248,2495,50,,,Navy Blue,https://assets.ajio.com/medias/sys_master/root/20230530/omji/6475f9ed42f9e729d7fdaeff/the_bear_house_navy_blue_men_striped_slim_fit_shirt_with_patch_pocket.jpg,https://www.ajio.com/the-bear-house-men-striped-slim-fit-shirt-with-patch-pocket/p/466214297_navy
ajio,469082951,Men,Shirts,Ketch,Ketch Mustard Yellow Men Printed Slim Fit Cut-Away Collar Shirt,449,1449,69,,,Mustard,https://assets.ajio.com/medias/sys_master/root/20220119/xaMa/61e82d2df997dd66232a36a3/ketch_mustard_yellow_men_printed_slim_fit_cut-away_collar_shirt.jpg,https://www.ajio.com/ketch-men-printed-slim-fit-cut-away-collar-shirt/p/469082951_multi
ajio,464175824,Men,Shirts,THE BEAR HOUSE,THE BEAR HOUSE Blue Men Striped Slim Fit Shirt,1248,2495,50,,,Blue,https://assets.ajio.com/medias/sys_master/root/20230629/slHH/649d3157eebac147fc3dfb98/the_bear_house_blue_men_striped_slim_fit_shirt.jpg,https://www.ajio.com/the-bear-house-men-striped-slim-fit-shirt/p/464175824_blue
ajio,441207298,Men,Shirts,SIN,SIN  Men Micro Print Slim Fit Shirt with Patch Pocket,476,1399,66,,,,https://assets.ajio.com/medias/sys_master/root/20220419/FJgD/625dc0cfaeb26921af297ba6/sin__men_micro_print_slim_fit_shirt_with_patch_pocket.jpg,https://www.ajio.com/sin-men-micro-print-slim-fit-shirt-with-patch-pocket/p/441207298_navy
ajio,465869252,Men,Shirts,GRANDSTITCH,GRANDSTITCH Pink Men Printed Slim Fit Shirt with Patch Pocket,496,1999,75,,,Pink,https://assets.ajio.com/medias/sys_master/root/20230628/06UR/649bffb8a9b42d15c91073fc/grandstitch_pink_men_printed_slim_fit_shirt_with_patch_pocket.jpg,https://www.ajio.com/grandstitch-men-printed-slim-fit-shirt-with-patch-pocket/p/465869252_pink
ajio,466094653,Men,Shirts,THE BEAR HOUSE,THE BEAR HOUSE Brown Men Checked Slim Fit Shirt with Patch Pocket,1248,2495,50,,,Brown,https://assets.ajio.com/medias/sys_master/root/20230425/jlYY/6447cebbd55b7d0c637dc45b/the_bear_house_brown_men_checked_slim_fit_shirt_with_patch_pocket.jpg,https://www.ajio.com/the-bear-house-men-checked-slim-fit-shirt-with-patch-pocket/p/466094653_brown
ajio,466706350,Men,Shirts,MANIAC,MANIAC Pink Men Printed Oversized Fit Polo T-Shirt,615,1499,59,,,Pink,https://assets.ajio.com/medias/sys_master/root/20231015/d7UB/652be959afa4cf41f54388ee/maniac_pink_men_printed_oversized_fit_polo_t-shirt.jpg,https://www.ajio.com/maniac-men-printed-oversized-fit-polo-t-shirt/p/466706350_pink
ajio,466298964,Men,Shirts,CRIMSOUNE CLUB,CRIMSOUNE CLUB Brown Men Checked Slim Fit Shirt,850,1699,50,,,Brown,https://assets.ajio.com/medias/sys_master/root/20230622/lVUL/649477f9d55b7d0c63a222a7/crimsoune_club_brown_men_checked_slim_fit_shirt.jpg,https://www.ajio.com/crimsoune-club-men-checked-slim-fit-shirt/p/466298964_brown
ajio,469163289,Men,Shirts,Ketch,Ketch Navy Blue & Red Men Checked Slim Fit Shirt with Patch Pocket,320,999,68,,,Navy Blue,https://assets.ajio.com/medias/sys_master/root/20220413/tLmq/6255de7ff997dd03e25a1078/ketch_navy_blue_%26_red_men_checked_slim_fit_shirt_with_patch_pocket.jpg,https://www.ajio.com/ketch-men-checked-slim-fit-shirt-with-patch-pocket/p/469163289_navyred
ajio,469127065,Men,Shirts,Arrow Sports,Arrow Sports Black Men Slim Fit Shirt with Patch Pocket,1200,2399,50,,,Black,https://assets.ajio.com/medias/sys_master/root/20220531/hxvK/6296357aaeb26921affd6d54/arrow_sports_black_men_slim_fit_shirt_with_patch_pocket.jpg,https://www.ajio.com/arrow-sports-men-slim-fit-shirt-with-patch-pocket/p/469127065_black
ajio,466739655,Men,Shirts,Blacknote Off,Blacknote Off white Men Graphic Print Stylised Fit T-Shirt,299,1599,81,,,Off White,https://assets.ajio.com/medias/sys_master/root/20231023/tXpl/65364a27afa4cf41f5595ba0/blacknote_off_white_men_graphic_print_stylised_fit_t-shirt.jpg,https://www.ajio.com/blacknote-men-graphic-print-stylised-fit-t-shirt/p/466739655_offwhite
ajio,469034572,Men,Shirts,Ketch,Ketch Grey Men Slim Fit Shirt with Patch Pocket,510,1499,66,,,Grey,https://assets.ajio.com/medias/sys_master/root/20211029/T1UR/617af38af997ddf8f1f02599/ketch_grey_men_slim_fit_shirt_with_patch_pocket.jpg,https://www.ajio.com/ketch-men-slim-fit-shirt-with-patch-pocket/p/469034572_lightgrey
ajio,460907281,Men,Shirts,The Indian Garage Co,The Indian Garage Co Navy Blue Men Slim Fit Shirt with Placement Stripes,542,1749,69,,,Navy Blue,https://assets.ajio.com/medias/sys_master/root/20210518/Dw9L/60a3f09daeb269a9e3c266b6/the_indian_garage_co_navy_blue_men_slim_fit_shirt_with_placement_stripes.jpg,https://www.ajio.com/the-indian-garage-co-men-slim-fit-shirt-with-placement-stripes/p/460907281_navy
ajio,466376686,Men,Shirts,THE BEAR HOUSE,THE BEAR HOUSE Maroon Men Checked Slim Fit Shirt with Patch Pocket,998,2495,60,,,Maroon,https://assets.ajio.com/medias/sys_master/root/20230721/pfrn/64ba88f0a9b42d15c96837dc/the_bear_house_maroon_men_checked_slim_fit_shirt_with_patch_pocket.jpg,https://www.ajio.com/the-bear-house-men-checked-slim-fit-shirt-with-patch-pocket/p/466376686_maroon
ajio,461685461,Men,Shirts,Kuons Avenue,Kuons Avenue Blue Men Button-Up Slim Fit Classic Shirt,999,2099,52,,,Blue,https://assets.ajio.com/medias/sys_master/root/20230602/eO1W/64793672d55b7d0c63374ea0/kuons_avenue_blue_men_button-up_slim_fit_classic_shirt.jpg,https://www.ajio.com/kuons-avenue-men-button-up-slim-fit-classic-shirt/p/461685461_blue
ajio,420417369,Men,Shirts,BOY,BOY CODE Yellow Printed Cotton Shirt,195,649,70,,,Yellow,https://assets.ajio.com/medias/sys_master/root/20230706/mdCF/64a6e77da9b42d15c9421ba8/boy_code_yellow_printed_cotton_shirt.jpg,https://www.ajio.com/boy-code-printed-cotton-shirt/p/420417369_yellow
ajio,441130119,Men,Shirts,JOHN PLAYERS,JOHN PLAYERS Navy Blue Men Checked Slim Fit Shirt with Patch Pocket,450,1499,70,,,Navy Blue,https://assets.ajio.com/medias/sys_master/root/20211207/Qo9v/61ae8f84f997ddf8f13c426b/john_players_navy_blue_men_checked_slim_fit_shirt_with_patch_pocket.jpg,https://www.ajio.com/john-players-men-checked-slim-fit-shirt-with-patch-pocket/p/441130119_navy
ajio,460404488,Men,Shirts,LOUIS PHILIPPE,LOUIS PHILIPPE Blue Men Slim Fit Cotton Denim Shirt with Patch Pocket,1799,2399,25,,,Blue,https://assets.ajio.com/medias/sys_master/root/h08/h6b/13355255267358/louis_philippe_blue_men_slim_fit_cotton_denim_shirt_with_patch_pocket.jpg,https://www.ajio.com/louis-philippe-men-slim-fit-cotton-denim-shirt-with-patch-pocket/p/460404488_blue
ajio,460698880,Men,Shirts,The Indian Garage Co,The Indian Garage Co Orange Men Checked Slim Fit Shirt with Patch Pocket,577,1749,67,,,Orange,https://assets.ajio.com/medias/sys_master/root/20230524/HmMl/646e33b9d55b7d0c63d62e48/the_indian_garage_co_orange_men_checked_slim_fit_shirt_with_patch_pocket.jpg,https://www.ajio.com/the-indian-garage-co-men-checked-slim-fit-shirt-with-patch-pocket/p/460698880_orange
ajio,441919861,Men,Shirts,INDIAN TERRAIN,INDIAN TERRAIN Orange Men Checked Slim Fit Shirt,924,2199,58,,,Orange,https://assets.ajio.com/medias/sys_master/root/20230712/skId/64aebd3ea9b42d15c94efc52/indian_terrain_orange_men_checked_slim_fit_shirt.jpg,https://www.ajio.com/indian-terrain-men-checked-slim-fit-shirt/p/441919861_orange
ajio,463904291,Men,Shirts,Lee,Lee Blue Men Checks Slim Fit Shirt,1200,2399,50,,,Blue,https://assets.ajio.com/medias/sys_master/root/20230621/miPv/6492998742f9e729d76a789f/lee_blue_men_checks_slim_fit_shirt.jpg,https://www.ajio.com/lee-men-checks-slim-fit-shirt/p/463904291_multi
ajio,443011164,Men,Shirts,JOHN PLAYERS JEANS,JOHN PLAYERS JEANS Navy Blue Men Checked Slim Fit Shirt,1064,1499,29,,,Navy Blue,https://assets.ajio.com/medias/sys_master/root/20230616/8Rdm/648c58be42f9e729d7473d97/john_players_jeans_navy_blue_men_checked_slim_fit_shirt.jpg,https://www.ajio.com/john-players-jeans-men-checked-slim-fit-shirt/p/443011164_navy
ajio,469332715,Men,Shirts,Ketch,Ketch Blue Men Slim Fit Shirt with Mandarin Collar,412,1649,75,,,Blue,https://assets.ajio.com/medias/sys_master/root/20221122/T9Un/637cdecfaeb269659ca6a196/ketch_blue_men_slim_fit_shirt_with_mandarin_collar.jpg,https://www.ajio.com/ketch-men-slim-fit-shirt-with-mandarin-collar/p/469332715_blue
ajio,466553610,Men,Shirts,THE BEAR HOUSE,THE BEAR HOUSE Pink Men Solid Slim Fit Shirt,1497,2495,40,,,Pink,https://assets.ajio.com/medias/sys_master/root/20230909/vsrC/64fb7b54ddf7791519c844c4/the_bear_house_pink_men_solid_slim_fit_shirt.jpg,https://www.ajio.com/the-bear-house-men-solid-slim-fit-shirt/p/466553610_pink
ajio,469279690,Men,Shirts,U.S. Polo Assn.,U.S. Polo Assn. Mustard Men Button-Down Collar Slim Fit Shirt,1319,2199,40,,,Mustard,https://assets.ajio.com/medias/sys_master/root/20220908/xfND/6319d605aeb269dbb37b6747/u.s._polo_assn._mustard_men_button-down_collar_slim_fit_shirt.jpg,https://www.ajio.com/u-s-polo-assn-men-button-down-collar-slim-fit-shirt/p/469279690_ochre
ajio,466345554,Men,Shirts,THE BEAR HOUSE,THE BEAR HOUSE Blue Men Striped Slim Fit Shirt,1248,2495,50,,,Blue,https://assets.ajio.com/medias/sys_master/root/20230710/wCcY/64ac32e4a9b42d15c9497427/the_bear_house_blue_men_striped_slim_fit_shirt.jpg,https://www.ajio.com/the-bear-house-men-striped-slim-fit-shirt/p/466345554_blue
ajio,466133283,Men,Shirts,V-VIVID WAVE,V-VIVID WAVE White & Navy Blue Men Leaf Print Slim Fit Shirt with Patch Pocket,899,1499,40,,,Navy Blue,https://assets.ajio.com/medias/sys_master/root/20230629/CxRl/649cfabaa9b42d15c9214b97/v-vivid_wave_white_%26_navy_blue_men_leaf_print_slim_fit_shirt_with_patch_pocket.jpg,https://www.ajio.com/v-vivid-wave-men-leaf-print-slim-fit-shirt-with-patch-pocket/p/466133283_white
ajio,469435003,Men,Shirts,LOUIS PHILIPPE,LOUIS PHILIPPE Yellow Men Spread-Collar Slim Fit Shirt,1724,2299,25,,,Yellow,https://assets.ajio.com/medias/sys_master/root/20230112/6RCp/63bfb3ccf997dd708e011303/louis_philippe_yellow_men_spread-collar_slim_fit_shirt.jpg,https://www.ajio.com/louis-philippe-men-spread-collar-slim-fit-shirt/p/469435003_yellow
ajio,466219061,Men,Shirts,UrbanMark,UrbanMark Navy blue Men Checked Slim Fit Shirt,624,1599,61,,,Navy Blue,https://assets.ajio.com/medias/sys_master/root/20230531/d4z3/6476a0b242f9e729d700480b/urbanmark_navy_blue_men_checked_slim_fit_shirt.jpg,https://www.ajio.com/urbanmark-men-checked-slim-fit-shirt/p/466219061_navy
ajio,466709067,Men,Shirts,SNITCH,SNITCH Grey Men Slim Fit Shirt,999,1998,50,,,Grey,https://assets.ajio.com/medias/sys_master/root/20231015/OXqu/652c16e1ddf77915193d6da6/snitch_grey_men_slim_fit_shirt.jpg,https://www.ajio.com/snitch-men-slim-fit-shirt/p/466709067_grey
ajio,441415878,Men,Shirts,PARX,PARX Cream Men Mandarin Collar Slim Fit Shirt,960,2399,60,,,Cream,https://assets.ajio.com/medias/sys_master/root/20230320/2WRi/64188decaeb26924e3cfd6b8/parx_cream_men_mandarin_collar_slim_fit_shirt.jpg,https://www.ajio.com/parx-men-mandarin-collar-slim-fit-shirt/p/441415878_cream
ajio,466048481,Men,Shirts,iVOC,iVOC Maroon Men Micro Print Slim Fit Shirt with Patch Pocket,736,1599,54,,,Maroon,https://assets.ajio.com/medias/sys_master/root/20230412/Vp12/6436a819907deb497adb200c/ivoc_maroon_men_micro_print_slim_fit_shirt_with_patch_pocket.jpg,https://www.ajio.com/ivoc-men-micro-print-slim-fit-shirt-with-patch-pocket/p/466048481_maroon
ajio,465867618,Men,Shirts,SNITCH,SNITCH White Men Aztec Print Slim Fit Shirt,701,1798,61,,,White,https://assets.ajio.com/medias/sys_master/root/20230628/kYFQ/649ba900a9b42d15c90628bf/snitch_white_men_aztec_print_slim_fit_shirt.jpg,https://www.ajio.com/snitch-men-aztec-print-slim-fit-shirt/p/465867618_white
ajio,466165670,Men,Shirts,SNITCH,SNITCH Blue Men Printed Slim Fit Shirt,1199,2398,50,,,Blue,https://assets.ajio.com/medias/sys_master/root/20230519/LcL1/646682af42f9e729d799ba9c/snitch_blue_men_printed_slim_fit_shirt.jpg,https://www.ajio.com/snitch-men-printed-slim-fit-shirt/p/466165670_blue
ajio,466197940,Men,Shirts,DENNISLINGO PREMIUM ATTIRE Off,DENNISLINGO PREMIUM ATTIRE Off white Men Micro Print Slim Fit Shirt,594,2699,78,,,Off White,https://assets.ajio.com/medias/sys_master/root/20230526/d8Xb/647078d542f9e729d7ea4a4a/dennislingo_premium_attire_off_white_men_micro_print_slim_fit_shirt.jpg,https://www.ajio.com/dennislingo-premium-attire-men-micro-print-slim-fit-shirt/p/466197940_offwhite
ajio,469444437,Men,Shirts,Ketch,Ketch White Men Graphic Print Slim Fit Shirt,406,1449,72,,,White,https://assets.ajio.com/medias/sys_master/root/20230523/nPmW/646c7cf2d55b7d0c63d011ba/ketch_white_men_graphic_print_slim_fit_shirt.jpg,https://www.ajio.com/ketch-men-graphic-print-slim-fit-shirt/p/469444437_white
ajio,420372065,Men,Shirts,ACE MODE,ACE MODE Blue & White Men Checked Slim Fit Shirt with Patch Pocket,420,1049,60,,,White,https://assets.ajio.com/medias/sys_master/root/20230301/YBvO/63ff8e11aeb26924e39cf047/ace_mode_blue_%26_white_men_checked_slim_fit_shirt_with_patch_pocket.jpg,https://www.ajio.com/ace-mode-men-checked-slim-fit-shirt-with-patch-pocket/p/420372065_blue
ajio,469244515,Men,Shirts,TOMMY HILFIGER Tomm,"TOMMY HILFIGER  Tomm men shirts, pink, s",2559,3999,36,,,Pink,https://assets.ajio.com/medias/sys_master/root/20221226/1op3/63a9b1d4aeb269659c0bc6fb/tommy_hilfiger__tomm_men_shirts%2C_pink%2C_s.jpg,https://www.ajio.com/tommy-hilfiger-tomm-men-shirts-pink-s/p/469244515_pink
ajio,466235847,Men,Shirts,Allen Cooper,Allen Cooper Green Men Checked Slim Fit Shirt with Patch Pocket,1050,3499,70,,,Green,https://assets.ajio.com/medias/sys_master/root/20230605/OV0t/647e1fae42f9e729d724e1a3/allen_cooper_green_men_checked_slim_fit_shirt_with_patch_pocket.jpg,https://www.ajio.com/allen-cooper-men-checked-slim-fit-shirt-with-patch-pocket/p/466235847_green
ajio,441215026,Men,Shirts,INDIAN TERRAIN,INDIAN TERRAIN Teal Blue Men Checked Slim Fit Shirt with Patch Pocket,874,2299,62,,,Blue,https://assets.ajio.com/medias/sys_master/root/20220803/ybpH/62ea9504f997dd03e21f5795/indian_terrain_teal_blue_men_checked_slim_fit_shirt_with_patch_pocket.jpg,https://www.ajio.com/indian-terrain-men-checked-slim-fit-shirt-with-patch-pocket/p/441215026_teal
ajio,463389927,Men,Shirts,Lee,Lee Blue Men Checked Slim Fit Shirt with Patch Pocket,1200,2399,50,,,Blue,https://assets.ajio.com/medias/sys_master/root/20230621/sE2H/649223ad42f9e729d75a3fcc/lee_blue_men_checked_slim_fit_shirt_with_patch_pocket.jpg,https://www.ajio.com/lee-men-checked-slim-fit-shirt-with-patch-pocket/p/463389927_blue
ajio,441130102,Men,Shirts,JOHN PLAYERS,JOHN PLAYERS Navy Men Checked Slim Fit Shirt with Patch Pocket,540,1799,70,,,Navy,https://assets.ajio.com/medias/sys_master/root/20211208/P6n2/61aff667aeb269011002dc22/john_players_navy_men_checked_slim_fit_shirt_with_patch_pocket.jpg,https://www.ajio.com/john-players-men-checked-slim-fit-shirt-with-patch-pocket/p/441130102_navy
ajio,466700831,Men,Shirts,BIG BANANA,BIG BANANA Navy blue Men Regular Fit Polo T-Shirt with Short Sleeves,828,2299,64,,,Navy Blue,https://assets.ajio.com/medias/sys_master/root/20231012/doH9/6527f70fafa4cf41f53ee4cf/big_banana_navy_blue_men_regular_fit_polo_t-shirt_with_short_sleeves.jpg,https://www.ajio.com/big-banana-men-regular-fit-polo-t-shirt-with-short-sleeves/p/466700831_navy
ajio,469242832,Men,Shirts,Ketch,Ketch Pink Men Micro Print Slim Fit Shirt with Patch Pocket,412,1249,67,,,Pink,https://assets.ajio.com/medias/sys_master/root/20220805/DqMW/62ed2a68f997dd03e22717ed/ketch_pink_men_micro_print_slim_fit_shirt_with_patch_pocket.jpg,https://www.ajio.com/ketch-men-micro-print-slim-fit-shirt-with-patch-pocket/p/469242832_pink
ajio,469292824,Men,Shirts,ARROW,ARROW Blue Men Checked Slim Fit Shirt with Patch Pocket,1400,2799,50,,,Blue,https://assets.ajio.com/medias/sys_master/root/20220909/iqPe/631b3342aeb269dbb37e6491/arrow_blue_men_checked_slim_fit_shirt_with_patch_pocket.jpg,https://www.ajio.com/arrow-men-checked-slim-fit-shirt-with-patch-pocket/p/469292824_blue
ajio,465994023,Men,Shirts,Rare Rabbit,Rare Rabbit Green Men Spread Collar Slim Fit Shirt,2249,2999,25,,,Green,https://assets.ajio.com/medias/sys_master/root/20230629/35ep/649cc635eebac147fc3094ab/rare_rabbit_green_men_spread_collar_slim_fit_shirt.jpg,https://www.ajio.com/rare-rabbit-men-spread-collar-slim-fit-shirt/p/465994023_green
ajio,460436289,Men,Shirts,The Indian Garage Co,The Indian Garage Co Olive Green Men Printed Slim Fit Cotton Shirt,612,1749,65,,,Green,https://assets.ajio.com/medias/sys_master/root/20230313/Knkh/640f3aedaeb26924e3baf1c0/the_indian_garage_co_olive_green_men_printed_slim_fit_cotton_shirt.jpg,https://www.ajio.com/the-indian-garage-co-men-printed-slim-fit-cotton-shirt/p/460436289_olive
ajio,469228147,Men,Shirts,Ketch,Ketch Blue Men Graphic Print Slim Fit Shirt,507,1449,65,,,Blue,https://assets.ajio.com/medias/sys_master/root/20221026/LElE/6358366daeb269659c59d526/ketch_blue_men_graphic_print_slim_fit_shirt.jpg,https://www.ajio.com/ketch-men-graphic-print-slim-fit-shirt/p/469228147_blue
ajio,469444424,Men,Shirts,Ketch,Ketch Black Men Checked Slim Fit Shirt,480,1999,76,,,Black,https://assets.ajio.com/medias/sys_master/root/20230523/KS3j/646c7a26d55b7d0c63d00463/ketch_black_men_checked_slim_fit_shirt.jpg,https://www.ajio.com/ketch-men-checked-slim-fit-shirt/p/469444424_black
ajio,469533291,Men,Shirts,ALLEN SOLLY,ALLEN SOLLY Blue Men Slim Fit Shirt with Patch Pocket,1494,2299,35,,,Blue,https://assets.ajio.com/medias/sys_master/root/20230713/XvGz/64b028fea9b42d15c9522bcb/allen_solly_blue_men_slim_fit_shirt_with_patch_pocket.jpg,https://www.ajio.com/allen-solly-men-slim-fit-shirt-with-patch-pocket/p/469533291_blue
ajio,443009692,Men,Shirts,NETPLAY,NETPLAY Navy Blue Men Checked Slim Fit Shirt with Patch Pocket,944,1049,10,,,Navy Blue,https://assets.ajio.com/medias/sys_master/root/20230428/CqEr/644bea75d55b7d0c6387b7bb/netplay_navy_blue_men_checked_slim_fit_shirt_with_patch_pocket.jpg,https://www.ajio.com/netplay-men-checked-slim-fit-shirt-with-patch-pocket/p/443009692_navy
ajio,466285218,Men,Shirts,SNITCH,SNITCH Blue Men Geometric Print Slim Fit Shirt with Spread Collar,701,2598,73,,,Blue,https://assets.ajio.com/medias/sys_master/root/20230619/6QFl/6490424ad55b7d0c6373e500/snitch_blue_men_geometric_print_slim_fit_shirt_with_spread_collar.jpg,https://www.ajio.com/snitch-men-geometric-print-slim-fit-shirt-with-spread-collar/p/466285218_blue
ajio,464136293,Men,Shirts,YOVISH Royal,YOVISH Royal Blue Men Striped Slim Fit Shirt with Patch Pocket,875,3499,75,,,Blue,https://assets.ajio.com/medias/sys_master/root/20230629/ywGH/649d2856a9b42d15c926a1de/yovish_royal_blue_men_striped_slim_fit_shirt_with_patch_pocket.jpg,https://www.ajio.com/yovish-men-striped-slim-fit-shirt-with-patch-pocket/p/464136293_blue
ajio,464475249,Men,Shirts,JAINISH,JAINISH Black Men Solid Regular Fit Shirt,545,1299,58,,,Black,https://assets.ajio.com/medias/sys_master/root/20230623/NGsw/6494d10ed55b7d0c63a6e2c6/jainish_black_men_solid_regular_fit_shirt.jpg,https://www.ajio.com/jainish-men-solid-regular-fit-shirt/p/464475249_black
ajio,466528703,Men,Shirts,DENNISLINGO PREMIUM ATTIRE,DENNISLINGO PREMIUM ATTIRE Blue Men Striped Slim Fit Shirt,780,2599,70,,,Blue,https://assets.ajio.com/medias/sys_master/root/20230905/bCBA/64f681a2ddf7791519983957/dennislingo_premium_attire_blue_men_striped_slim_fit_shirt.jpg,https://www.ajio.com/dennislingo-premium-attire-men-striped-slim-fit-shirt/p/466528703_blue
ajio,443018320,Men,Shirts,DNMX,DNMX Grey Men Floral Print Slim Fit Shirt,899,999,10,,,Grey,https://assets.ajio.com/medias/sys_master/root/20230630/0XTj/649ef3b9a9b42d15c92da02e/dnmx_grey_men_floral_print_slim_fit_shirt.jpg,https://www.ajio.com/dnmx-men-floral-print-slim-fit-shirt/p/443018320_grey
ajio,466419284,Men,Shirts,JAINISH Coffee,JAINISH Coffee Men Printed Slim Fit Shirt with Spread Collar,545,1999,73,,,,https://assets.ajio.com/medias/sys_master/root/20230804/lwan/64cc29b5a9b42d15c98a814b/jainish_coffee_men_printed_slim_fit_shirt_with_spread_collar.jpg,https://www.ajio.com/jainish-men-printed-slim-fit-shirt-with-spread-collar/p/466419284_coffee
ajio,466376639,Men,Shirts,THE BEAR HOUSE,THE BEAR HOUSE Blue Men Striped Slim Fit Shirt with Patch Pocket,1497,2495,40,,,Blue,https://assets.ajio.com/medias/sys_master/root/20230721/mtCX/64ba89c7a9b42d15c9685344/the_bear_house_blue_men_striped_slim_fit_shirt_with_patch_pocket.jpg,https://www.ajio.com/the-bear-house-men-striped-slim-fit-shirt-with-patch-pocket/p/466376639_blue
ajio,441205425,Men,Shirts,DJ & C,DJ & C Black Men Checked Slim Fit Shirt with Patch Pocket,709,999,29,,,Black,https://assets.ajio.com/medias/sys_master/root/20220606/QgV3/629e2236f997dd03e266ead1/dj_%26_c_black_men_checked_slim_fit_shirt_with_patch_pocket.jpg,https://www.ajio.com/dj--c-men-checked-slim-fit-shirt-with-patch-pocket/p/441205425_black
ajio,469079400,Men,Shirts,U.S. Polo Assn.,U.S. Polo Assn. White Men Printed Slim Fit Shirt with Patch Pocket,1187,2199,46,,,White,https://assets.ajio.com/medias/sys_master/root/20220808/UlH1/62f127d4f997dd03e22d0a9c/u.s._polo_assn._white_men_printed_slim_fit_shirt_with_patch_pocket.jpg,https://www.ajio.com/u-s-polo-assn-men-printed-slim-fit-shirt-with-patch-pocket/p/469079400_ivory
ajio,466722296,Men,Shirts,CODE by lifestyle,CODE by lifestyle Red Men Checked Regular Fit Shirt,1839,2299,20,,,Red,https://assets.ajio.com/medias/sys_master/root/20231018/idKl/652fe315ddf779151946be5c/code_by_lifestyle_red_men_checked_regular_fit_shirt.jpg,https://www.ajio.com/code-by-lifestyle-men-checked-regular-fit-shirt/p/466722296_red
ajio,465526396,Men,Shirts,Rare Rabbit,Rare Rabbit Olive Men Slim Fit Shirt with Spread Collar,2624,3499,25,,,Olive,https://assets.ajio.com/medias/sys_master/root/20230624/I3iZ/6496f411a9b42d15c9ee09f1/rare_rabbit_olive_men_slim_fit_shirt_with_spread_collar.jpg,https://www.ajio.com/rare-rabbit-men-slim-fit-shirt-with-spread-collar/p/465526396_olive
ajio,469464891,Men,Shirts,Arrow Sports,Arrow Sports Maroon Red Men Checked Slim Fit Shirt,1000,2499,60,,,Maroon,https://assets.ajio.com/medias/sys_master/root/20230425/o4lP/6447f655d55b7d0c637efd61/arrow_sports_maroon_red_men_checked_slim_fit_shirt.jpg,https://www.ajio.com/arrow-sports-men-checked-slim-fit-shirt/p/469464891_maroon
ajio,420358964,Men,Shirts,ROXTAR,ROXTAR Multicoloured Men Checked Slim Fit Shirt,220,549,60,,,,https://assets.ajio.com/medias/sys_master/root/20230518/oaf0/64664c90d55b7d0c63c41be7/roxtar_multicoloured_men_checked_slim_fit_shirt.jpg,https://www.ajio.com/roxtar-men-checked-slim-fit-shirt/p/420358964_white
ajio,466732557,Men,Shirts,Miarcus,Miarcus Cream Men Regular Fit Striped Polo T-Shirt,559,699,20,,,Cream,https://assets.ajio.com/medias/sys_master/root/20231021/ouL1/6532dedcddf77915194fe34c/miarcus_cream_men_regular_fit_striped_polo_t-shirt.jpg,https://www.ajio.com/miarcus-men-regular-fit-striped-polo-t-shirt/p/466732557_cream
ajio,466388423,Men,Shirts,Puma,Puma Yellow Men Ess Slim Fit Polo T-Shirt,731,1699,57,,,Yellow,https://assets.ajio.com/medias/sys_master/root/20231012/1Eey/6527aa68afa4cf41f53d7bc0/puma_yellow_men_ess_slim_fit_polo_t-shirt.jpg,https://www.ajio.com/puma-men-ess-slim-fit-polo-t-shirt/p/466388423_yellow
ajio,469170356,Men,Shirts,SPYKAR,SPYKAR Yellow Men Checked Slim Fit Shirt,1127,2299,51,,,Yellow,https://assets.ajio.com/medias/sys_master/root/20230519/bH4s/6466734dd55b7d0c63c534e1/spykar_yellow_men_checked_slim_fit_shirt.jpg,https://www.ajio.com/spykar-men-checked-slim-fit-shirt/p/469170356_yellow
ajio,469275841,Men,Shirts,Buda Jeans Co,Buda Jeans Co Navy Blue Men Geometric Print Slim Fit Shirt,750,1499,50,,,Navy Blue,https://assets.ajio.com/medias/sys_master/root/20230307/md74/6407527caeb26924e3ad38f2/buda_jeans_co_navy_blue_men_geometric_print_slim_fit_shirt.jpg,https://www.ajio.com/buda-jeans-co-men-geometric-print-slim-fit-shirt/p/469275841_navy
ajio,465811648,Men,Shirts,Rare Rabbit,Rare Rabbit White Men Striped Slim Fit Shirt,2239,2799,20,,,White,https://assets.ajio.com/medias/sys_master/root/20230629/jdID/649d0a15a9b42d15c9231863/rare_rabbit_white_men_striped_slim_fit_shirt.jpg,https://www.ajio.com/rare-rabbit-men-striped-slim-fit-shirt/p/465811648_white
ajio,441775422,Men,Shirts,SIN,SIN Blue Men Checked Slim Fit Shirt,736,1599,54,,,Blue,https://assets.ajio.com/medias/sys_master/root/20230124/4x1U/63cfb436f997dd708e1e79b2/sin_blue_men_checked_slim_fit_shirt.jpg,https://www.ajio.com/sin-men-checked-slim-fit-shirt/p/441775422_skyblue
ajio,463378832,Men,Shirts,THE BEAR HOUSE,THE BEAR HOUSE Blue Men Checked Slim Fit Shirt with Patch Pocket,1248,2495,50,,,Blue,https://assets.ajio.com/medias/sys_master/root/20230621/QuJ6/6492217b42f9e729d759d779/the_bear_house_blue_men_checked_slim_fit_shirt_with_patch_pocket.jpg,https://www.ajio.com/the-bear-house-men-checked-slim-fit-shirt-with-patch-pocket/p/463378832_blue
ajio,466205585,Men,Shirts,Rare Rabbit,Rare Rabbit Beige Men Checked Slim Fit Cotton Shirt,2099,2799,25,,,Beige,https://assets.ajio.com/medias/sys_master/root/20230529/4FsL/6474aa2bd55b7d0c631b4838/rare_rabbit_beige_men_checked_slim_fit_cotton_shirt.jpg,https://www.ajio.com/rare-rabbit-men-checked-slim-fit-cotton-shirt/p/466205585_beige
ajio,443009481,Men,Shirts,NETPLAY,NETPLAY White Men Ditsy Print Slim Fit Shirt,525,1049,50,,,White,https://assets.ajio.com/medias/sys_master/root/20230223/IvuX/63f70a47aeb26924e387141d/netplay_white_men_ditsy_print_slim_fit_shirt.jpg,https://www.ajio.com/netplay-men-ditsy-print-slim-fit-shirt/p/443009481_white
ajio,469332683,Men,Shirts,Ketch,Ketch Blue Men Slim Fit Shirt with Patch Pocket,363,1649,78,,,Blue,https://assets.ajio.com/medias/sys_master/root/20230118/vbag/63c812f6f997dd708e11f57b/ketch_blue_men_slim_fit_shirt_with_patch_pocket.jpg,https://www.ajio.com/ketch-men-slim-fit-shirt-with-patch-pocket/p/469332683_blue
ajio,441536907,Men,Shirts,SIN,SIN White Men Striped Slim Fit Hooded Shirt with Patch Pocket,874,1899,54,,,White,https://assets.ajio.com/medias/sys_master/root/20230113/6VCU/63c17095f997dd708e0704c0/sin_white_men_striped_slim_fit_hooded_shirt_with_patch_pocket.jpg,https://www.ajio.com/sin-men-striped-slim-fit-hooded-shirt-with-patch-pocket/p/441536907_white
ajio,461137520,Men,Shirts,Campus Sutra,Campus Sutra Blue Men Checked Regular Fit Shirt,750,1499,50,,,Blue,https://assets.ajio.com/medias/sys_master/root/20230906/Cm3V/64f817daddf7791519a72983/campus_sutra_blue_men_checked_regular_fit_shirt.jpg,https://www.ajio.com/campus-sutra-men-checked-regular-fit-shirt/p/461137520_blue
ajio,441207158,Men,Shirts,DJ & C,DJ & C Black Men Checked Slim Fit Shirt,709,999,29,,,Black,https://assets.ajio.com/medias/sys_master/root/20220718/uPdi/62d5752caeb26921af80f5a2/dj_%26_c_black_men_checked_slim_fit_shirt.jpg,https://www.ajio.com/dj--c-men-checked-slim-fit-shirt/p/441207158_black
ajio,466254042,Men,Shirts,PARK AVENUE,PARK AVENUE Blue Men Striped Slim Fit Shirt,990,2199,55,,,Blue,https://assets.ajio.com/medias/sys_master/root/20230608/IfLj/6481d863d55b7d0c6359d113/park_avenue_blue_men_striped_slim_fit_shirt.jpg,https://www.ajio.com/park-avenue-men-striped-slim-fit-shirt/p/466254042_blue
ajio,466390210,Men,Shirts,PARK AVENUE,PARK AVENUE Blue Men Micro Print Slim Fit Shirt with Patch Pocket,990,2199,55,,,Blue,https://assets.ajio.com/medias/sys_master/root/20230727/NbWw/64c24596eebac147fc8c3a2b/park_avenue_blue_men_micro_print_slim_fit_shirt_with_patch_pocket.jpg,https://www.ajio.com/park-avenue-men-micro-print-slim-fit-shirt-with-patch-pocket/p/466390210_blue
ajio,469562359,Men,Shirts,ALLEN SOLLY,ALLEN SOLLY Blue Men Slim Fit Shirt with Patch Pocket,1332,2049,35,,,Blue,https://assets.ajio.com/medias/sys_master/root/20231020/UK1b/6532053bafa4cf41f55346c0/allen_solly_blue_men_slim_fit_shirt_with_patch_pocket.jpg,https://www.ajio.com/allen-solly-men-slim-fit-shirt-with-patch-pocket/p/469562359_blue
ajio,466324739,Men,Shirts,THE BEAR HOUSE,THE BEAR HOUSE Blue Men Checked Slim Fit Shirt,1497,2495,40,,,Blue,https://assets.ajio.com/medias/sys_master/root/20230703/rheI/64a2f792a9b42d15c931b980/the_bear_house_blue_men_checked_slim_fit_shirt.jpg,https://www.ajio.com/the-bear-house-men-checked-slim-fit-shirt/p/466324739_blue
ajio,466458755,Men,Shirts,SNITCH,SNITCH Green Men Printed Slim Fit Shirt,701,1798,61,,,Green,https://assets.ajio.com/medias/sys_master/root/20230814/Iz0S/64da2fa8eebac147fcc859ce/snitch_green_men_printed_slim_fit_shirt.jpg,https://www.ajio.com/snitch-men-printed-slim-fit-shirt/p/466458755_green
ajio,441654408,Men,Shirts,PARK AVENUE,PARK AVENUE Purple Men Spread Collar Regular Fit Shirt,1620,3599,55,,,Purple,https://assets.ajio.com/medias/sys_master/root/20230321/JAbK/6418ca02f997dde6f40d7db3/park_avenue_purple_men_spread_collar_regular_fit_shirt.jpg,https://www.ajio.com/park-avenue-men-spread-collar-regular-fit-shirt/p/441654408_purple
ajio,469486676,Men,Shirts,Ketch,Ketch Pink Men Floral Print Slim Fit Shirt,444,1849,76,,,Pink,https://assets.ajio.com/medias/sys_master/root/20230523/DAQP/646c7b10d55b7d0c63d006af/ketch_pink_men_floral_print_slim_fit_shirt.jpg,https://www.ajio.com/ketch-men-floral-print-slim-fit-shirt/p/469486676_pink
ajio,469220571,Men,Shirts,VAN HEUSEN,VAN HEUSEN Maroon Men Printed Slim Fit Cotton Shirt,1274,2599,51,,,Maroon,https://assets.ajio.com/medias/sys_master/root/20220531/A1pe/629611e5f997dd03e24ff663/van_heusen_maroon_men_printed_slim_fit_cotton_shirt.jpg,https://www.ajio.com/van-heusen-men-printed-slim-fit-cotton-shirt/p/469220571_pink
ajio,462245765,Men,Shirts,SHOWOFF,SHOWOFF Navy Men Full Sleeves Slim Fit Shirt,1170,2600,55,,,Navy,https://assets.ajio.com/medias/sys_master/root/20210402/5nqq/60663bf37cdb8c1f14736737/showoff_navy_men_full_sleeves_slim_fit_shirt.jpg,https://www.ajio.com/showoff-men-full-sleeves-slim-fit-shirt/p/462245765_navy
ajio,466283867,Men,Shirts,Rare Rabbit,Rare Rabbit Navy Men Floral Print Slim Fit Shirt,1755,3899,55,,,Navy,https://assets.ajio.com/medias/sys_master/root/20230617/Un7q/648ce1f042f9e729d7490011/rare_rabbit_navy_men_floral_print_slim_fit_shirt.jpg,https://www.ajio.com/rare-rabbit-men-floral-print-slim-fit-shirt/p/466283867_navy
ajio,464921407,Men,Shirts,Readiprint Fashions,Readiprint Fashions Mustard Men Floral Print Regular Fit Shirt,540,1800,70,,,Mustard,https://assets.ajio.com/medias/sys_master/root/20230623/slHT/64954609d55b7d0c63b7694e/readiprint_fashions_mustard_men_floral_print_regular_fit_shirt.jpg,https://www.ajio.com/readiprint-fashions-men-floral-print-regular-fit-shirt/p/464921407_mustard
ajio,420452183,Men,Shirts,BOY,BOY CODE Yellow Micro Print Relaxed Fit Shirt,454,649,30,,,Yellow,https://assets.ajio.com/medias/sys_master/root/20230113/gibm/63c16f43aeb269c651dfd0e8/boy_code_yellow_micro_print_relaxed_fit_shirt.jpg,https://www.ajio.com/boy-code-micro-print-relaxed-fit-shirt/p/420452183_lgtyellow
ajio,441943774,Men,Shirts,Lee,Lee White Men Striped Slim Fit Shirt,1100,2199,50,,,White,https://assets.ajio.com/medias/sys_master/root/20230221/vJ4s/63f46c0aaeb26924e37e96ce/lee_white_men_striped_slim_fit_shirt.jpg,https://www.ajio.com/lee-men-striped-slim-fit-shirt/p/441943774_olive
ajio,465303442,Men,Shirts,SANISHTH,SANISHTH Green Men Slim Fit Shirt with Spread Collar,475,1899,75,,,Green,https://assets.ajio.com/medias/sys_master/root/20230117/tfaw/63c6870aaeb269c651e7d4c4/sanishth_green_men_slim_fit_shirt_with_spread_collar.jpg,https://www.ajio.com/sanishth-men-slim-fit-shirt-with-spread-collar/p/465303442_green
ajio,466287735,Men,Shirts,ALDENO,ALDENO Blue Men Plaid Checked Regular Fit Shirt,2000,3999,50,,,Blue,https://assets.ajio.com/medias/sys_master/root/20230619/ench/64905be442f9e729d74d0102/aldeno_blue_men_plaid_checked_regular_fit_shirt.jpg,https://www.ajio.com/aldeno-men-plaid-checked-regular-fit-shirt/p/466287735_blue
ajio,442092697,Men,Shirts,SIN,SIN Black Men Slim Fit Denim Shirt with Flap Pocket,1196,1899,37,,,Black,https://assets.ajio.com/medias/sys_master/root/20230605/W9iP/647e0a69d55b7d0c634dafc4/sin_black_men_slim_fit_denim_shirt_with_flap_pocket.jpg,https://www.ajio.com/sin-men-slim-fit-denim-shirt-with-flap-pocket/p/442092697_black
ajio,466293294,Men,Shirts,SNITCH,SNITCH Brown Men Printed Slim Fit Shirt with Spread Collar,899,1798,50,,,Brown,https://assets.ajio.com/medias/sys_master/root/20230621/OwMd/6492e536d55b7d0c639b3bbe/snitch_brown_men_printed_slim_fit_shirt_with_spread_collar.jpg,https://www.ajio.com/snitch-men-printed-slim-fit-shirt-with-spread-collar/p/466293294_brown
ajio,465905625,Men,Shirts,GRANDSTITCH,GRANDSTITCH White Men Printed Slim Fit Shirt with Spread Collar,496,1999,75,,,White,https://assets.ajio.com/medias/sys_master/root/20230313/FXfv/640efd07f997dde6f4f31cb6/grandstitch_white_men_printed_slim_fit_shirt_with_spread_collar.jpg,https://www.ajio.com/grandstitch-men-printed-slim-fit-shirt-with-spread-collar/p/465905625_white
ajio,469125840,Men,Shirts,ARROW,ARROW Blue Men Checked Slim Fit Shirt with Patch Pocket,1350,2699,50,,,Blue,https://assets.ajio.com/medias/sys_master/root/20230128/xsO3/63d4e0e8f997dd708e285810/arrow_blue_men_checked_slim_fit_shirt_with_patch_pocket.jpg,https://www.ajio.com/arrow-men-checked-slim-fit-shirt-with-patch-pocket/p/469125840_dkblue
ajio,466478191,Men,Shirts,CRIMSOUNE CLUB,CRIMSOUNE CLUB Blue Men Checked Slim Fit Shirt with Patch Pocket,900,1799,50,,,Blue,https://assets.ajio.com/medias/sys_master/root/20230822/uUTw/64e3e4a2afa4cf41f5662a1e/crimsoune_club_blue_men_checked_slim_fit_shirt_with_patch_pocket.jpg,https://www.ajio.com/crimsoune-club-men-checked-slim-fit-shirt-with-patch-pocket/p/466478191_blue
ajio,461380338,Men,Shirts,GESPO,GESPO White Men Slim Fit Short Sleeves Shirt,387,899,57,,,White,https://assets.ajio.com/medias/sys_master/root/20230602/un59/64792d1842f9e729d70b8fe4/gespo_white_men_slim_fit_short_sleeves_shirt.jpg,https://www.ajio.com/gespo-men-slim-fit-short-sleeves-shirt/p/461380338_white
ajio,469092246,Men,Shirts,Ketch,Ketch Pink & White Men Colourblock Slim Fit Spread Collar Shirt,362,1249,71,,,White,https://assets.ajio.com/medias/sys_master/root/20220119/u5o0/61e82a5daeb2695cdd1d4c72/ketch_pink_%26_white_men_colourblock_slim_fit_spread_collar_shirt.jpg,https://www.ajio.com/ketch-men-colourblock-slim-fit-spread-collar-shirt/p/469092246_pinkwhite
ajio,466682646,Men,Shirts,SHOWOFF,SHOWOFF Navy Blue Men Slim Fit Shirt with Band Collar,924,2310,60,,,Navy Blue,https://assets.ajio.com/medias/sys_master/root/20231007/feGD/65206074ddf779151928143a/showoff_navy_blue_men_slim_fit_shirt_with_band_collar.jpg,https://www.ajio.com/showoff-men-slim-fit-shirt-with-band-collar/p/466682646_navy
ajio,464014805,Men,Shirts,iVOC,iVOC Purple Men Slim Fit Shirt with Flap Pockets,725,2499,71,,,Purple,https://assets.ajio.com/medias/sys_master/root/20230621/McST/6492ab1ad55b7d0c639459d3/ivoc_purple_men_slim_fit_shirt_with_flap_pockets.jpg,https://www.ajio.com/ivoc-men-slim-fit-shirt-with-flap-pockets/p/464014805_purple
ajio,469114487,Men,Shirts,LEVIS,LEVIS Blue Men Checked Slim Fit Shirt with Patch Pocket,1937,3799,49,,,Blue,https://assets.ajio.com/medias/sys_master/root/20220627/dKiX/62b95e6bf997dd03e29f25c4/levis_blue_men_checked_slim_fit_shirt_with_patch_pocket.jpg,https://www.ajio.com/levis-men-checked-slim-fit-shirt-with-patch-pocket/p/469114487_blue
ajio,441592798,Men,Shirts,ECKO UNLTD,ECKO UNLTD Navy Blue Men Checked Slim Fit Shirt with Flap Pockets,540,1799,70,,,Navy Blue,https://assets.ajio.com/medias/sys_master/root/20221022/N8hW/6352e7a5f997ddfdbd3a8d42/ecko_unltd_navy_blue_men_checked_slim_fit_shirt_with_flap_pockets.jpg,https://www.ajio.com/ecko-unltd-men-checked-slim-fit-shirt-with-flap-pockets/p/441592798_grey
ajio,420434708,Men,Shirts,BREAKPOINT,BREAKPOINT Khaki Men Checked Slim Fit Shirt,500,999,50,,,Khaki,https://assets.ajio.com/medias/sys_master/root/20230313/gSsm/640f45d0aeb26924e3bb250d/breakpoint_khaki_men_checked_slim_fit_shirt.jpg,https://www.ajio.com/breakpoint-men-checked-slim-fit-shirt/p/420434708_khaki
ajio,465867187,Men,Shirts,SNITCH,SNITCH Black Men Printed Slim Fit Shirt with Spread Collar,857,2598,67,,,Black,https://assets.ajio.com/medias/sys_master/root/20230628/nz7h/649be70aa9b42d15c90d8827/snitch_black_men_printed_slim_fit_shirt_with_spread_collar.jpg,https://www.ajio.com/snitch-men-printed-slim-fit-shirt-with-spread-collar/p/465867187_black
ajio,469412619,Men,Shirts,SIN,SIN Green Men Checked Slim Fit Shirt,1007,1599,37,,,Green,https://assets.ajio.com/medias/sys_master/root/20230117/VBus/63c652b5aeb269c651e54eb2/sin_green_men_checked_slim_fit_shirt.jpg,https://www.ajio.com/sin-men-checked-slim-fit-shirt/p/469412619_green
ajio,441891492,Men,Shirts,INDIAN TERRAIN,INDIAN TERRAIN Black Men Micro Print Slim Fit Shirt with Patch Pocket,946,2199,57,,,Black,https://assets.ajio.com/medias/sys_master/root/20230529/KLKv/6474b77c42f9e729d7f1792b/indian_terrain_black_men_micro_print_slim_fit_shirt_with_patch_pocket.jpg,https://www.ajio.com/indian-terrain-men-micro-print-slim-fit-shirt-with-patch-pocket/p/441891492_black
ajio,441667046,Men,Shirts,MUFTI,MUFTI Indigo Blue Men Striped Cotton Slim Fit Shirt,1450,2899,50,,,Indigo,https://assets.ajio.com/medias/sys_master/root/20230626/jo6V/6499b2dea9b42d15c9f3dd5e/mufti_indigo_blue_men_striped_cotton_slim_fit_shirt.jpg,https://www.ajio.com/mufti-men-striped-cotton-slim-fit-shirt/p/441667046_indigo
ajio,469444445,Men,Shirts,Ketch,Ketch Multicoloured Men Striped Slim Fit Shirt,387,1549,75,,,,https://assets.ajio.com/medias/sys_master/root/20230523/cRRC/646c7a9c42f9e729d7a46d62/ketch_multicoloured_men_striped_slim_fit_shirt.jpg,https://www.ajio.com/ketch-men-striped-slim-fit-shirt/p/469444445_pink
ajio,420278743,Men,Shirts,WOODSMAN,WOODSMAN Purple Men Checked Slim Fit Shirt,499,499,0,,,Purple,https://assets.ajio.com/medias/sys_master/root/20230713/aWKf/64b02361eebac147fc6a83c4/woodsman_purple_men_checked_slim_fit_shirt.jpg,https://www.ajio.com/woodsman-men-checked-slim-fit-shirt/p/420278743_purple
ajio,469298217,Men,Shirts,LOUIS PHILIPPE,LOUIS PHILIPPE Blue Men Checked Slim Fit Shirt with Patch Pocket,2402,2699,11,,,Blue,https://assets.ajio.com/medias/sys_master/root/20220906/UcWl/63167abeaeb269dbb36fa496/louis_philippe_blue_men_checked_slim_fit_shirt_with_patch_pocket.jpg,https://www.ajio.com/louis-philippe-men-checked-slim-fit-shirt-with-patch-pocket/p/469298217_blue
ajio,464138815,Men,Shirts,YOVISH,YOVISH Navy Men Striped Slim Fit Shirt with Patch Pocket,1155,3499,67,,,Navy,https://assets.ajio.com/medias/sys_master/root/20230502/wdX3/6450ced2d55b7d0c638beee2/yovish_navy_men_striped_slim_fit_shirt_with_patch_pocket.jpg,https://www.ajio.com/yovish-men-striped-slim-fit-shirt-with-patch-pocket/p/464138815_navy
ajio,441338701,Men,Shirts,INDIAN TERRAIN,INDIAN TERRAIN Orange Men Printed Slim Fit Shirt,1092,2599,58,,,Orange,https://assets.ajio.com/medias/sys_master/root/20230717/EHob/64b5713fa9b42d15c95bb008/indian_terrain_orange_men_printed_slim_fit_shirt.jpg,https://www.ajio.com/indian-terrain-men-printed-slim-fit-shirt/p/441338701_redmelange
ajio,441678467,Men,Shirts,PARK AVENUE,PARK AVENUE Blue Men Slim Fit Cutaway Collar Shirt,1080,2399,55,,,Blue,https://assets.ajio.com/medias/sys_master/root/20230420/Br77/64413b25907deb497af6b570/park_avenue_blue_men_slim_fit_cutaway_collar_shirt.jpg,https://www.ajio.com/park-avenue-men-slim-fit-cutaway-collar-shirt/p/441678467_blue
ajio,460789287,Men,Shirts,The Indian Garage Co,The Indian Garage Co Navy Blue Men Gradation Striped Slim Fit Shirt,612,1749,65,,,Navy Blue,https://assets.ajio.com/medias/sys_master/root/20230524/xdCB/646e3b3142f9e729d7ab512b/the_indian_garage_co_navy_blue_men_gradation_striped_slim_fit_shirt.jpg,https://www.ajio.com/the-indian-garage-co-men-gradation-striped-slim-fit-shirt/p/460789287_navy
ajio,466103813,Men,Shirts,CRIMSOUNE CLUB,CRIMSOUNE CLUB Blue Men Striped Slim Fit Shirt,900,1799,50,,,Blue,https://assets.ajio.com/medias/sys_master/root/20230429/DrBl/644d489442f9e729d75ad7c6/crimsoune_club_blue_men_striped_slim_fit_shirt.jpg,https://www.ajio.com/crimsoune-club-men-striped-slim-fit-shirt/p/466103813_blue
ajio,466684998,Men,Shirts,Game Keeper,Game Keeper Nude Men Graphic Regular Fit Crew-Neck T-Shirt,399,1999,80,,,Nude,https://assets.ajio.com/medias/sys_master/root/20231009/bBds/652428e0afa4cf41f534c4fb/game_keeper_nude_men_graphic_regular_fit_crew-neck_t-shirt.jpg,https://www.ajio.com/game-keeper-men-graphic-regular-fit-crew-neck-t-shirt/p/466684998_nude
ajio,469412243,Men,Shirts,Ketch,Ketch Khaki Men Camo Print Slim Fit Shirt,546,1949,72,,,Khaki,https://assets.ajio.com/medias/sys_master/root/20230523/qp16/646c7cf442f9e729d7a47bf8/ketch_khaki_men_camo_print_slim_fit_shirt.jpg,https://www.ajio.com/ketch-men-camo-print-slim-fit-shirt/p/469412243_khaki
ajio,465270354,Men,Shirts,CROCODILE,CROCODILE Blue Men Striped Slim Fit Shirt,1250,2499,50,,,Blue,https://assets.ajio.com/medias/sys_master/root/20230624/Rwoh/649699cca9b42d15c9e35374/crocodile_blue_men_striped_slim_fit_shirt.jpg,https://www.ajio.com/crocodile-men-striped-slim-fit-shirt/p/465270354_indigo
ajio,443016110,Men,Shirts,PERFORMAX,PERFORMAX Blue & Maroon Men Regular Fit Crew-Neck T-Shirt,699,999,30,,,Maroon,https://assets.ajio.com/medias/sys_master/root/20231025/ZfGE/65392fe6ddf77915195a3831/performax_blue_%26_maroon_men_regular_fit_crew-neck_t-shirt.jpg,https://www.ajio.com/performax-men-regular-fit-crew-neck-t-shirt/p/443016110_darkblue
ajio,466731552,Men,Shirts,Cantabil,Cantabil Green olive Men Regular Fit Typographic Print T-Shirt,640,1599,60,,,Green,https://assets.ajio.com/medias/sys_master/root/20231020/t7Ua/6532567eddf77915194dc231/cantabil_green_olive_men_regular_fit_typographic_print_t-shirt.jpg,https://www.ajio.com/cantabil-men-regular-fit-typographic-print-t-shirt/p/466731552_green
ajio,469503022,Men,Shirts,Arrow Sports,Arrow Sports White Men Checked Slim Fit Cotton Shirt,1511,2399,37,,,White,https://assets.ajio.com/medias/sys_master/root/20230710/s6mt/64ac29b6eebac147fc61278f/arrow_sports_white_men_checked_slim_fit_cotton_shirt.jpg,https://www.ajio.com/arrow-sports-men-checked-slim-fit-cotton-shirt/p/469503022_white
ajio,441699537,Men,Shirts,PARX,PARX Brown Men Cutaway Collar Slim Fit Shirt,760,1899,60,,,Brown,https://assets.ajio.com/medias/sys_master/root/20230320/d1n0/64187045f997dde6f40965fc/parx_brown_men_cutaway_collar_slim_fit_shirt.jpg,https://www.ajio.com/parx-men-cutaway-collar-slim-fit-shirt/p/441699537_dkbrown
ajio,466524779,Men,Shirts,JB JUST,JB JUST BLACK Grey Men Slim Fit Shirt with Patch Pocket,672,1599,58,,,Black,https://assets.ajio.com/medias/sys_master/root/20230904/RtjL/64f5c686ddf7791519939647/jb_just_black_grey_men_slim_fit_shirt_with_patch_pocket.jpg,https://www.ajio.com/jb-just-black-men-slim-fit-shirt-with-patch-pocket/p/466524779_grey
ajio,466438369,Men,Shirts,THE BEAR HOUSE,THE BEAR HOUSE Multicoloured Men Checked Slim Fit Shirt with Patch Pocket,1497,2495,40,,,,https://assets.ajio.com/medias/sys_master/root/20230809/dSSA/64d395fca9b42d15c99dc7b2/the_bear_house_multicoloured_men_checked_slim_fit_shirt_with_patch_pocket.jpg,https://www.ajio.com/the-bear-house-men-checked-slim-fit-shirt-with-patch-pocket/p/466438369_multi
ajio,420428602,Men,Shirts,ALTAIR,ALTAIR Rust Men Checked Slim Fit Shirt,699,699,0,,,Rust,https://assets.ajio.com/medias/sys_master/root/20231006/mswj/65201facafa4cf41f52e6709/altair_rust_men_checked_slim_fit_shirt.jpg,https://www.ajio.com/altair-men-checked-slim-fit-shirt/p/420428602_rust
ajio,420401080,Men,Shirts,ACE MODE,ACE MODE Pink Men Checked Slim Fit Shirt,420,1049,60,,,Pink,https://assets.ajio.com/medias/sys_master/root/20230301/1R2q/63ff71d5f997dde6f4d4ea12/ace_mode_pink_men_checked_slim_fit_shirt.jpg,https://www.ajio.com/ace-mode-men-checked-slim-fit-shirt/p/420401080_pink
ajio,466387291,Men,Shirts,PARK AVENUE,PARK AVENUE Blue Men Micro Print Slim Fit Shirt with Patch Pocket,900,1999,55,,,Blue,https://assets.ajio.com/medias/sys_master/root/20230726/SNND/64c11fcceebac147fc8a2bcc/park_avenue_blue_men_micro_print_slim_fit_shirt_with_patch_pocket.jpg,https://www.ajio.com/park-avenue-men-micro-print-slim-fit-shirt-with-patch-pocket/p/466387291_blue
ajio,466401385,Men,Shirts,PARX,PARX Yellow Men Slim Fit Shirt with Patch Pocket,760,1899,60,,,Yellow,https://assets.ajio.com/medias/sys_master/root/20230731/RIRi/64c7a62ceebac147fc971586/parx_yellow_men_slim_fit_shirt_with_patch_pocket.jpg,https://www.ajio.com/parx-men-slim-fit-shirt-with-patch-pocket/p/466401385_yellow
ajio,463217455,Men,Shirts,Kuons Avenue,Kuons Avenue White Men Solid Slim Fit Shirt,1000,1999,50,,,White,https://assets.ajio.com/medias/sys_master/root/20230620/1Vi3/6492139942f9e729d757bedd/kuons_avenue_white_men_solid_slim_fit_shirt.jpg,https://www.ajio.com/kuons-avenue-men-solid-slim-fit-shirt/p/463217455_white
ajio,441207302,Men,Shirts,SIN,SIN White Men Printed Slim Fit Shirt,560,1399,60,,,White,https://assets.ajio.com/medias/sys_master/root/20220111/e5MT/61dc7fa6aeb2695cdd0c4c8a/sin_white_men_printed_slim_fit_shirt.jpg,https://www.ajio.com/sin-men-printed-slim-fit-shirt/p/441207302_white
ajio,469258742,Men,Shirts,VAN HEUSEN,VAN HEUSEN Brown Men Striped Slim Fit Shirt,2249,2999,25,,,Brown,https://assets.ajio.com/medias/sys_master/root/20220721/RhmF/62d98085f997dd03e2e7c720/van_heusen_brown_men_striped_slim_fit_shirt.jpg,https://www.ajio.com/van-heusen-men-striped-slim-fit-shirt/p/469258742_brown
ajio,442092584,Men,Shirts,SIN,SIN Yellow Men Checked Slim Fit Shirt,714,1699,58,,,Yellow,https://assets.ajio.com/medias/sys_master/root/20230531/s0df/647765a742f9e729d701de3c/sin_yellow_men_checked_slim_fit_shirt.jpg,https://www.ajio.com/sin-men-checked-slim-fit-shirt/p/442092584_yellow
ajio,466392132,Men,Shirts,PARX,PARX Green Men Slim Fit Shirt with Spread Collar,720,1799,60,,,Green,https://assets.ajio.com/medias/sys_master/root/20230727/Skql/64c273d4eebac147fc8ea7b0/parx_green_men_slim_fit_shirt_with_spread_collar.jpg,https://www.ajio.com/parx-men-slim-fit-shirt-with-spread-collar/p/466392132_green
ajio,466516652,Men,Shirts,V-VIVID WAVE,V-VIVID WAVE Navy Blue Men Checked Slim Fit Shirt with Patch Pocket,985,1790,45,,,Navy Blue,https://assets.ajio.com/medias/sys_master/root/20230831/9r8L/64f0968fafa4cf41f59a800d/v-vivid_wave_navy_blue_men_checked_slim_fit_shirt_with_patch_pocket.jpg,https://www.ajio.com/v-vivid-wave-men-checked-slim-fit-shirt-with-patch-pocket/p/466516652_navy
ajio,441148535,Men,Shirts,JOHN PLAYERS,JOHN PLAYERS White Men Slim Fit Shirt with Patch Pocket,800,1999,60,,,White,https://assets.ajio.com/medias/sys_master/root/20230125/u6Gb/63d106a6aeb269c651f82d99/john_players_white_men_slim_fit_shirt_with_patch_pocket.jpg,https://www.ajio.com/john-players-men-slim-fit-shirt-with-patch-pocket/p/441148535_white
ajio,441700603,Men,Shirts,INDIAN TERRAIN Ecru Melange,INDIAN TERRAIN Ecru Melange Men Printed Slim Fit Shirt,1118,2599,57,,,,https://assets.ajio.com/medias/sys_master/root/20230529/cfe2/6474c2ad42f9e729d7f20918/indian_terrain_ecru_melange_men_printed_slim_fit_shirt.jpg,https://www.ajio.com/indian-terrain-men-printed-slim-fit-shirt/p/441700603_ecrumelange
ajio,469483488,Men,Shirts,British Club,British Club Blue Men Checked Slim Fit Shirt with Patch Pocket,782,2299,66,,,Blue,https://assets.ajio.com/medias/sys_master/root/20230525/6VMl/646f92cbd55b7d0c63fd436f/british_club_blue_men_checked_slim_fit_shirt_with_patch_pocket.jpg,https://www.ajio.com/british-club-men-checked-slim-fit-shirt-with-patch-pocket/p/469483488_darkblue
ajio,464442614,Men,Shirts,Lee,Lee Blue Men Slim Fit Shirt with Patch Pocket,1300,2599,50,,,Blue,https://assets.ajio.com/medias/sys_master/root/20230623/ZaZc/6494e72e42f9e729d7828b17/lee_blue_men_slim_fit_shirt_with_patch_pocket.jpg,https://www.ajio.com/lee-men-slim-fit-shirt-with-patch-pocket/p/464442614_blue
